issuer_code,day_period,violation_code,count
330039,AM,13,5
330039,AM,14,45
330039,AM,16,5
330039,AM,17,27
330039,AM,19,15
330039,AM,20,8
330039,AM,40,11
330039,AM,46,1
330039,AM,50,4
330039,AM,53,4
330039,AM,61,1
330039,AM,64,5
330039,AM,66,4
330039,AM,67,2
330039,AM,70,1
330039,AM,71,4
330039,PM,10,2
330039,PM,13,12
330039,PM,14,247
330039,PM,16,111
330039,PM,17,64
330039,PM,19,26
330039,PM,20,194
330039,PM,23,2
330039,PM,24,1
330039,PM,31,46
330039,PM,38,2
330039,PM,40,49
330039,PM,46,10
330039,PM,47,2
330039,PM,48,5
330039,PM,49,1
330039,PM,50,5
330039,PM,51,1
330039,PM,53,4
330039,PM,61,1
330039,PM,64,4
330039,PM,66,11
330039,PM,67,2
330039,PM,69,3
330039,PM,70,12
330039,PM,71,24
330039,PM,74,2
330039,PM,75,2
330039,PM,82,2
330039,PM,84,5
330039,PM,98,1
330068,AM,10,1
330068,AM,11,1
330068,AM,13,11
330068,AM,14,243
330068,AM,16,3
330068,AM,17,26
330068,AM,18,2
330068,AM,19,16
330068,AM,20,1
330068,AM,31,76
330068,AM,37,10
330068,AM,38,25
330068,AM,40,8
330068,AM,42,118
330068,AM,46,4
330068,AM,47,99
330068,AM,48,13
330068,AM,50,3
330068,AM,51,5
330068,AM,69,455
330068,AM,70,4
330068,AM,71,13
330068,AM,82,7
330068,AM,84,15
330068,PM,14,39
330068,PM,17,5
330068,PM,19,4
330068,PM,31,22
330068,PM,37,7
330068,PM,38,17
330068,PM,40,5
330068,PM,42,47
330068,PM,47,20
330068,PM,48,4
330068,PM,69,63
330068,PM,70,2
330068,PM,71,1
330068,PM,84,1
330069,AM,10,7
330069,AM,13,13
330069,AM,14,241
330069,AM,17,11
330069,AM,18,1
330069,AM,19,11
330069,AM,20,4
330069,AM,31,56
330069,AM,37,1
330069,AM,38,51
330069,AM,40,33
330069,AM,42,61
330069,AM,46,58
330069,AM,47,228
330069,AM,69,749
330069,AM,70,2
330069,AM,84,45
330069,PM,10,2
330069,PM,14,31
330069,PM,17,3
330069,PM,19,3
330069,PM,31,20
330069,PM,37,1
330069,PM,38,17
330069,PM,40,8
330069,PM,42,22
330069,PM,46,13
330069,PM,47,58
330069,PM,69,141
330069,PM,74,1
330069,PM,84,6
330551,AM,14,8
330551,AM,16,73
330551,AM,17,7
330551,AM,20,264
330551,AM,21,136
330551,AM,38,5
330551,AM,40,3
330551,AM,48,1
330551,AM,51,1
330551,AM,70,3
330551,AM,71,15
330551,AM,74,3
330551,PM,14,29
330551,PM,16,802
330551,PM,17,22
330551,PM,19,8
330551,PM,20,166
330551,PM,37,44
330551,PM,38,32
330551,PM,40,47
330551,PM,46,15
330551,PM,51,7
330551,PM,70,18
330551,PM,71,46
330551,PM,74,2
330593,AM,10,1
330593,AM,13,1
330593,AM,14,311
330593,AM,17,10
330593,AM,19,11
330593,AM,20,1
330593,AM,31,61
330593,AM,37,8
330593,AM,38,12
330593,AM,40,5
330593,AM,42,252
330593,AM,47,127
330593,AM,48,13
330593,AM,50,1
330593,AM,64,26
330593,AM,69,727
330593,AM,70,8
330593,AM,71,29
330593,AM,74,3
330593,AM,75,1
330593,AM,82,2
330593,AM,84,40
330593,PM,14,32
330593,PM,19,3
330593,PM,31,22
330593,PM,37,10
330593,PM,38,8
330593,PM,40,2
330593,PM,42,40
330593,PM,47,13
330593,PM,51,2
330593,PM,64,5
330593,PM,69,78
330593,PM,71,3
330593,PM,74,1
330593,PM,84,1
330924,AM,11,2
330924,AM,13,9
330924,AM,14,515
330924,AM,16,6
330924,AM,17,8
330924,AM,19,34
330924,AM,20,3
330924,AM,22,1
330924,AM,24,1
330924,AM,31,151
330924,AM,40,24
330924,AM,42,32
330924,AM,46,6
330924,AM,47,333
330924,AM,50,5
330924,AM,51,1
330924,AM,69,491
330924,AM,70,5
330924,AM,71,20
330924,AM,82,6
330924,AM,98,1
330924,PM,14,52
330924,PM,16,9
330924,PM,19,21
330924,PM,20,2
330924,PM,31,50
330924,PM,37,8
330924,PM,38,36
330924,PM,40,1
330924,PM,42,5
330924,PM,46,3
330924,PM,47,28
330924,PM,50,1
330924,PM,69,34
330924,PM,70,1
330924,PM,71,6
330924,PM,74,1
330957,AM,14,1
330957,AM,31,1
330957,AM,42,2
330957,AM,69,5
330957,AM,84,1
330957,PM,10,1
330957,PM,13,1
330957,PM,14,280
330957,PM,16,1
330957,PM,17,37
330957,PM,19,21
330957,PM,20,7
330957,PM,31,321
330957,PM,37,18
330957,PM,38,39
330957,PM,40,27
330957,PM,42,161
330957,PM,46,72
330957,PM,47,37
330957,PM,48,6
330957,PM,50,12
330957,PM,51,3
330957,PM,52,1
330957,PM,67,1
330957,PM,69,357
330957,PM,70,3
330957,PM,71,22
330957,PM,79,2
330957,PM,82,48
330957,PM,83,1
330957,PM,84,4
330957,PM,89,2
330978,AM,8,11
330978,AM,10,23
330978,AM,11,1
330978,AM,13,6
330978,AM,14,308
330978,AM,16,24
330978,AM,17,10
330978,AM,18,1
330978,AM,19,49
330978,AM,20,90
330978,AM,21,203
330978,AM,31,39
330978,AM,37,1
330978,AM,38,42
330978,AM,40,30
330978,AM,42,9
330978,AM,46,9
330978,AM,47,183
330978,AM,48,14
330978,AM,50,1
330978,AM,51,6
330978,AM,53,2
330978,AM,60,1
330978,AM,64,3
330978,AM,66,6
330978,AM,69,81
330978,AM,70,9
330978,AM,71,29
330978,AM,74,2
330978,AM,75,2
330978,AM,82,1
330978,AM,84,54
330978,PM,8,1
330978,PM,10,11
330978,PM,13,1
330978,PM,14,100
330978,PM,16,15
330978,PM,17,12
330978,PM,19,13
330978,PM,20,24
330978,PM,21,1
330978,PM,31,71
330978,PM,37,4
330978,PM,38,32
330978,PM,40,11
330978,PM,42,7
330978,PM,46,1
330978,PM,47,37
330978,PM,48,3
330978,PM,50,1
330978,PM,51,1
330978,PM,53,1
330978,PM,64,1
330978,PM,66,1
330978,PM,69,29
330978,PM,70,3
330978,PM,71,23
330978,PM,74,3
330978,PM,75,1
330978,PM,84,11
330978,PM,98,1
331074,AM,10,9
331074,AM,11,2
331074,AM,13,7
331074,AM,14,169
331074,AM,16,8
331074,AM,17,9
331074,AM,19,13
331074,AM,20,44
331074,AM,21,162
331074,AM,31,7
331074,AM,37,1
331074,AM,38,40
331074,AM,40,17
331074,AM,47,31
331074,AM,48,7
331074,AM,51,13
331074,AM,53,1
331074,AM,66,20
331074,AM,69,40
331074,AM,70,8
331074,AM,71,56
331074,AM,74,4
331074,AM,82,2
331074,AM,84,12
331074,PM,10,2
331074,PM,13,3
331074,PM,14,42
331074,PM,16,7
331074,PM,17,6
331074,PM,19,2
331074,PM,20,11
331074,PM,21,2
331074,PM,31,4
331074,PM,38,12
331074,PM,40,23
331074,PM,47,3
331074,PM,48,4
331074,PM,50,3
331074,PM,51,1
331074,PM,61,1
331074,PM,64,1
331074,PM,66,4
331074,PM,69,16
331074,PM,70,9
331074,PM,71,43
331074,PM,74,4
331074,PM,84,2
331261,AM,13,1
331261,AM,14,427
331261,AM,16,78
331261,AM,17,15
331261,AM,19,9
331261,AM,20,3
331261,AM,31,429
331261,AM,40,3
331261,AM,46,2
331261,AM,47,79
331261,AM,51,1
331261,AM,69,271
331261,AM,70,2
331261,AM,74,15
331261,AM,82,662
331261,AM,84,10
331261,PM,14,26
331261,PM,19,1
331261,PM,31,25
331261,PM,47,5
331261,PM,69,8
331261,PM,74,2
331261,PM,82,30
331261,PM,84,1
331356,AM,14,21
331356,AM,16,6
331356,AM,19,3
331356,AM,20,9
331356,AM,31,1
331356,AM,37,1
331356,AM,38,20
331356,AM,40,9
331356,AM,46,3
331356,AM,47,4
331356,AM,48,4
331356,AM,70,1
331356,AM,71,6
331356,AM,74,4
331356,AM,83,4
331356,AM,84,2
331356,PM,10,7
331356,PM,13,8
331356,PM,14,247
331356,PM,16,109
331356,PM,17,10
331356,PM,19,9
331356,PM,20,173
331356,PM,24,7
331356,PM,31,77
331356,PM,37,3
331356,PM,38,22
331356,PM,40,54
331356,PM,45,7
331356,PM,46,16
331356,PM,47,16
331356,PM,48,13
331356,PM,50,1
331356,PM,51,11
331356,PM,53,2
331356,PM,60,1
331356,PM,61,2
331356,PM,64,1
331356,PM,66,1
331356,PM,70,10
331356,PM,71,28
331356,PM,74,7
331356,PM,75,1
331356,PM,82,5
331356,PM,83,29
331356,PM,84,13
331794,AM,11,1
331794,AM,14,16
331794,AM,16,38
331794,AM,17,2
331794,AM,18,1
331794,AM,19,9
331794,AM,20,17
331794,AM,21,30
331794,AM,24,1
331794,AM,37,81
331794,AM,38,108
331794,AM,40,16
331794,AM,46,2
331794,AM,48,1
331794,AM,53,5
331794,AM,69,1
331794,AM,70,11
331794,AM,71,15
331794,AM,74,4
331794,AM,82,4
331794,PM,10,5
331794,PM,13,6
331794,PM,14,133
331794,PM,16,68
331794,PM,17,16
331794,PM,18,1
331794,PM,19,32
331794,PM,20,82
331794,PM,21,24
331794,PM,24,5
331794,PM,37,394
331794,PM,38,484
331794,PM,39,9
331794,PM,40,63
331794,PM,42,1
331794,PM,46,17
331794,PM,48,6
331794,PM,50,2
331794,PM,51,2
331794,PM,53,8
331794,PM,69,2
331794,PM,70,43
331794,PM,71,65
331794,PM,74,15
331794,PM,82,18
331829,AM,10,1
331829,AM,11,14
331829,AM,13,39
331829,AM,14,84
331829,AM,17,41
331829,AM,19,12
331829,AM,27,1
331829,AM,31,31
331829,AM,37,2
331829,AM,38,15
331829,AM,40,65
331829,AM,42,3
331829,AM,46,9
331829,AM,47,32
331829,AM,48,1
331829,AM,50,3
331829,AM,51,2
331829,AM,60,1
331829,AM,61,3
331829,AM,64,5
331829,AM,69,26
331829,AM,70,7
331829,AM,71,31
331829,AM,82,19
331829,AM,83,32
331829,AM,84,2
331829,AM,89,11
331829,PM,9,12
331829,PM,10,2
331829,PM,11,5
331829,PM,13,50
331829,PM,14,262
331829,PM,17,49
331829,PM,19,17
331829,PM,20,6
331829,PM,31,273
331829,PM,37,3
331829,PM,38,12
331829,PM,40,61
331829,PM,42,56
331829,PM,46,17
331829,PM,47,13
331829,PM,48,4
331829,PM,50,7
331829,PM,51,45
331829,PM,61,1
331829,PM,64,3
331829,PM,67,1
331829,PM,69,107
331829,PM,70,8
331829,PM,71,24
331829,PM,74,2
331829,PM,82,54
331829,PM,83,9
331829,PM,84,2
331829,PM,89,65
332944,AM,4,1
332944,AM,8,11
332944,AM,10,13
332944,AM,13,4
332944,AM,14,266
332944,AM,16,99
332944,AM,17,12
332944,AM,18,23
332944,AM,19,30
332944,AM,20,80
332944,AM,21,25
332944,AM,31,106
332944,AM,38,29
332944,AM,40,14
332944,AM,42,1
332944,AM,46,26
332944,AM,47,25
332944,AM,48,4
332944,AM,50,2
332944,AM,51,11
332944,AM,53,2
332944,AM,61,1
332944,AM,64,8
332944,AM,66,15
332944,AM,69,34
332944,AM,70,19
332944,AM,71,59
332944,AM,72,1
332944,AM,74,15
332944,AM,77,13
332944,AM,79,1
332944,AM,82,73
332944,AM,83,5
332944,AM,84,10
332944,AM,89,1
332944,AM,98,1
332944,PM,8,3
332944,PM,10,3
332944,PM,14,109
332944,PM,16,47
332944,PM,17,3
332944,PM,18,3
332944,PM,19,21
332944,PM,20,30
332944,PM,21,2
332944,PM,23,2
332944,PM,31,67
332944,PM,37,3
332944,PM,38,15
332944,PM,40,5
332944,PM,46,19
332944,PM,47,6
332944,PM,48,2
332944,PM,51,7
332944,PM,53,1
332944,PM,64,2
332944,PM,66,1
332944,PM,67,1
332944,PM,69,16
332944,PM,70,5
332944,PM,71,25
332944,PM,74,5
332944,PM,77,11
332944,PM,82,26
332944,PM,83,1
332944,PM,84,1
341171,AM,11,20
341171,AM,13,8
341171,AM,14,617
341171,AM,16,214
341171,AM,17,74
341171,AM,19,28
341171,AM,20,199
341171,AM,21,174
341171,AM,23,7
341171,AM,31,2
341171,AM,37,79
341171,AM,38,402
341171,AM,40,27
341171,AM,43,47
341171,AM,46,1
341171,AM,48,21
341171,AM,50,5
341171,AM,51,3
341171,AM,53,3
341171,AM,61,1
341171,AM,69,308
341171,AM,70,26
341171,AM,71,55
341171,PM,11,1
341171,PM,13,1
341171,PM,14,83
341171,PM,16,5
341171,PM,17,6
341171,PM,19,14
341171,PM,20,15
341171,PM,21,1
341171,PM,23,1
341171,PM,37,23
341171,PM,38,111
341171,PM,40,6
341171,PM,43,5
341171,PM,48,9
341171,PM,53,2
341171,PM,69,35
341171,PM,70,3
341171,PM,71,5
341240,AM,14,9
341240,AM,17,3
341240,AM,31,2
341240,AM,40,5
341240,AM,42,3
341240,AM,50,2
341240,AM,69,4
341240,AM,82,1
341240,PM,14,581
341240,PM,16,1
341240,PM,17,14
341240,PM,19,20
341240,PM,20,4
341240,PM,31,271
341240,PM,35,2
341240,PM,38,2
341240,PM,40,22
341240,PM,42,316
341240,PM,43,1
341240,PM,46,9
341240,PM,47,154
341240,PM,48,16
341240,PM,50,20
341240,PM,51,3
341240,PM,64,24
341240,PM,67,1
341240,PM,69,407
341240,PM,70,10
341240,PM,71,18
341240,PM,74,3
341240,PM,82,25
341240,PM,84,6
341891,AM,8,9
341891,AM,9,18
341891,AM,13,16
341891,AM,14,225
341891,AM,17,20
341891,AM,19,7
341891,AM,20,3
341891,AM,31,165
341891,AM,38,4
341891,AM,40,9
341891,AM,42,73
341891,AM,46,28
341891,AM,47,125
341891,AM,48,2
341891,AM,50,1
341891,AM,51,1
341891,AM,64,15
341891,AM,69,694
341891,AM,70,9
341891,AM,71,12
341891,AM,74,4
341891,AM,82,17
341891,AM,83,1
341891,AM,84,18
341891,AM,89,21
341891,PM,13,5
341891,PM,14,17
341891,PM,17,1
341891,PM,19,1
341891,PM,31,21
341891,PM,42,11
341891,PM,47,6
341891,PM,69,22
341891,PM,71,2
341891,PM,82,1
341891,PM,89,1
341964,AM,13,21
341964,AM,14,521
341964,AM,16,2
341964,AM,17,20
341964,AM,18,2
341964,AM,19,17
341964,AM,20,2
341964,AM,31,74
341964,AM,38,13
341964,AM,40,35
341964,AM,42,82
341964,AM,46,1
341964,AM,47,195
341964,AM,50,5
341964,AM,64,18
341964,AM,69,903
341964,AM,70,2
341964,AM,74,1
341964,AM,81,1
341964,AM,84,25
341964,PM,13,2
341964,PM,14,40
341964,PM,17,2
341964,PM,19,1
341964,PM,31,22
341964,PM,37,2
341964,PM,38,3
341964,PM,40,2
341964,PM,42,22
341964,PM,47,12
341964,PM,64,2
341964,PM,69,80
341964,PM,70,1
343455,AM,4,3
343455,AM,8,15
343455,AM,10,8
343455,AM,11,13
343455,AM,13,8
343455,AM,14,359
343455,AM,16,31
343455,AM,17,20
343455,AM,18,3
343455,AM,19,23
343455,AM,20,29
343455,AM,21,36
343455,AM,31,56
343455,AM,35,4
343455,AM,37,4
343455,AM,38,30
343455,AM,40,17
343455,AM,42,36
343455,AM,46,8
343455,AM,47,96
343455,AM,48,9
343455,AM,51,9
343455,AM,61,5
343455,AM,64,5
343455,AM,66,39
343455,AM,67,3
343455,AM,69,195
343455,AM,70,25
343455,AM,71,60
343455,AM,72,1
343455,AM,73,2
343455,AM,74,11
343455,AM,82,24
343455,AM,83,30
343455,AM,84,18
343455,AM,85,1
343455,AM,89,25
343455,PM,8,1
343455,PM,11,2
343455,PM,13,7
343455,PM,14,109
343455,PM,16,17
343455,PM,17,5
343455,PM,19,10
343455,PM,20,15
343455,PM,21,3
343455,PM,31,18
343455,PM,37,5
343455,PM,38,6
343455,PM,40,7
343455,PM,42,5
343455,PM,46,4
343455,PM,47,7
343455,PM,48,1
343455,PM,51,3
343455,PM,52,1
343455,PM,69,32
343455,PM,70,8
343455,PM,71,32
343455,PM,74,2
343455,PM,82,8
343455,PM,83,8
343455,PM,84,4
343455,PM,85,1
343455,PM,89,9
343930,AM,8,1
343930,AM,10,13
343930,AM,13,8
343930,AM,14,118
343930,AM,16,127
343930,AM,17,7
343930,AM,18,8
343930,AM,19,44
343930,AM,20,28
343930,AM,21,442
343930,AM,37,59
343930,AM,38,200
343930,AM,40,43
343930,AM,46,28
343930,AM,48,9
343930,AM,50,1
343930,AM,51,1
343930,AM,53,3
343930,AM,61,1
343930,AM,67,1
343930,AM,69,5
343930,AM,70,12
343930,AM,71,27
343930,AM,72,1
343930,AM,73,1
343930,AM,74,6
343930,AM,82,8
343930,AM,83,19
343930,AM,84,26
343930,AM,98,2
343930,PM,10,1
343930,PM,13,2
343930,PM,14,9
343930,PM,16,21
343930,PM,19,29
343930,PM,20,6
343930,PM,21,13
343930,PM,37,20
343930,PM,38,31
343930,PM,39,3
343930,PM,40,19
343930,PM,46,29
343930,PM,70,2
343930,PM,71,4
343930,PM,74,1
343930,PM,82,2
343930,PM,83,1
343930,PM,84,1
345369,AM,8,1
345369,AM,13,19
345369,AM,14,738
345369,AM,17,36
345369,AM,18,1
345369,AM,19,21
345369,AM,20,11
345369,AM,31,29
345369,AM,37,4
345369,AM,38,33
345369,AM,40,20
345369,AM,42,39
345369,AM,46,3
345369,AM,47,297
345369,AM,50,2
345369,AM,51,7
345369,AM,60,9
345369,AM,61,1
345369,AM,64,1
345369,AM,69,536
345369,AM,70,4
345369,AM,71,3
345369,AM,74,1
345369,AM,84,117
345369,PM,13,2
345369,PM,14,57
345369,PM,17,6
345369,PM,19,2
345369,PM,31,3
345369,PM,37,2
345369,PM,38,2
345369,PM,40,1
345369,PM,42,4
345369,PM,47,22
345369,PM,69,30
345369,PM,70,1
345369,PM,84,2
345388,AM,8,3
345388,AM,10,6
345388,AM,11,6
345388,AM,13,8
345388,AM,14,291
345388,AM,16,5
345388,AM,17,8
345388,AM,19,17
345388,AM,20,2
345388,AM,21,2
345388,AM,31,78
345388,AM,37,1
345388,AM,38,3
345388,AM,40,15
345388,AM,42,56
345388,AM,46,7
345388,AM,47,189
345388,AM,53,1
345388,AM,64,10
345388,AM,69,505
345388,AM,70,5
345388,AM,71,29
345388,AM,74,8
345388,AM,82,19
345388,AM,84,69
345388,AM,89,4
345388,PM,13,1
345388,PM,14,17
345388,PM,17,1
345388,PM,31,19
345388,PM,37,2
345388,PM,38,1
345388,PM,40,1
345388,PM,42,21
345388,PM,46,1
345388,PM,47,27
345388,PM,64,1
345388,PM,69,34
345388,PM,70,2
345388,PM,71,3
345388,PM,74,3
345388,PM,82,1
345388,PM,84,3
345388,PM,89,1
345513,AM,10,6
345513,AM,11,9
345513,AM,13,17
345513,AM,14,385
345513,AM,17,12
345513,AM,19,30
345513,AM,20,3
345513,AM,21,9
345513,AM,23,1
345513,AM,31,59
345513,AM,37,2
345513,AM,38,12
345513,AM,39,1
345513,AM,40,25
345513,AM,42,166
345513,AM,47,222
345513,AM,48,4
345513,AM,50,4
345513,AM,51,11
345513,AM,59,1
345513,AM,60,1
345513,AM,64,21
345513,AM,69,618
345513,AM,70,8
345513,AM,71,33
345513,AM,74,5
345513,AM,82,6
345513,AM,84,76
345513,PM,10,2
345513,PM,11,1
345513,PM,13,4
345513,PM,14,62
345513,PM,17,3
345513,PM,19,7
345513,PM,20,3
345513,PM,31,21
345513,PM,37,3
345513,PM,38,6
345513,PM,40,5
345513,PM,42,43
345513,PM,46,2
345513,PM,47,33
345513,PM,51,1
345513,PM,64,1
345513,PM,69,76
345513,PM,70,2
345513,PM,71,11
345513,PM,82,1
345513,PM,84,9
345535,AM,10,22
345535,AM,13,2
345535,AM,14,149
345535,AM,16,39
345535,AM,17,3
345535,AM,18,19
345535,AM,19,64
345535,AM,20,12
345535,AM,21,46
345535,AM,31,3
345535,AM,40,40
345535,AM,45,1
345535,AM,46,14
345535,AM,47,1
345535,AM,48,1
345535,AM,50,4
345535,AM,51,2
345535,AM,59,1
345535,AM,70,6
345535,AM,71,4
345535,AM,74,1
345535,AM,82,1
345535,AM,84,5
345535,PM,10,68
345535,PM,13,1
345535,PM,14,384
345535,PM,16,33
345535,PM,17,20
345535,PM,18,79
345535,PM,19,145
345535,PM,20,71
345535,PM,31,2
345535,PM,40,177
345535,PM,46,73
345535,PM,48,18
345535,PM,50,9
345535,PM,51,9
345535,PM,53,1
345535,PM,59,2
345535,PM,60,2
345535,PM,61,2
345535,PM,64,4
345535,PM,67,8
345535,PM,70,8
345535,PM,71,7
345535,PM,73,1
345535,PM,74,5
345535,PM,82,12
345535,PM,83,2
345535,PM,84,10
345551,AM,8,32
345551,AM,9,2
345551,AM,10,22
345551,AM,11,4
345551,AM,13,7
345551,AM,14,688
345551,AM,16,9
345551,AM,17,6
345551,AM,18,14
345551,AM,19,35
345551,AM,20,9
345551,AM,21,264
345551,AM,31,33
345551,AM,38,6
345551,AM,40,19
345551,AM,45,2
345551,AM,46,54
345551,AM,47,163
345551,AM,48,28
345551,AM,50,5
345551,AM,51,27
345551,AM,52,1
345551,AM,53,4
345551,AM,60,2
345551,AM,61,6
345551,AM,64,6
345551,AM,66,34
345551,AM,69,31
345551,AM,70,6
345551,AM,71,20
345551,AM,74,5
345551,AM,75,1
345551,AM,77,1
345551,AM,82,6
345551,AM,83,4
345551,AM,84,86
345551,AM,89,7
345551,AM,98,3
345551,PM,8,1
345551,PM,9,2
345551,PM,10,2
345551,PM,11,2
345551,PM,13,5
345551,PM,14,131
345551,PM,16,5
345551,PM,19,17
345551,PM,20,2
345551,PM,21,13
345551,PM,31,26
345551,PM,38,2
345551,PM,40,4
345551,PM,42,1
345551,PM,46,4
345551,PM,47,20
345551,PM,48,4
345551,PM,51,1
345551,PM,53,1
345551,PM,61,2
345551,PM,66,2
345551,PM,69,11
345551,PM,70,2
345551,PM,71,7
345551,PM,77,2
345551,PM,82,1
345551,PM,83,1
345551,PM,84,11
345557,AM,8,4
345557,AM,10,3
345557,AM,13,4
345557,AM,14,118
345557,AM,16,5
345557,AM,17,5
345557,AM,18,1
345557,AM,19,10
345557,AM,20,4
345557,AM,21,33
345557,AM,31,48
345557,AM,38,15
345557,AM,40,19
345557,AM,42,9
345557,AM,46,5
345557,AM,47,34
345557,AM,48,4
345557,AM,51,9
345557,AM,69,371
345557,AM,70,5
345557,AM,71,8
345557,AM,74,5
345557,AM,82,5
345557,AM,83,1
345557,AM,84,19
345557,AM,89,3
345557,PM,10,2
345557,PM,14,27
345557,PM,17,1
345557,PM,19,6
345557,PM,20,3
345557,PM,31,10
345557,PM,38,10
345557,PM,40,6
345557,PM,42,7
345557,PM,47,8
345557,PM,48,3
345557,PM,51,1
345557,PM,61,1
345557,PM,69,58
345557,PM,70,3
345557,PM,71,4
345557,PM,84,3
345557,PM,89,2
346045,AM,13,1
346045,AM,14,180
346045,AM,16,41
346045,AM,17,14
346045,AM,19,64
346045,AM,20,39
346045,AM,21,215
346045,AM,34,1
346045,AM,37,163
346045,AM,38,297
346045,AM,40,48
346045,AM,45,273
346045,AM,46,38
346045,AM,50,2
346045,AM,60,2
346045,AM,70,10
346045,AM,71,24
346045,AM,74,2
346045,AM,84,26
346045,PM,14,9
346045,PM,19,3
346045,PM,20,1
346045,PM,21,2
346045,PM,37,10
346045,PM,38,6
346045,PM,45,16
346045,PM,46,1
346045,PM,50,2
346045,PM,69,1
346045,PM,84,2
346086,AM,10,11
346086,AM,14,372
346086,AM,16,516
346086,AM,17,7
346086,AM,18,2
346086,AM,19,46
346086,AM,20,110
346086,AM,21,566
346086,AM,31,1
346086,AM,37,56
346086,AM,38,155
346086,AM,40,141
346086,AM,46,46
346086,AM,48,11
346086,AM,50,13
346086,AM,51,11
346086,AM,53,2
346086,AM,64,1
346086,AM,69,1
346086,AM,70,10
346086,AM,71,42
346086,AM,72,1
346086,AM,74,4
346086,AM,75,1
346086,AM,82,5
346086,AM,84,25
346086,PM,10,1
346086,PM,13,1
346086,PM,14,46
346086,PM,16,92
346086,PM,17,2
346086,PM,19,24
346086,PM,20,35
346086,PM,21,25
346086,PM,31,1
346086,PM,37,3
346086,PM,38,20
346086,PM,40,27
346086,PM,45,2
346086,PM,46,18
346086,PM,48,3
346086,PM,50,5
346086,PM,51,2
346086,PM,70,1
346086,PM,71,5
346086,PM,72,1
346086,PM,74,1
346086,PM,82,2
346086,PM,84,5
346157,AM,10,23
346157,AM,13,10
346157,AM,14,328
346157,AM,16,405
346157,AM,17,51
346157,AM,19,32
346157,AM,20,150
346157,AM,21,212
346157,AM,24,2
346157,AM,31,18
346157,AM,37,101
346157,AM,38,260
346157,AM,40,20
346157,AM,42,23
346157,AM,46,20
346157,AM,48,6
346157,AM,50,2
346157,AM,51,5
346157,AM,53,5
346157,AM,69,66
346157,AM,70,21
346157,AM,71,41
346157,AM,74,2
346157,AM,82,24
346157,AM,84,4
346157,PM,10,5
346157,PM,13,2
346157,PM,14,42
346157,PM,16,26
346157,PM,17,13
346157,PM,19,4
346157,PM,20,16
346157,PM,31,8
346157,PM,37,37
346157,PM,38,40
346157,PM,40,6
346157,PM,42,4
346157,PM,46,5
346157,PM,48,2
346157,PM,51,4
346157,PM,53,2
346157,PM,69,12
346157,PM,70,2
346157,PM,71,8
346157,PM,74,1
346157,PM,82,2
346166,AM,8,27
346166,AM,10,4
346166,AM,11,3
346166,AM,13,21
346166,AM,14,747
346166,AM,16,4
346166,AM,17,45
346166,AM,19,31
346166,AM,20,9
346166,AM,21,2
346166,AM,31,177
346166,AM,37,7
346166,AM,38,47
346166,AM,40,10
346166,AM,42,125
346166,AM,46,63
346166,AM,47,342
346166,AM,48,12
346166,AM,50,11
346166,AM,51,9
346166,AM,64,3
346166,AM,69,693
346166,AM,70,15
346166,AM,71,25
346166,AM,74,3
346166,AM,75,1
346166,AM,82,50
346166,AM,83,8
346166,AM,84,65
346166,PM,8,1
346166,PM,13,1
346166,PM,14,70
346166,PM,16,1
346166,PM,17,2
346166,PM,19,4
346166,PM,20,1
346166,PM,31,36
346166,PM,38,1
346166,PM,40,3
346166,PM,42,21
346166,PM,46,4
346166,PM,47,21
346166,PM,50,1
346166,PM,69,43
346166,PM,70,3
346166,PM,71,3
346166,PM,82,6
346166,PM,84,2
346167,AM,10,6
346167,AM,11,5
346167,AM,13,22
346167,AM,14,550
346167,AM,17,18
346167,AM,19,23
346167,AM,20,3
346167,AM,31,67
346167,AM,37,1
346167,AM,38,16
346167,AM,40,26
346167,AM,42,110
346167,AM,46,3
346167,AM,47,295
346167,AM,48,4
346167,AM,49,1
346167,AM,51,2
346167,AM,53,1
346167,AM,64,22
346167,AM,69,671
346167,AM,70,10
346167,AM,71,19
346167,AM,73,1
346167,AM,74,4
346167,AM,82,15
346167,AM,84,79
346167,AM,98,3
346167,PM,10,2
346167,PM,13,6
346167,PM,14,70
346167,PM,17,3
346167,PM,19,2
346167,PM,31,10
346167,PM,37,1
346167,PM,38,1
346167,PM,40,4
346167,PM,42,43
346167,PM,47,38
346167,PM,48,2
346167,PM,53,1
346167,PM,69,64
346167,PM,71,4
346167,PM,84,9
346192,AM,8,4
346192,AM,10,1
346192,AM,13,55
346192,AM,14,266
346192,AM,16,9
346192,AM,17,11
346192,AM,19,24
346192,AM,20,3
346192,AM,31,71
346192,AM,38,2
346192,AM,40,19
346192,AM,42,81
346192,AM,46,8
346192,AM,47,126
346192,AM,48,6
346192,AM,51,2
346192,AM,64,5
346192,AM,69,650
346192,AM,70,8
346192,AM,71,20
346192,AM,82,4
346192,AM,83,1
346192,AM,84,9
346192,AM,89,46
346192,PM,13,19
346192,PM,14,20
346192,PM,17,1
346192,PM,19,2
346192,PM,20,2
346192,PM,31,28
346192,PM,40,5
346192,PM,42,33
346192,PM,47,13
346192,PM,51,2
346192,PM,69,40
346192,PM,71,4
346192,PM,82,3
346192,PM,84,2
346192,PM,89,18
346204,AM,8,1
346204,AM,10,11
346204,AM,11,5
346204,AM,13,9
346204,AM,14,748
346204,AM,16,54
346204,AM,17,8
346204,AM,18,68
346204,AM,19,82
346204,AM,20,3
346204,AM,21,66
346204,AM,31,26
346204,AM,40,18
346204,AM,46,37
346204,AM,47,223
346204,AM,48,8
346204,AM,50,3
346204,AM,51,6
346204,AM,53,3
346204,AM,60,2
346204,AM,61,5
346204,AM,66,5
346204,AM,69,1
346204,AM,70,6
346204,AM,71,6
346204,AM,72,1
346204,AM,73,5
346204,AM,74,2
346204,AM,77,30
346204,AM,80,2
346204,AM,82,35
346204,AM,84,38
346204,AM,89,14
346204,PM,9,15
346204,PM,10,1
346204,PM,13,1
346204,PM,14,37
346204,PM,16,9
346204,PM,17,7
346204,PM,18,2
346204,PM,19,10
346204,PM,20,9
346204,PM,31,6
346204,PM,40,3
346204,PM,46,8
346204,PM,47,9
346204,PM,53,1
346204,PM,60,1
346204,PM,69,1
346204,PM,77,25
346204,PM,82,1
346204,PM,89,3
346357,AM,13,10
346357,AM,14,302
346357,AM,16,766
346357,AM,17,11
346357,AM,19,52
346357,AM,20,89
346357,AM,21,284
346357,AM,24,4
346357,AM,31,5
346357,AM,37,78
346357,AM,38,223
346357,AM,40,33
346357,AM,42,1
346357,AM,46,91
346357,AM,50,1
346357,AM,51,1
346357,AM,59,3
346357,AM,64,5
346357,AM,67,1
346357,AM,69,11
346357,AM,70,25
346357,AM,71,16
346357,AM,73,3
346357,AM,74,3
346357,AM,82,10
346357,AM,83,2
346357,AM,84,25
346357,PM,14,27
346357,PM,16,40
346357,PM,17,5
346357,PM,19,32
346357,PM,20,10
346357,PM,24,1
346357,PM,31,1
346357,PM,37,23
346357,PM,38,47
346357,PM,40,17
346357,PM,46,42
346357,PM,60,1
346357,PM,70,6
346357,PM,71,2
346357,PM,82,2
346357,PM,84,5
347576,AM,13,2
347576,AM,19,1
347576,AM,46,1
347576,PM,9,6
347576,PM,10,2
347576,PM,13,11
347576,PM,14,154
347576,PM,16,15
347576,PM,17,4
347576,PM,18,33
347576,PM,19,29
347576,PM,20,9
347576,PM,23,1
347576,PM,31,70
347576,PM,35,1
347576,PM,37,1
347576,PM,38,9
347576,PM,40,8
347576,PM,42,21
347576,PM,43,1
347576,PM,46,10
347576,PM,50,2
347576,PM,69,74
347576,PM,70,8
347576,PM,71,25
347576,PM,73,1
347576,PM,81,2
347576,PM,82,5
347576,PM,84,10
347581,AM,16,2
347581,AM,20,1
347581,AM,37,9
347581,AM,38,22
347581,PM,10,4
347581,PM,14,26
347581,PM,16,33
347581,PM,17,16
347581,PM,19,12
347581,PM,20,9
347581,PM,21,8
347581,PM,37,132
347581,PM,38,228
347581,PM,40,7
347581,PM,42,2
347581,PM,46,6
347581,PM,48,3
347581,PM,50,5
347581,PM,69,1
347581,PM,70,6
347581,PM,71,2
347581,PM,74,6
347594,AM,13,2
347594,AM,14,135
347594,AM,17,12
347594,AM,19,5
347594,AM,31,16
347594,AM,40,10
347594,AM,42,11
347594,AM,46,2
347594,AM,47,44
347594,AM,48,1
347594,AM,53,2
347594,AM,64,6
347594,AM,69,106
347594,AM,71,2
347594,AM,74,1
347594,AM,82,47
347594,AM,84,6
347594,AM,89,15
347594,PM,10,35
347594,PM,11,2
347594,PM,13,2
347594,PM,14,291
347594,PM,16,33
347594,PM,17,24
347594,PM,18,1
347594,PM,19,27
347594,PM,20,16
347594,PM,31,73
347594,PM,37,5
347594,PM,38,17
347594,PM,40,27
347594,PM,42,25
347594,PM,46,73
347594,PM,47,28
347594,PM,48,30
347594,PM,50,1
347594,PM,51,23
347594,PM,53,2
347594,PM,62,3
347594,PM,64,1
347594,PM,67,4
347594,PM,69,73
347594,PM,70,4
347594,PM,71,5
347594,PM,74,2
347594,PM,77,3
347594,PM,82,163
347594,PM,84,9
347594,PM,89,21
347679,AM,10,32
347679,AM,13,17
347679,AM,14,430
347679,AM,19,26
347679,AM,31,51
347679,AM,40,8
347679,AM,42,1
347679,AM,45,1
347679,AM,47,194
347679,AM,48,1
347679,AM,64,23
347679,AM,69,588
347679,AM,70,7
347679,AM,71,9
347679,AM,74,4
347679,AM,82,2
347679,AM,83,1
347679,AM,84,114
347679,AM,89,1
347679,PM,19,1
348515,AM,10,4
348515,AM,11,3
348515,AM,13,14
348515,AM,14,206
348515,AM,16,58
348515,AM,17,34
348515,AM,18,1
348515,AM,19,70
348515,AM,20,346
348515,AM,21,434
348515,AM,31,3
348515,AM,37,196
348515,AM,38,435
348515,AM,39,7
348515,AM,40,72
348515,AM,45,2
348515,AM,46,39
348515,AM,48,11
348515,AM,50,20
348515,AM,51,5
348515,AM,53,2
348515,AM,64,17
348515,AM,67,3
348515,AM,69,2
348515,AM,70,35
348515,AM,71,87
348515,AM,73,4
348515,AM,74,8
348515,AM,75,2
348515,AM,79,1
348515,AM,82,8
348515,AM,83,3
348515,AM,84,5
348515,AM,98,1
348515,PM,13,1
348515,PM,14,19
348515,PM,16,7
348515,PM,17,2
348515,PM,19,15
348515,PM,20,17
348515,PM,21,25
348515,PM,37,10
348515,PM,38,20
348515,PM,40,11
348515,PM,46,3
348515,PM,50,2
348515,PM,64,1
348515,PM,70,1
348515,PM,71,2
348515,PM,82,2
348553,PM,9,2
348553,PM,10,6
348553,PM,11,6
348553,PM,13,13
348553,PM,14,98
348553,PM,17,16
348553,PM,19,1
348553,PM,20,11
348553,PM,21,1
348553,PM,31,111
348553,PM,34,1
348553,PM,37,29
348553,PM,38,57
348553,PM,39,14
348553,PM,40,3
348553,PM,42,79
348553,PM,45,4
348553,PM,46,14
348553,PM,47,55
348553,PM,69,468
348553,PM,81,6
348553,PM,84,1
349904,AM,8,3
349904,AM,10,2
349904,AM,11,3
349904,AM,13,31
349904,AM,14,643
349904,AM,17,19
349904,AM,19,19
349904,AM,20,7
349904,AM,31,282
349904,AM,37,2
349904,AM,38,22
349904,AM,40,30
349904,AM,42,76
349904,AM,43,1
349904,AM,46,20
349904,AM,47,206
349904,AM,48,18
349904,AM,50,7
349904,AM,51,2
349904,AM,64,26
349904,AM,67,1
349904,AM,69,540
349904,AM,70,15
349904,AM,71,30
349904,AM,81,1
349904,AM,82,40
349904,AM,83,5
349904,AM,84,3
349904,PM,13,1
349904,PM,14,46
349904,PM,17,2
349904,PM,19,4
349904,PM,31,45
349904,PM,38,3
349904,PM,40,2
349904,PM,42,12
349904,PM,46,5
349904,PM,47,18
349904,PM,48,2
349904,PM,64,2
349904,PM,69,31
349904,PM,71,2
349904,PM,74,1
349904,PM,82,2
350307,AM,10,87
350307,AM,13,1
350307,AM,14,156
350307,AM,16,317
350307,AM,17,3
350307,AM,18,40
350307,AM,19,55
350307,AM,20,75
350307,AM,21,679
350307,AM,24,9
350307,AM,31,4
350307,AM,37,77
350307,AM,38,223
350307,AM,39,5
350307,AM,40,60
350307,AM,42,1
350307,AM,43,1
350307,AM,46,62
350307,AM,48,11
350307,AM,50,11
350307,AM,51,10
350307,AM,53,10
350307,AM,61,1
350307,AM,69,37
350307,AM,70,29
350307,AM,71,70
350307,AM,73,3
350307,AM,74,19
350307,AM,75,2
350307,AM,82,12
350307,AM,84,70
350307,PM,10,3
350307,PM,13,1
350307,PM,14,31
350307,PM,16,42
350307,PM,17,4
350307,PM,19,15
350307,PM,20,19
350307,PM,21,1
350307,PM,24,1
350307,PM,31,4
350307,PM,37,31
350307,PM,38,47
350307,PM,39,4
350307,PM,40,16
350307,PM,46,24
350307,PM,50,6
350307,PM,51,2
350307,PM,53,3
350307,PM,69,8
350307,PM,70,8
350307,PM,71,7
350307,PM,74,3
350307,PM,82,3
350307,PM,84,3
350513,AM,10,10
350513,AM,13,15
350513,AM,14,141
350513,AM,16,845
350513,AM,17,4
350513,AM,19,18
350513,AM,20,227
350513,AM,21,98
350513,AM,37,21
350513,AM,38,101
350513,AM,39,26
350513,AM,40,45
350513,AM,46,15
350513,AM,47,1
350513,AM,50,7
350513,AM,51,13
350513,AM,64,4
350513,AM,69,2
350513,AM,70,12
350513,AM,71,26
350513,AM,74,8
350513,AM,75,1
350513,AM,81,2
350513,AM,82,24
350513,AM,84,31
350513,PM,10,1
350513,PM,14,21
350513,PM,16,64
350513,PM,17,1
350513,PM,18,1
350513,PM,19,4
350513,PM,20,9
350513,PM,21,1
350513,PM,23,1
350513,PM,37,7
350513,PM,38,12
350513,PM,39,3
350513,PM,46,2
350513,PM,51,2
350513,PM,69,2
350513,PM,70,1
350513,PM,71,2
350513,PM,74,2
350513,PM,82,3
350513,PM,84,1
350513,PM,86,1
351202,AM,8,18
351202,AM,9,19
351202,AM,10,5
351202,AM,11,7
351202,AM,13,6
351202,AM,14,283
351202,AM,17,13
351202,AM,19,25
351202,AM,20,16
351202,AM,31,74
351202,AM,37,1
351202,AM,38,17
351202,AM,40,25
351202,AM,42,85
351202,AM,45,1
351202,AM,46,8
351202,AM,47,125
351202,AM,48,6
351202,AM,50,10
351202,AM,51,2
351202,AM,53,1
351202,AM,60,1
351202,AM,64,6
351202,AM,69,356
351202,AM,70,5
351202,AM,71,4
351202,AM,74,1
351202,AM,81,1
351202,AM,82,30
351202,AM,84,46
351202,AM,89,2
351202,PM,8,1
351202,PM,9,8
351202,PM,14,30
351202,PM,17,2
351202,PM,19,3
351202,PM,20,5
351202,PM,31,28
351202,PM,37,2
351202,PM,38,5
351202,PM,40,3
351202,PM,42,24
351202,PM,46,7
351202,PM,47,16
351202,PM,48,1
351202,PM,50,3
351202,PM,51,1
351202,PM,69,46
351202,PM,70,2
351202,PM,71,1
351202,PM,82,2
351202,PM,84,3
351262,AM,10,13
351262,AM,14,60
351262,AM,16,27
351262,AM,17,5
351262,AM,19,21
351262,AM,20,7
351262,AM,21,8
351262,AM,31,4
351262,AM,37,196
351262,AM,38,224
351262,AM,40,129
351262,AM,42,3
351262,AM,46,34
351262,AM,48,15
351262,AM,50,10
351262,AM,53,14
351262,AM,69,10
351262,AM,70,19
351262,AM,71,24
351262,AM,74,9
351262,AM,84,28
351262,PM,10,11
351262,PM,13,1
351262,PM,14,119
351262,PM,16,230
351262,PM,17,10
351262,PM,19,33
351262,PM,20,77
351262,PM,21,2
351262,PM,31,8
351262,PM,37,213
351262,PM,38,257
351262,PM,40,188
351262,PM,42,8
351262,PM,46,56
351262,PM,48,14
351262,PM,50,6
351262,PM,51,1
351262,PM,53,22
351262,PM,69,23
351262,PM,70,23
351262,PM,71,37
351262,PM,74,9
351262,PM,84,32
351315,AM,10,34
351315,AM,11,2
351315,AM,13,3
351315,AM,14,222
351315,AM,16,175
351315,AM,17,16
351315,AM,19,82
351315,AM,20,64
351315,AM,21,592
351315,AM,24,6
351315,AM,37,203
351315,AM,38,312
351315,AM,39,1
351315,AM,40,124
351315,AM,46,33
351315,AM,48,2
351315,AM,50,17
351315,AM,53,13
351315,AM,67,8
351315,AM,70,23
351315,AM,71,19
351315,AM,74,2
351315,AM,82,1
351315,AM,84,54
351315,PM,10,1
351315,PM,14,20
351315,PM,16,23
351315,PM,17,18
351315,PM,19,30
351315,PM,20,21
351315,PM,21,1
351315,PM,37,44
351315,PM,38,51
351315,PM,40,21
351315,PM,46,24
351315,PM,50,3
351315,PM,70,3
351315,PM,71,2
351315,PM,74,1
351315,PM,84,9
351933,AM,10,2
351933,AM,13,3
351933,AM,14,4
351933,AM,19,1
351933,AM,20,1
351933,AM,31,10
351933,AM,40,1
351933,AM,42,1
351933,AM,46,1
351933,AM,47,6
351933,AM,53,1
351933,AM,69,15
351933,AM,71,4
351933,PM,10,27
351933,PM,11,18
351933,PM,13,36
351933,PM,14,299
351933,PM,16,2
351933,PM,17,3
351933,PM,19,43
351933,PM,20,3
351933,PM,31,704
351933,PM,37,1
351933,PM,38,1
351933,PM,40,55
351933,PM,42,171
351933,PM,46,28
351933,PM,47,78
351933,PM,48,24
351933,PM,50,2
351933,PM,51,3
351933,PM,53,6
351933,PM,67,2
351933,PM,69,469
351933,PM,70,17
351933,PM,71,32
351933,PM,73,1
351933,PM,77,13
351933,PM,82,4
351933,PM,84,6
351933,PM,89,2
352012,AM,10,9
352012,AM,13,7
352012,AM,14,384
352012,AM,16,6
352012,AM,17,9
352012,AM,19,57
352012,AM,31,34
352012,AM,38,4
352012,AM,40,8
352012,AM,42,2
352012,AM,46,1
352012,AM,47,166
352012,AM,50,5
352012,AM,51,1
352012,AM,60,1
352012,AM,69,477
352012,AM,70,2
352012,AM,71,10
352012,AM,74,3
352012,AM,84,23
352991,AM,8,1
352991,AM,14,27
352991,AM,16,5
352991,AM,17,2
352991,AM,19,5
352991,AM,20,2
352991,AM,31,8
352991,AM,37,1
352991,AM,38,9
352991,AM,40,2
352991,AM,46,12
352991,AM,47,3
352991,AM,48,2
352991,AM,51,2
352991,AM,64,2
352991,AM,66,9
352991,AM,69,13
352991,AM,70,1
352991,AM,71,2
352991,AM,77,10
352991,AM,82,2
352991,AM,83,1
352991,AM,84,3
352991,PM,8,22
352991,PM,9,1
352991,PM,10,2
352991,PM,13,6
352991,PM,14,187
352991,PM,16,62
352991,PM,17,36
352991,PM,19,41
352991,PM,20,36
352991,PM,22,1
352991,PM,31,56
352991,PM,37,52
352991,PM,38,69
352991,PM,39,4
352991,PM,40,13
352991,PM,42,27
352991,PM,46,46
352991,PM,47,6
352991,PM,48,3
352991,PM,51,5
352991,PM,53,1
352991,PM,60,1
352991,PM,69,73
352991,PM,70,4
352991,PM,71,13
352991,PM,74,3
352991,PM,77,848
352991,PM,82,17
352991,PM,83,3
352991,PM,84,6
352991,PM,89,2
352995,AM,8,3
352995,AM,9,84
352995,AM,10,8
352995,AM,11,1
352995,AM,13,5
352995,AM,14,402
352995,AM,16,31
352995,AM,17,25
352995,AM,18,1
352995,AM,19,20
352995,AM,20,34
352995,AM,21,24
352995,AM,23,1
352995,AM,31,116
352995,AM,37,10
352995,AM,38,61
352995,AM,40,17
352995,AM,42,73
352995,AM,46,8
352995,AM,47,96
352995,AM,48,5
352995,AM,50,1
352995,AM,51,3
352995,AM,53,2
352995,AM,60,1
352995,AM,64,20
352995,AM,69,391
352995,AM,70,6
352995,AM,71,20
352995,AM,82,6
352995,AM,84,10
352995,AM,89,3
352995,PM,11,1
352995,PM,13,1
352995,PM,14,27
352995,PM,19,4
352995,PM,20,1
352995,PM,23,1
352995,PM,31,19
352995,PM,37,3
352995,PM,38,13
352995,PM,40,11
352995,PM,42,12
352995,PM,46,1
352995,PM,47,5
352995,PM,48,1
352995,PM,64,2
352995,PM,69,29
352995,PM,71,5
352995,PM,84,1
353431,AM,10,21
353431,AM,11,1
353431,AM,13,1
353431,AM,14,121
353431,AM,16,250
353431,AM,17,10
353431,AM,18,4
353431,AM,19,32
353431,AM,20,240
353431,AM,21,588
353431,AM,31,7
353431,AM,34,1
353431,AM,37,106
353431,AM,38,243
353431,AM,39,2
353431,AM,40,103
353431,AM,46,39
353431,AM,48,13
353431,AM,50,13
353431,AM,51,17
353431,AM,53,11
353431,AM,61,1
353431,AM,67,1
353431,AM,69,9
353431,AM,70,40
353431,AM,71,96
353431,AM,72,3
353431,AM,73,2
353431,AM,74,10
353431,AM,75,1
353431,AM,82,24
353431,AM,84,49
353431,PM,10,3
353431,PM,14,19
353431,PM,16,47
353431,PM,17,1
353431,PM,19,9
353431,PM,20,27
353431,PM,21,14
353431,PM,31,3
353431,PM,37,35
353431,PM,38,34
353431,PM,39,2
353431,PM,40,21
353431,PM,46,18
353431,PM,48,3
353431,PM,50,4
353431,PM,53,3
353431,PM,69,7
353431,PM,70,1
353431,PM,71,3
353431,PM,82,6
353431,PM,84,6
353512,AM,13,1
353512,AM,14,2
353512,AM,16,2
353512,AM,17,1
353512,AM,19,1
353512,AM,20,2
353512,AM,37,6
353512,AM,38,16
353512,AM,46,1
353512,AM,70,1
353512,AM,71,4
353512,PM,10,1
353512,PM,13,3
353512,PM,14,87
353512,PM,16,42
353512,PM,17,43
353512,PM,18,3
353512,PM,19,149
353512,PM,20,53
353512,PM,21,11
353512,PM,24,1
353512,PM,37,701
353512,PM,38,992
353512,PM,40,166
353512,PM,46,123
353512,PM,48,78
353512,PM,50,19
353512,PM,53,16
353512,PM,67,2
353512,PM,70,46
353512,PM,71,91
353512,PM,74,3
353512,PM,82,1
353512,PM,84,9
354048,AM,14,10
354048,AM,16,15
354048,AM,17,2
354048,AM,20,4
354048,AM,24,1
354048,AM,38,5
354048,AM,46,1
354048,AM,51,1
354048,PM,10,24
354048,PM,13,43
354048,PM,14,192
354048,PM,16,186
354048,PM,17,89
354048,PM,19,21
354048,PM,20,205
354048,PM,31,14
354048,PM,35,18
354048,PM,37,113
354048,PM,38,111
354048,PM,40,13
354048,PM,42,7
354048,PM,46,78
354048,PM,48,10
354048,PM,50,5
354048,PM,51,14
354048,PM,53,5
354048,PM,61,1
354048,PM,69,15
354048,PM,70,19
354048,PM,71,28
354048,PM,82,1
354048,PM,84,6
354150,AM,10,2
354150,AM,11,3
354150,AM,13,21
354150,AM,14,655
354150,AM,17,40
354150,AM,19,57
354150,AM,20,1
354150,AM,31,109
354150,AM,37,9
354150,AM,38,63
354150,AM,40,15
354150,AM,42,100
354150,AM,46,5
354150,AM,47,352
354150,AM,48,10
354150,AM,50,4
354150,AM,51,16
354150,AM,53,3
354150,AM,64,27
354150,AM,69,712
354150,AM,70,9
354150,AM,71,26
354150,AM,74,5
354150,AM,77,1
354150,AM,84,9
354150,PM,14,50
354150,PM,17,8
354150,PM,19,7
354150,PM,31,14
354150,PM,37,5
354150,PM,38,5
354150,PM,40,2
354150,PM,42,31
354150,PM,46,1
354150,PM,47,45
354150,PM,64,2
354150,PM,69,55
354150,PM,70,1
354150,PM,71,1
355057,AM,10,4
355057,AM,13,14
355057,AM,14,132
355057,AM,16,17
355057,AM,17,8
355057,AM,19,12
355057,AM,20,52
355057,AM,21,25
355057,AM,31,42
355057,AM,38,6
355057,AM,40,9
355057,AM,42,5
355057,AM,46,17
355057,AM,47,28
355057,AM,48,5
355057,AM,50,2
355057,AM,51,3
355057,AM,53,5
355057,AM,60,1
355057,AM,64,2
355057,AM,69,21
355057,AM,70,3
355057,AM,71,9
355057,AM,73,2
355057,AM,81,2
355057,AM,84,25
355057,PM,9,13
355057,PM,10,17
355057,PM,13,43
355057,PM,14,486
355057,PM,16,40
355057,PM,17,42
355057,PM,19,25
355057,PM,20,91
355057,PM,24,1
355057,PM,31,180
355057,PM,37,32
355057,PM,38,26
355057,PM,40,37
355057,PM,42,92
355057,PM,46,40
355057,PM,47,65
355057,PM,48,48
355057,PM,51,12
355057,PM,53,20
355057,PM,64,1
355057,PM,69,139
355057,PM,70,10
355057,PM,71,18
355057,PM,73,2
355057,PM,74,2
355057,PM,81,1
355057,PM,82,3
355057,PM,84,15
355057,PM,98,1
355135,AM,13,2
355135,AM,14,59
355135,AM,16,8
355135,AM,17,8
355135,AM,19,16
355135,AM,20,26
355135,AM,21,545
355135,AM,24,5
355135,AM,37,29
355135,AM,38,80
355135,AM,40,129
355135,AM,46,22
355135,AM,48,43
355135,AM,50,15
355135,AM,51,17
355135,AM,53,9
355135,AM,61,18
355135,AM,70,52
355135,AM,71,91
355135,AM,72,8
355135,AM,73,3
355135,AM,74,6
355135,AM,82,1
355135,AM,84,6
355135,PM,10,1
355135,PM,14,86
355135,PM,16,12
355135,PM,17,7
355135,PM,19,48
355135,PM,20,54
355135,PM,21,184
355135,PM,24,10
355135,PM,37,28
355135,PM,38,59
355135,PM,40,187
355135,PM,46,73
355135,PM,48,48
355135,PM,50,33
355135,PM,51,34
355135,PM,53,17
355135,PM,61,47
355135,PM,67,2
355135,PM,68,1
355135,PM,70,58
355135,PM,71,94
355135,PM,72,10
355135,PM,73,2
355135,PM,74,7
355135,PM,82,9
355135,PM,84,14
355207,AM,10,3
355207,AM,13,1
355207,AM,14,399
355207,AM,16,2
355207,AM,17,1
355207,AM,18,28
355207,AM,19,16
355207,AM,31,50
355207,AM,40,11
355207,AM,42,48
355207,AM,46,10
355207,AM,47,322
355207,AM,48,1
355207,AM,50,11
355207,AM,51,3
355207,AM,53,2
355207,AM,69,133
355207,AM,70,1
355207,AM,71,3
355207,AM,82,24
355207,AM,84,12
355207,PM,10,3
355207,PM,14,58
355207,PM,18,7
355207,PM,19,7
355207,PM,31,6
355207,PM,40,3
355207,PM,42,16
355207,PM,46,4
355207,PM,47,48
355207,PM,48,4
355207,PM,53,3
355207,PM,69,17
355207,PM,70,1
355207,PM,82,5
355207,PM,84,3
355208,AM,9,6
355208,AM,13,1
355208,AM,14,8
355208,AM,17,1
355208,AM,21,1
355208,AM,31,2
355208,AM,46,3
355208,AM,47,1
355208,AM,51,1
355208,AM,64,1
355208,AM,69,2
355208,PM,9,182
355208,PM,10,2
355208,PM,11,1
355208,PM,13,47
355208,PM,14,416
355208,PM,16,56
355208,PM,17,21
355208,PM,19,9
355208,PM,20,2
355208,PM,31,746
355208,PM,37,13
355208,PM,38,12
355208,PM,40,9
355208,PM,42,181
355208,PM,46,38
355208,PM,47,62
355208,PM,48,6
355208,PM,50,2
355208,PM,53,2
355208,PM,61,1
355208,PM,64,9
355208,PM,69,240
355208,PM,70,4
355208,PM,71,12
355208,PM,74,1
355208,PM,82,6
355208,PM,84,10
355208,PM,89,5
355226,AM,8,5
355226,AM,9,18
355226,AM,10,17
355226,AM,13,11
355226,AM,14,429
355226,AM,16,1
355226,AM,17,13
355226,AM,19,12
355226,AM,20,29
355226,AM,21,27
355226,AM,31,48
355226,AM,37,8
355226,AM,38,21
355226,AM,40,1
355226,AM,42,147
355226,AM,46,75
355226,AM,47,204
355226,AM,48,2
355226,AM,51,1
355226,AM,53,3
355226,AM,64,11
355226,AM,69,756
355226,AM,70,11
355226,AM,71,24
355226,AM,73,1
355226,AM,74,4
355226,AM,75,1
355226,AM,82,10
355226,AM,84,116
355226,PM,10,3
355226,PM,14,19
355226,PM,16,1
355226,PM,19,2
355226,PM,20,8
355226,PM,31,20
355226,PM,37,29
355226,PM,38,25
355226,PM,40,1
355226,PM,42,33
355226,PM,46,19
355226,PM,47,16
355226,PM,48,1
355226,PM,53,2
355226,PM,69,47
355226,PM,70,1
355226,PM,71,6
355226,PM,74,2
355226,PM,82,1
355226,PM,84,4
355231,AM,10,9
355231,AM,11,2
355231,AM,13,5
355231,AM,14,152
355231,AM,16,3
355231,AM,17,18
355231,AM,19,11
355231,AM,20,24
355231,AM,21,27
355231,AM,23,1
355231,AM,31,55
355231,AM,37,106
355231,AM,38,229
355231,AM,40,22
355231,AM,42,112
355231,AM,47,86
355231,AM,48,6
355231,AM,50,2
355231,AM,53,5
355231,AM,69,438
355231,AM,70,4
355231,AM,71,50
355231,AM,74,2
355231,AM,84,7
355231,PM,10,4
355231,PM,11,3
355231,PM,14,56
355231,PM,16,6
355231,PM,17,10
355231,PM,19,15
355231,PM,20,15
355231,PM,24,2
355231,PM,31,33
355231,PM,37,96
355231,PM,38,87
355231,PM,40,19
355231,PM,42,82
355231,PM,47,36
355231,PM,48,4
355231,PM,53,1
355231,PM,69,143
355231,PM,70,1
355231,PM,71,15
355231,PM,84,3
355290,AM,10,34
355290,AM,13,4
355290,AM,14,326
355290,AM,16,6
355290,AM,17,27
355290,AM,19,64
355290,AM,20,18
355290,AM,21,204
355290,AM,31,5
355290,AM,38,2
355290,AM,40,11
355290,AM,45,1
355290,AM,46,13
355290,AM,48,9
355290,AM,50,2
355290,AM,51,2
355290,AM,53,46
355290,AM,59,12
355290,AM,60,21
355290,AM,66,1
355290,AM,68,1
355290,AM,70,11
355290,AM,71,22
355290,AM,72,1
355290,AM,73,2
355290,AM,74,5
355290,AM,80,4
355290,AM,83,2
355290,AM,84,67
355290,AM,85,1
355290,PM,14,7
355290,PM,19,3
355290,PM,60,1
355290,PM,67,1
355316,AM,10,2
355316,AM,14,43
355316,AM,16,18
355316,AM,17,7
355316,AM,19,6
355316,AM,20,37
355316,AM,21,174
355316,AM,24,3
355316,AM,37,19
355316,AM,38,52
355316,AM,39,16
355316,AM,40,118
355316,AM,46,4
355316,AM,50,15
355316,AM,51,5
355316,AM,53,12
355316,AM,60,4
355316,AM,61,1
355316,AM,69,3
355316,AM,70,38
355316,AM,71,79
355316,AM,74,1
355316,AM,84,3
355316,PM,10,1
355316,PM,14,43
355316,PM,16,6
355316,PM,17,6
355316,PM,19,2
355316,PM,20,16
355316,PM,21,14
355316,PM,24,2
355316,PM,37,34
355316,PM,38,55
355316,PM,39,49
355316,PM,40,34
355316,PM,46,1
355316,PM,48,1
355316,PM,53,2
355316,PM,60,1
355316,PM,61,2
355316,PM,69,4
355316,PM,70,8
355316,PM,71,33
355316,PM,84,3
355418,AM,8,2
355418,AM,10,1
355418,AM,11,2
355418,AM,13,11
355418,AM,14,177
355418,AM,17,24
355418,AM,19,26
355418,AM,20,5
355418,AM,21,1
355418,AM,31,195
355418,AM,35,15
355418,AM,37,9
355418,AM,38,53
355418,AM,40,4
355418,AM,42,68
355418,AM,46,10
355418,AM,47,203
355418,AM,48,10
355418,AM,50,5
355418,AM,51,1
355418,AM,53,12
355418,AM,60,2
355418,AM,64,2
355418,AM,66,1
355418,AM,69,1197
355418,AM,70,11
355418,AM,71,32
355418,AM,74,4
355418,AM,82,37
355418,AM,83,7
355418,AM,84,15
355418,AM,98,1
355418,PM,10,2
355418,PM,13,1
355418,PM,14,34
355418,PM,16,2
355418,PM,17,3
355418,PM,19,9
355418,PM,20,2
355418,PM,31,120
355418,PM,37,4
355418,PM,38,22
355418,PM,40,2
355418,PM,42,41
355418,PM,46,4
355418,PM,47,27
355418,PM,48,11
355418,PM,50,1
355418,PM,51,3
355418,PM,53,5
355418,PM,66,1
355418,PM,69,221
355418,PM,70,4
355418,PM,71,8
355418,PM,82,14
355418,PM,83,2
355418,PM,84,6
355443,AM,10,7
355443,AM,13,10
355443,AM,14,59
355443,AM,16,1
355443,AM,17,8
355443,AM,19,22
355443,AM,20,14
355443,AM,21,18
355443,AM,23,1
355443,AM,31,95
355443,AM,37,45
355443,AM,38,128
355443,AM,40,5
355443,AM,42,23
355443,AM,46,2
355443,AM,47,94
355443,AM,48,5
355443,AM,50,3
355443,AM,69,437
355443,AM,70,3
355443,AM,71,29
355443,AM,73,1
355443,AM,74,2
355443,AM,75,2
355443,AM,82,4
355443,AM,83,1
355443,AM,84,4
355443,PM,10,5
355443,PM,11,1
355443,PM,14,16
355443,PM,16,2
355443,PM,17,7
355443,PM,19,4
355443,PM,20,2
355443,PM,31,54
355443,PM,37,17
355443,PM,38,23
355443,PM,40,4
355443,PM,42,20
355443,PM,47,34
355443,PM,48,3
355443,PM,50,1
355443,PM,53,1
355443,PM,61,1
355443,PM,69,132
355443,PM,70,3
355443,PM,71,11
355443,PM,82,6
355443,PM,84,3
355603,AM,8,5
355603,AM,10,44
355603,AM,13,12
355603,AM,14,365
355603,AM,16,186
355603,AM,17,22
355603,AM,18,2
355603,AM,19,29
355603,AM,20,155
355603,AM,21,108
355603,AM,31,97
355603,AM,37,153
355603,AM,38,458
355603,AM,39,4
355603,AM,40,96
355603,AM,42,50
355603,AM,46,20
355603,AM,47,51
355603,AM,48,8
355603,AM,50,9
355603,AM,51,12
355603,AM,53,28
355603,AM,60,1
355603,AM,64,3
355603,AM,69,294
355603,AM,70,44
355603,AM,71,80
355603,AM,72,1
355603,AM,73,2
355603,AM,74,13
355603,AM,75,3
355603,AM,82,68
355603,AM,83,4
355603,AM,84,86
355603,AM,98,1
355603,PM,10,7
355603,PM,13,3
355603,PM,14,32
355603,PM,16,43
355603,PM,17,1
355603,PM,18,1
355603,PM,19,13
355603,PM,20,36
355603,PM,21,7
355603,PM,31,7
355603,PM,37,41
355603,PM,38,72
355603,PM,39,1
355603,PM,40,30
355603,PM,42,1
355603,PM,46,21
355603,PM,47,2
355603,PM,48,3
355603,PM,50,6
355603,PM,51,1
355603,PM,53,6
355603,PM,60,1
355603,PM,64,2
355603,PM,69,5
355603,PM,70,9
355603,PM,71,12
355603,PM,72,2
355603,PM,74,6
355603,PM,75,1
355603,PM,82,12
355603,PM,83,1
355603,PM,84,8
355604,AM,10,4
355604,AM,11,1
355604,AM,13,2
355604,AM,14,259
355604,AM,16,744
355604,AM,17,2
355604,AM,19,44
355604,AM,20,51
355604,AM,21,733
355604,AM,31,1
355604,AM,37,53
355604,AM,38,134
355604,AM,39,8
355604,AM,40,44
355604,AM,46,13
355604,AM,50,2
355604,AM,51,3
355604,AM,67,1
355604,AM,69,3
355604,AM,70,19
355604,AM,71,42
355604,AM,74,3
355604,AM,80,2
355604,AM,82,13
355604,AM,83,1
355604,AM,84,16
355604,AM,89,1
355604,AM,98,1
355604,PM,10,1
355604,PM,13,1
355604,PM,14,28
355604,PM,16,29
355604,PM,19,10
355604,PM,20,10
355604,PM,21,14
355604,PM,31,1
355604,PM,37,18
355604,PM,38,24
355604,PM,39,8
355604,PM,40,16
355604,PM,46,25
355604,PM,50,4
355604,PM,51,2
355604,PM,67,1
355604,PM,70,2
355604,PM,71,5
355604,PM,74,1
355604,PM,82,1
355604,PM,84,2
355607,AM,10,4
355607,AM,13,5
355607,AM,14,35
355607,AM,16,27
355607,AM,17,6
355607,AM,19,34
355607,AM,20,28
355607,AM,21,260
355607,AM,31,1
355607,AM,37,265
355607,AM,38,329
355607,AM,40,73
355607,AM,46,29
355607,AM,48,15
355607,AM,50,1
355607,AM,51,1
355607,AM,53,3
355607,AM,67,1
355607,AM,69,8
355607,AM,70,34
355607,AM,71,52
355607,AM,74,6
355607,AM,84,3
355607,PM,10,13
355607,PM,13,4
355607,PM,14,37
355607,PM,16,31
355607,PM,17,2
355607,PM,19,53
355607,PM,20,24
355607,PM,21,39
355607,PM,24,1
355607,PM,31,3
355607,PM,37,370
355607,PM,38,355
355607,PM,40,107
355607,PM,42,2
355607,PM,46,43
355607,PM,48,10
355607,PM,50,9
355607,PM,51,2
355607,PM,53,12
355607,PM,64,1
355607,PM,67,1
355607,PM,69,12
355607,PM,70,30
355607,PM,71,55
355607,PM,74,11
355607,PM,84,2
355618,AM,14,2
355618,AM,40,2
355618,AM,70,1
355618,AM,71,6
355618,PM,8,6
355618,PM,10,3
355618,PM,13,17
355618,PM,14,753
355618,PM,16,64
355618,PM,17,41
355618,PM,19,57
355618,PM,20,13
355618,PM,31,318
355618,PM,35,17
355618,PM,37,118
355618,PM,38,131
355618,PM,40,34
355618,PM,42,245
355618,PM,46,61
355618,PM,47,109
355618,PM,48,7
355618,PM,50,3
355618,PM,51,9
355618,PM,64,7
355618,PM,69,345
355618,PM,70,19
355618,PM,71,47
355618,PM,77,186
355618,PM,82,3
355618,PM,83,1
355618,PM,84,13
355618,PM,89,1
355635,AM,9,2
355635,AM,10,9
355635,AM,13,4
355635,AM,14,232
355635,AM,16,312
355635,AM,17,16
355635,AM,19,42
355635,AM,20,115
355635,AM,21,147
355635,AM,31,4
355635,AM,37,65
355635,AM,38,166
355635,AM,39,1
355635,AM,40,63
355635,AM,42,3
355635,AM,46,55
355635,AM,47,5
355635,AM,48,10
355635,AM,50,13
355635,AM,51,9
355635,AM,53,2
355635,AM,60,1
355635,AM,69,27
355635,AM,70,36
355635,AM,71,56
355635,AM,73,1
355635,AM,74,15
355635,AM,80,2
355635,AM,82,29
355635,AM,83,11
355635,AM,84,14
355635,AM,98,1
355635,PM,10,1
355635,PM,13,3
355635,PM,14,44
355635,PM,16,27
355635,PM,17,12
355635,PM,19,20
355635,PM,20,46
355635,PM,21,7
355635,PM,31,2
355635,PM,37,36
355635,PM,38,73
355635,PM,40,31
355635,PM,45,1
355635,PM,46,50
355635,PM,48,3
355635,PM,50,5
355635,PM,51,1
355635,PM,53,1
355635,PM,69,1
355635,PM,70,6
355635,PM,71,21
355635,PM,72,1
355635,PM,73,2
355635,PM,74,7
355635,PM,75,1
355635,PM,82,2
355635,PM,83,7
355635,PM,84,1
355671,AM,8,2
355671,AM,9,29
355671,AM,10,4
355671,AM,11,2
355671,AM,13,49
355671,AM,14,167
355671,AM,16,26
355671,AM,17,54
355671,AM,19,16
355671,AM,20,154
355671,AM,21,28
355671,AM,23,45
355671,AM,24,1
355671,AM,31,199
355671,AM,37,9
355671,AM,38,40
355671,AM,40,14
355671,AM,42,62
355671,AM,46,12
355671,AM,47,173
355671,AM,48,12
355671,AM,51,3
355671,AM,53,9
355671,AM,60,1
355671,AM,61,2
355671,AM,64,6
355671,AM,69,482
355671,AM,70,9
355671,AM,71,107
355671,AM,74,1
355671,AM,75,1
355671,AM,77,4
355671,AM,82,128
355671,AM,83,39
355671,AM,84,143
355671,AM,98,1
355671,PM,8,1
355671,PM,9,3
355671,PM,10,4
355671,PM,11,1
355671,PM,13,14
355671,PM,14,42
355671,PM,16,11
355671,PM,17,16
355671,PM,19,6
355671,PM,20,56
355671,PM,22,1
355671,PM,23,9
355671,PM,31,53
355671,PM,37,12
355671,PM,38,13
355671,PM,40,2
355671,PM,42,43
355671,PM,46,2
355671,PM,47,66
355671,PM,48,4
355671,PM,53,4
355671,PM,64,2
355671,PM,69,112
355671,PM,71,6
355671,PM,74,1
355671,PM,77,2
355671,PM,82,39
355671,PM,83,12
355671,PM,84,30
355678,AM,10,4
355678,AM,11,2
355678,AM,13,9
355678,AM,14,75
355678,AM,17,16
355678,AM,19,14
355678,AM,21,4
355678,AM,31,10
355678,AM,37,9
355678,AM,38,58
355678,AM,40,17
355678,AM,42,19
355678,AM,47,117
355678,AM,48,1
355678,AM,53,11
355678,AM,64,3
355678,AM,69,298
355678,AM,84,19
355678,PM,10,5
355678,PM,13,3
355678,PM,14,23
355678,PM,16,1
355678,PM,17,3
355678,PM,19,5
355678,PM,20,1
355678,PM,31,6
355678,PM,37,12
355678,PM,38,18
355678,PM,40,2
355678,PM,42,12
355678,PM,47,31
355678,PM,53,1
355678,PM,64,1
355678,PM,69,58
355678,PM,70,1
355678,PM,82,1
355678,PM,84,5
355682,AM,9,1
355682,AM,10,3
355682,AM,13,15
355682,AM,14,118
355682,AM,16,20
355682,AM,17,19
355682,AM,19,8
355682,AM,20,75
355682,AM,21,16
355682,AM,31,18
355682,AM,38,16
355682,AM,40,10
355682,AM,42,2
355682,AM,46,17
355682,AM,47,20
355682,AM,48,4
355682,AM,51,3
355682,AM,53,3
355682,AM,66,20
355682,AM,69,17
355682,AM,70,6
355682,AM,71,2
355682,AM,74,1
355682,AM,82,1
355682,AM,84,17
355682,PM,10,11
355682,PM,13,24
355682,PM,14,385
355682,PM,16,43
355682,PM,17,72
355682,PM,19,19
355682,PM,20,86
355682,PM,31,33
355682,PM,37,2
355682,PM,38,8
355682,PM,40,30
355682,PM,42,8
355682,PM,46,35
355682,PM,47,28
355682,PM,48,81
355682,PM,50,3
355682,PM,51,9
355682,PM,53,7
355682,PM,64,1
355682,PM,66,1
355682,PM,67,2
355682,PM,69,18
355682,PM,70,6
355682,PM,71,14
355682,PM,74,3
355682,PM,77,3
355682,PM,82,3
355682,PM,84,15
355685,AM,10,25
355685,AM,11,1
355685,AM,13,2
355685,AM,14,77
355685,AM,16,64
355685,AM,17,13
355685,AM,18,2
355685,AM,19,44
355685,AM,20,59
355685,AM,21,239
355685,AM,31,9
355685,AM,37,223
355685,AM,38,306
355685,AM,40,186
355685,AM,42,2
355685,AM,46,135
355685,AM,48,12
355685,AM,50,21
355685,AM,51,11
355685,AM,52,2
355685,AM,53,10
355685,AM,61,1
355685,AM,67,1
355685,AM,69,17
355685,AM,70,22
355685,AM,71,34
355685,AM,73,1
355685,AM,74,14
355685,AM,82,11
355685,AM,84,38
355685,PM,10,32
355685,PM,13,3
355685,PM,14,43
355685,PM,16,40
355685,PM,17,11
355685,PM,18,2
355685,PM,19,47
355685,PM,20,57
355685,PM,21,77
355685,PM,31,8
355685,PM,37,176
355685,PM,38,235
355685,PM,40,160
355685,PM,42,3
355685,PM,46,135
355685,PM,48,7
355685,PM,50,9
355685,PM,51,7
355685,PM,52,1
355685,PM,53,16
355685,PM,67,1
355685,PM,69,9
355685,PM,70,7
355685,PM,71,24
355685,PM,74,13
355685,PM,82,5
355685,PM,84,21
356219,AM,10,12
356219,AM,13,5
356219,AM,14,388
356219,AM,16,98
356219,AM,17,37
356219,AM,19,42
356219,AM,20,67
356219,AM,21,57
356219,AM,23,1
356219,AM,31,6
356219,AM,37,78
356219,AM,38,165
356219,AM,40,18
356219,AM,42,3
356219,AM,46,107
356219,AM,48,26
356219,AM,50,21
356219,AM,51,1
356219,AM,53,6
356219,AM,69,17
356219,AM,70,6
356219,AM,71,43
356219,AM,74,1
356219,AM,82,2
356219,AM,84,28
356219,PM,10,8
356219,PM,14,360
356219,PM,16,63
356219,PM,17,20
356219,PM,19,23
356219,PM,20,76
356219,PM,31,5
356219,PM,37,89
356219,PM,38,76
356219,PM,40,32
356219,PM,42,4
356219,PM,46,92
356219,PM,48,15
356219,PM,50,18
356219,PM,51,7
356219,PM,53,3
356219,PM,69,9
356219,PM,70,15
356219,PM,71,33
356219,PM,84,8
356276,AM,10,16
356276,AM,14,48
356276,AM,16,47
356276,AM,17,2
356276,AM,19,19
356276,AM,20,47
356276,AM,21,705
356276,AM,31,7
356276,AM,37,201
356276,AM,38,285
356276,AM,40,109
356276,AM,46,38
356276,AM,48,23
356276,AM,50,6
356276,AM,53,5
356276,AM,69,5
356276,AM,70,18
356276,AM,71,27
356276,AM,74,6
356276,AM,83,1
356276,AM,84,30
356276,PM,10,14
356276,PM,13,1
356276,PM,14,25
356276,PM,16,54
356276,PM,17,5
356276,PM,19,18
356276,PM,20,70
356276,PM,21,105
356276,PM,31,10
356276,PM,37,101
356276,PM,38,223
356276,PM,40,79
356276,PM,46,30
356276,PM,48,7
356276,PM,50,5
356276,PM,51,2
356276,PM,53,6
356276,PM,60,1
356276,PM,67,1
356276,PM,69,12
356276,PM,70,8
356276,PM,71,18
356276,PM,74,2
356276,PM,75,1
356276,PM,82,1
356276,PM,84,26
356310,AM,10,5
356310,AM,11,1
356310,AM,13,40
356310,AM,14,409
356310,AM,16,8
356310,AM,17,22
356310,AM,19,30
356310,AM,20,3
356310,AM,21,6
356310,AM,31,95
356310,AM,35,1
356310,AM,37,2
356310,AM,38,17
356310,AM,40,16
356310,AM,42,98
356310,AM,46,24
356310,AM,47,226
356310,AM,48,20
356310,AM,50,8
356310,AM,51,8
356310,AM,53,26
356310,AM,64,19
356310,AM,69,493
356310,AM,70,7
356310,AM,71,12
356310,AM,73,1
356310,AM,74,10
356310,AM,82,18
356310,AM,83,2
356310,AM,84,43
356310,PM,13,7
356310,PM,14,40
356310,PM,16,2
356310,PM,17,3
356310,PM,19,4
356310,PM,20,1
356310,PM,23,5
356310,PM,31,49
356310,PM,37,11
356310,PM,38,15
356310,PM,40,5
356310,PM,42,46
356310,PM,46,1
356310,PM,47,42
356310,PM,48,4
356310,PM,50,3
356310,PM,53,6
356310,PM,64,4
356310,PM,69,102
356310,PM,70,1
356310,PM,71,5
356310,PM,74,4
356310,PM,82,7
356310,PM,84,4
356498,AM,10,4
356498,AM,11,1
356498,AM,13,9
356498,AM,14,135
356498,AM,16,267
356498,AM,17,9
356498,AM,19,32
356498,AM,20,109
356498,AM,21,151
356498,AM,31,8
356498,AM,37,77
356498,AM,38,277
356498,AM,39,5
356498,AM,40,191
356498,AM,42,12
356498,AM,46,38
356498,AM,47,18
356498,AM,48,12
356498,AM,50,16
356498,AM,51,4
356498,AM,53,3
356498,AM,67,7
356498,AM,69,61
356498,AM,70,59
356498,AM,71,68
356498,AM,72,1
356498,AM,73,2
356498,AM,74,17
356498,AM,75,1
356498,AM,82,41
356498,AM,84,114
356498,PM,13,4
356498,PM,14,49
356498,PM,16,41
356498,PM,17,6
356498,PM,19,20
356498,PM,20,13
356498,PM,21,8
356498,PM,31,4
356498,PM,37,29
356498,PM,38,65
356498,PM,39,2
356498,PM,40,65
356498,PM,42,7
356498,PM,46,58
356498,PM,47,5
356498,PM,48,9
356498,PM,50,4
356498,PM,51,2
356498,PM,53,3
356498,PM,60,1
356498,PM,67,4
356498,PM,69,8
356498,PM,70,12
356498,PM,71,10
356498,PM,74,2
356498,PM,82,8
356498,PM,84,19
356502,AM,9,3
356502,AM,10,35
356502,AM,11,3
356502,AM,13,45
356502,AM,14,269
356502,AM,16,20
356502,AM,17,25
356502,AM,19,43
356502,AM,20,85
356502,AM,21,6
356502,AM,23,5
356502,AM,31,271
356502,AM,35,8
356502,AM,37,38
356502,AM,38,99
356502,AM,40,35
356502,AM,42,124
356502,AM,46,50
356502,AM,47,202
356502,AM,48,1
356502,AM,50,1
356502,AM,51,5
356502,AM,53,11
356502,AM,64,2
356502,AM,69,772
356502,AM,70,23
356502,AM,71,60
356502,AM,72,5
356502,AM,73,1
356502,AM,74,21
356502,AM,75,2
356502,AM,82,78
356502,AM,83,22
356502,AM,84,17
356502,AM,89,5
356502,PM,10,12
356502,PM,13,3
356502,PM,14,24
356502,PM,16,5
356502,PM,17,4
356502,PM,19,19
356502,PM,20,15
356502,PM,21,1
356502,PM,31,91
356502,PM,37,18
356502,PM,38,26
356502,PM,40,16
356502,PM,42,29
356502,PM,46,15
356502,PM,47,45
356502,PM,48,1
356502,PM,53,1
356502,PM,69,125
356502,PM,70,13
356502,PM,71,33
356502,PM,72,1
356502,PM,74,6
356502,PM,82,19
356502,PM,83,4
356502,PM,84,5
356502,PM,89,1
356507,AM,10,3
356507,AM,13,11
356507,AM,14,71
356507,AM,16,55
356507,AM,17,20
356507,AM,19,53
356507,AM,20,86
356507,AM,21,251
356507,AM,37,169
356507,AM,38,306
356507,AM,40,163
356507,AM,46,53
356507,AM,48,17
356507,AM,50,28
356507,AM,51,4
356507,AM,53,1
356507,AM,60,6
356507,AM,61,2
356507,AM,68,1
356507,AM,69,8
356507,AM,70,48
356507,AM,71,60
356507,AM,73,1
356507,AM,74,4
356507,AM,75,3
356507,AM,82,1
356507,AM,84,9
356507,PM,10,6
356507,PM,11,1
356507,PM,13,3
356507,PM,14,46
356507,PM,16,38
356507,PM,18,5
356507,PM,19,34
356507,PM,20,49
356507,PM,21,23
356507,PM,31,2
356507,PM,37,148
356507,PM,38,200
356507,PM,40,107
356507,PM,46,47
356507,PM,48,13
356507,PM,50,18
356507,PM,51,1
356507,PM,53,2
356507,PM,69,1
356507,PM,70,29
356507,PM,71,38
356507,PM,73,2
356507,PM,74,9
356507,PM,75,1
356507,PM,82,5
356507,PM,84,2
356507,PM,98,1
356510,AM,8,2
356510,AM,9,1
356510,AM,10,13
356510,AM,13,24
356510,AM,14,192
356510,AM,16,23
356510,AM,17,31
356510,AM,19,45
356510,AM,20,73
356510,AM,21,10
356510,AM,24,3
356510,AM,31,266
356510,AM,35,1
356510,AM,37,38
356510,AM,38,169
356510,AM,40,55
356510,AM,42,93
356510,AM,46,52
356510,AM,47,193
356510,AM,48,4
356510,AM,50,5
356510,AM,51,5
356510,AM,53,16
356510,AM,60,1
356510,AM,64,3
356510,AM,69,800
356510,AM,70,21
356510,AM,71,43
356510,AM,72,1
356510,AM,73,1
356510,AM,74,6
356510,AM,82,84
356510,AM,83,19
356510,AM,84,18
356510,PM,10,7
356510,PM,13,4
356510,PM,14,27
356510,PM,16,7
356510,PM,17,16
356510,PM,19,18
356510,PM,20,19
356510,PM,23,1
356510,PM,24,1
356510,PM,31,81
356510,PM,37,17
356510,PM,38,26
356510,PM,40,14
356510,PM,42,30
356510,PM,46,8
356510,PM,47,49
356510,PM,48,2
356510,PM,50,1
356510,PM,53,3
356510,PM,69,115
356510,PM,70,12
356510,PM,71,14
356510,PM,72,2
356510,PM,73,1
356510,PM,82,18
356510,PM,83,7
356510,PM,84,3
356549,AM,10,5
356549,AM,14,34
356549,AM,16,47
356549,AM,17,3
356549,AM,19,17
356549,AM,20,31
356549,AM,21,502
356549,AM,31,1
356549,AM,37,145
356549,AM,38,292
356549,AM,40,54
356549,AM,46,23
356549,AM,48,10
356549,AM,50,5
356549,AM,51,1
356549,AM,64,3
356549,AM,70,20
356549,AM,71,31
356549,AM,73,2
356549,AM,82,1
356549,AM,84,15
356549,PM,10,11
356549,PM,11,1
356549,PM,13,2
356549,PM,14,62
356549,PM,16,73
356549,PM,17,4
356549,PM,18,1
356549,PM,19,27
356549,PM,20,63
356549,PM,21,118
356549,PM,31,1
356549,PM,34,1
356549,PM,37,106
356549,PM,38,320
356549,PM,40,71
356549,PM,46,52
356549,PM,48,6
356549,PM,50,6
356549,PM,51,1
356549,PM,59,1
356549,PM,60,2
356549,PM,64,1
356549,PM,70,16
356549,PM,71,19
356549,PM,73,1
356549,PM,74,3
356549,PM,82,9
356549,PM,84,31
357327,AM,10,18
357327,AM,11,2
357327,AM,13,4
357327,AM,14,384
357327,AM,16,1472
357327,AM,17,4
357327,AM,18,1
357327,AM,19,27
357327,AM,20,108
357327,AM,21,118
357327,AM,31,3
357327,AM,37,32
357327,AM,38,79
357327,AM,39,4
357327,AM,40,53
357327,AM,42,2
357327,AM,46,21
357327,AM,47,1
357327,AM,48,14
357327,AM,51,12
357327,AM,53,4
357327,AM,60,1
357327,AM,64,8
357327,AM,67,1
357327,AM,69,4
357327,AM,70,14
357327,AM,71,12
357327,AM,74,7
357327,AM,75,2
357327,AM,82,36
357327,AM,83,1
357327,AM,84,29
357327,PM,13,1
357327,PM,14,19
357327,PM,16,21
357327,PM,19,12
357327,PM,21,10
357327,PM,37,6
357327,PM,38,10
357327,PM,40,10
357327,PM,42,1
357327,PM,46,13
357327,PM,64,1
357327,PM,70,2
357327,PM,71,6
357327,PM,82,3
357327,PM,84,1
357330,AM,17,1
357330,AM,37,2
357330,AM,38,8
357330,AM,40,1
357330,AM,70,2
357330,AM,75,1
357330,AM,98,1
357330,PM,10,18
357330,PM,11,1
357330,PM,13,6
357330,PM,14,293
357330,PM,16,45
357330,PM,17,59
357330,PM,18,8
357330,PM,19,92
357330,PM,20,385
357330,PM,21,1
357330,PM,37,54
357330,PM,38,135
357330,PM,40,346
357330,PM,46,167
357330,PM,48,73
357330,PM,50,50
357330,PM,51,11
357330,PM,53,87
357330,PM,60,2
357330,PM,61,4
357330,PM,67,91
357330,PM,68,1
357330,PM,69,1
357330,PM,70,40
357330,PM,71,74
357330,PM,72,1
357330,PM,73,1
357330,PM,74,31
357330,PM,75,4
357330,PM,82,54
357330,PM,84,10
357330,PM,98,1
357345,AM,10,8
357345,AM,13,6
357345,AM,14,474
357345,AM,16,1
357345,AM,17,2
357345,AM,19,66
357345,AM,20,1
357345,AM,31,45
357345,AM,38,8
357345,AM,40,7
357345,AM,46,2
357345,AM,47,130
357345,AM,50,1
357345,AM,51,2
357345,AM,64,2
357345,AM,69,415
357345,AM,70,11
357345,AM,71,31
357345,AM,84,17
357355,AM,10,5
357355,AM,13,3
357355,AM,14,428
357355,AM,17,1
357355,AM,19,45
357355,AM,31,38
357355,AM,40,13
357355,AM,42,87
357355,AM,47,180
357355,AM,50,1
357355,AM,64,1
357355,AM,69,439
357355,AM,70,1
357355,AM,74,1
357355,AM,81,1
357355,AM,84,95
357367,AM,10,1
357367,AM,11,1
357367,AM,13,5
357367,AM,14,113
357367,AM,16,3
357367,AM,17,1
357367,AM,19,9
357367,AM,20,1
357367,AM,21,25
357367,AM,23,1
357367,AM,31,34
357367,AM,37,20
357367,AM,38,49
357367,AM,40,1
357367,AM,42,50
357367,AM,46,2
357367,AM,47,67
357367,AM,50,1
357367,AM,51,1
357367,AM,53,3
357367,AM,64,5
357367,AM,69,187
357367,AM,70,3
357367,AM,71,8
357367,AM,73,1
357367,AM,74,3
357367,AM,82,7
357367,AM,84,20
357367,PM,9,1
357367,PM,10,7
357367,PM,13,12
357367,PM,14,323
357367,PM,16,28
357367,PM,17,16
357367,PM,19,28
357367,PM,20,14
357367,PM,23,2
357367,PM,31,159
357367,PM,37,75
357367,PM,38,113
357367,PM,40,14
357367,PM,42,180
357367,PM,46,7
357367,PM,47,95
357367,PM,48,5
357367,PM,50,3
357367,PM,51,12
357367,PM,53,10
357367,PM,64,6
357367,PM,67,3
357367,PM,69,358
357367,PM,70,9
357367,PM,71,26
357367,PM,73,1
357367,PM,74,1
357367,PM,77,1
357367,PM,82,17
357367,PM,84,23
357377,AM,8,43
357377,AM,9,18
357377,AM,10,7
357377,AM,11,11
357377,AM,13,92
357377,AM,14,275
357377,AM,16,2
357377,AM,17,29
357377,AM,19,37
357377,AM,20,4
357377,AM,23,29
357377,AM,31,116
357377,AM,37,9
357377,AM,38,40
357377,AM,40,26
357377,AM,42,119
357377,AM,46,47
357377,AM,47,292
357377,AM,48,12
357377,AM,51,31
357377,AM,53,23
357377,AM,64,34
357377,AM,69,669
357377,AM,70,4
357377,AM,71,9
357377,AM,74,3
357377,AM,82,40
357377,AM,83,9
357377,AM,84,127
357377,PM,8,14
357377,PM,9,1
357377,PM,10,3
357377,PM,11,3
357377,PM,13,23
357377,PM,14,44
357377,PM,16,2
357377,PM,17,9
357377,PM,19,8
357377,PM,23,6
357377,PM,31,22
357377,PM,37,3
357377,PM,38,1
357377,PM,40,3
357377,PM,42,30
357377,PM,46,6
357377,PM,47,44
357377,PM,48,3
357377,PM,50,1
357377,PM,51,1
357377,PM,53,3
357377,PM,64,1
357377,PM,69,101
357377,PM,70,1
357377,PM,71,2
357377,PM,82,8
357377,PM,84,12
357678,AM,8,1
357678,AM,10,5
357678,AM,11,1
357678,AM,13,26
357678,AM,14,261
357678,AM,16,3
357678,AM,17,17
357678,AM,19,31
357678,AM,20,6
357678,AM,21,38
357678,AM,23,1
357678,AM,31,95
357678,AM,35,1
357678,AM,37,48
357678,AM,38,104
357678,AM,40,6
357678,AM,42,137
357678,AM,46,2
357678,AM,47,271
357678,AM,48,2
357678,AM,50,2
357678,AM,51,1
357678,AM,53,10
357678,AM,61,1
357678,AM,64,4
357678,AM,67,2
357678,AM,69,806
357678,AM,70,4
357678,AM,71,25
357678,AM,73,1
357678,AM,74,7
357678,AM,79,1
357678,AM,82,28
357678,AM,83,5
357678,AM,84,34
357678,AM,89,6
357678,PM,13,8
357678,PM,14,34
357678,PM,16,2
357678,PM,17,9
357678,PM,19,5
357678,PM,20,8
357678,PM,21,1
357678,PM,31,15
357678,PM,37,18
357678,PM,38,22
357678,PM,40,4
357678,PM,42,50
357678,PM,46,7
357678,PM,47,63
357678,PM,50,1
357678,PM,51,1
357678,PM,53,3
357678,PM,64,1
357678,PM,69,132
357678,PM,70,2
357678,PM,71,5
357678,PM,74,4
357678,PM,83,6
357678,PM,84,4
357678,PM,89,2
357702,AM,10,4
357702,AM,13,2
357702,AM,14,25
357702,AM,16,15
357702,AM,17,1
357702,AM,19,27
357702,AM,20,15
357702,AM,21,504
357702,AM,24,1
357702,AM,37,140
357702,AM,38,285
357702,AM,40,138
357702,AM,46,36
357702,AM,48,19
357702,AM,50,17
357702,AM,51,2
357702,AM,53,6
357702,AM,61,1
357702,AM,69,2
357702,AM,70,47
357702,AM,71,72
357702,AM,72,4
357702,AM,74,6
357702,AM,75,2
357702,AM,82,5
357702,AM,84,9
357702,PM,13,2
357702,PM,14,24
357702,PM,16,2
357702,PM,17,3
357702,PM,19,22
357702,PM,20,22
357702,PM,21,104
357702,PM,23,1
357702,PM,24,2
357702,PM,37,114
357702,PM,38,150
357702,PM,40,87
357702,PM,42,1
357702,PM,46,44
357702,PM,48,7
357702,PM,50,8
357702,PM,51,8
357702,PM,53,2
357702,PM,60,1
357702,PM,61,1
357702,PM,69,1
357702,PM,70,26
357702,PM,71,35
357702,PM,72,1
357702,PM,74,3
357702,PM,75,2
357702,PM,82,4
357702,PM,84,3
357711,AM,13,1
357711,AM,14,6
357711,AM,17,1
357711,AM,19,3
357711,AM,20,2
357711,AM,31,4
357711,AM,38,1
357711,AM,42,5
357711,AM,47,11
357711,AM,69,7
357711,AM,70,1
357711,AM,71,3
357711,AM,74,1
357711,AM,82,2
357711,AM,84,2
357711,PM,9,2
357711,PM,10,21
357711,PM,11,13
357711,PM,13,25
357711,PM,14,527
357711,PM,16,9
357711,PM,17,34
357711,PM,19,52
357711,PM,20,13
357711,PM,23,2
357711,PM,31,223
357711,PM,35,20
357711,PM,37,34
357711,PM,38,65
357711,PM,40,16
357711,PM,42,257
357711,PM,46,35
357711,PM,47,316
357711,PM,48,18
357711,PM,50,6
357711,PM,51,2
357711,PM,53,12
357711,PM,56,1
357711,PM,62,1
357711,PM,64,22
357711,PM,69,522
357711,PM,70,7
357711,PM,71,20
357711,PM,74,5
357711,PM,77,3
357711,PM,82,28
357711,PM,83,6
357711,PM,84,65
357711,PM,89,7
357716,PM,10,23
357716,PM,11,3
357716,PM,13,21
357716,PM,14,430
357716,PM,16,131
357716,PM,17,51
357716,PM,18,43
357716,PM,19,47
357716,PM,20,1224
357716,PM,23,1
357716,PM,37,15
357716,PM,38,33
357716,PM,40,219
357716,PM,42,1
357716,PM,46,119
357716,PM,48,8
357716,PM,50,21
357716,PM,53,7
357716,PM,61,2
357716,PM,64,9
357716,PM,69,3
357716,PM,70,8
357716,PM,71,25
357716,PM,73,1
357716,PM,75,1
357716,PM,82,200
357716,PM,83,1
357716,PM,84,16
357752,AM,16,1
357752,AM,21,2
357752,AM,37,6
357752,AM,38,14
357752,AM,42,1
357752,AM,48,1
357752,AM,50,1
357752,AM,71,3
357752,PM,10,15
357752,PM,11,1
357752,PM,13,10
357752,PM,14,215
357752,PM,16,141
357752,PM,17,9
357752,PM,18,3
357752,PM,19,41
357752,PM,20,464
357752,PM,24,20
357752,PM,31,7
357752,PM,37,614
357752,PM,38,495
357752,PM,40,147
357752,PM,42,2
357752,PM,46,68
357752,PM,48,7
357752,PM,50,40
357752,PM,53,5
357752,PM,61,5
357752,PM,64,4
357752,PM,67,1
357752,PM,69,4
357752,PM,70,99
357752,PM,71,122
357752,PM,74,20
357752,PM,75,4
357752,PM,82,39
357752,PM,84,5
357801,AM,10,6
357801,AM,11,1
357801,AM,13,40
357801,AM,14,220
357801,AM,16,2
357801,AM,17,35
357801,AM,19,21
357801,AM,20,22
357801,AM,21,17
357801,AM,23,13
357801,AM,31,191
357801,AM,37,69
357801,AM,38,118
357801,AM,40,22
357801,AM,42,156
357801,AM,46,4
357801,AM,47,219
357801,AM,48,3
357801,AM,50,2
357801,AM,51,8
357801,AM,53,5
357801,AM,64,15
357801,AM,69,800
357801,AM,70,13
357801,AM,71,55
357801,AM,73,1
357801,AM,74,2
357801,AM,82,83
357801,AM,83,45
357801,AM,84,61
357801,PM,10,3
357801,PM,13,22
357801,PM,14,56
357801,PM,16,4
357801,PM,17,6
357801,PM,19,8
357801,PM,20,7
357801,PM,21,1
357801,PM,23,7
357801,PM,24,2
357801,PM,31,47
357801,PM,37,31
357801,PM,38,23
357801,PM,40,4
357801,PM,42,104
357801,PM,46,2
357801,PM,47,40
357801,PM,48,1
357801,PM,51,1
357801,PM,53,2
357801,PM,60,2
357801,PM,69,139
357801,PM,70,2
357801,PM,71,15
357801,PM,74,1
357801,PM,82,18
357801,PM,83,9
357801,PM,84,10
357804,AM,10,3
357804,AM,11,2
357804,AM,13,2
357804,AM,14,38
357804,AM,17,7
357804,AM,18,1
357804,AM,19,5
357804,AM,20,2
357804,AM,31,14
357804,AM,37,11
357804,AM,38,46
357804,AM,40,11
357804,AM,42,10
357804,AM,47,18
357804,AM,48,3
357804,AM,50,1
357804,AM,64,6
357804,AM,69,56
357804,AM,70,2
357804,AM,71,5
357804,AM,74,1
357804,AM,84,1
357804,PM,9,2
357804,PM,10,14
357804,PM,11,12
357804,PM,13,14
357804,PM,14,391
357804,PM,16,13
357804,PM,17,19
357804,PM,18,1
357804,PM,19,15
357804,PM,20,19
357804,PM,23,1
357804,PM,24,3
357804,PM,31,170
357804,PM,35,28
357804,PM,37,54
357804,PM,38,64
357804,PM,40,28
357804,PM,42,229
357804,PM,46,11
357804,PM,47,104
357804,PM,48,30
357804,PM,50,1
357804,PM,51,5
357804,PM,53,3
357804,PM,64,14
357804,PM,69,304
357804,PM,70,18
357804,PM,71,25
357804,PM,74,3
357804,PM,84,10
358233,AM,14,2
358233,AM,16,2
358233,AM,19,7
358233,AM,20,2
358233,AM,21,25
358233,AM,37,21
358233,AM,38,29
358233,AM,40,3
358233,AM,48,1
358233,AM,50,1
358233,AM,70,2
358233,AM,71,2
358233,AM,84,1
358233,PM,10,31
358233,PM,13,7
358233,PM,14,361
358233,PM,16,108
358233,PM,17,21
358233,PM,19,90
358233,PM,20,141
358233,PM,21,9
358233,PM,37,840
358233,PM,38,675
358233,PM,40,70
358233,PM,46,77
358233,PM,48,10
358233,PM,50,8
358233,PM,51,2
358233,PM,53,5
358233,PM,67,1
358233,PM,70,74
358233,PM,71,117
358233,PM,74,11
358233,PM,82,11
358233,PM,84,7
358233,PM,98,1
358525,AM,10,11
358525,AM,11,5
358525,AM,13,4
358525,AM,14,47
358525,AM,16,27
358525,AM,17,13
358525,AM,18,1
358525,AM,19,27
358525,AM,20,27
358525,AM,21,222
358525,AM,31,1
358525,AM,37,289
358525,AM,38,388
358525,AM,40,41
358525,AM,42,3
358525,AM,46,40
358525,AM,48,12
358525,AM,50,4
358525,AM,51,1
358525,AM,64,2
358525,AM,69,7
358525,AM,70,13
358525,AM,71,48
358525,AM,73,1
358525,AM,74,4
358525,AM,84,7
358525,PM,10,4
358525,PM,14,67
358525,PM,16,30
358525,PM,17,10
358525,PM,18,1
358525,PM,19,20
358525,PM,20,16
358525,PM,21,43
358525,PM,24,1
358525,PM,31,1
358525,PM,37,322
358525,PM,38,281
358525,PM,40,70
358525,PM,42,3
358525,PM,46,39
358525,PM,48,2
358525,PM,50,5
358525,PM,51,2
358525,PM,53,2
358525,PM,69,6
358525,PM,70,20
358525,PM,71,40
358525,PM,74,2
358525,PM,84,5
358647,AM,14,4
358647,AM,19,1
358647,AM,21,9
358647,AM,37,9
358647,AM,38,5
358647,AM,40,2
358647,AM,46,2
358647,AM,82,1
358647,PM,10,8
358647,PM,11,2
358647,PM,13,9
358647,PM,14,252
358647,PM,16,55
358647,PM,17,14
358647,PM,19,67
358647,PM,20,101
358647,PM,23,1
358647,PM,31,2
358647,PM,37,716
358647,PM,38,629
358647,PM,40,219
358647,PM,42,7
358647,PM,46,141
358647,PM,48,44
358647,PM,50,32
358647,PM,51,9
358647,PM,53,16
358647,PM,60,1
358647,PM,61,4
358647,PM,64,1
358647,PM,67,1
358647,PM,69,2
358647,PM,70,49
358647,PM,71,126
358647,PM,73,2
358647,PM,74,12
358647,PM,75,1
358647,PM,82,11
358647,PM,83,2
358647,PM,84,16
358664,PM,10,21
358664,PM,13,2
358664,PM,14,331
358664,PM,16,84
358664,PM,17,23
358664,PM,18,18
358664,PM,19,21
358664,PM,20,54
358664,PM,31,22
358664,PM,37,767
358664,PM,38,752
358664,PM,40,67
358664,PM,42,24
358664,PM,46,24
358664,PM,47,4
358664,PM,48,3
358664,PM,50,7
358664,PM,53,3
358664,PM,69,19
358664,PM,70,80
358664,PM,71,177
358664,PM,74,20
358664,PM,75,2
358840,AM,10,1
358840,AM,14,2
358840,AM,16,2
358840,AM,19,1
358840,AM,20,2
358840,AM,21,1
358840,AM,37,17
358840,AM,38,48
358840,AM,40,1
358840,AM,70,3
358840,AM,71,1
358840,PM,10,8
358840,PM,13,1
358840,PM,14,79
358840,PM,16,77
358840,PM,17,12
358840,PM,19,34
358840,PM,20,55
358840,PM,21,11
358840,PM,24,1
358840,PM,31,2
358840,PM,37,803
358840,PM,38,700
358840,PM,40,94
358840,PM,42,3
358840,PM,46,7
358840,PM,48,2
358840,PM,50,6
358840,PM,53,3
358840,PM,69,2
358840,PM,70,18
358840,PM,71,67
358840,PM,74,1
358856,AM,10,10
358856,AM,13,2
358856,AM,14,137
358856,AM,16,27
358856,AM,17,9
358856,AM,19,66
358856,AM,20,25
358856,AM,21,214
358856,AM,31,1
358856,AM,37,352
358856,AM,38,689
358856,AM,40,129
358856,AM,45,2
358856,AM,46,28
358856,AM,48,6
358856,AM,50,11
358856,AM,51,1
358856,AM,53,4
358856,AM,69,9
358856,AM,70,14
358856,AM,71,31
358856,AM,72,1
358856,AM,73,1
358856,AM,82,3
358856,AM,84,24
358856,PM,10,4
358856,PM,11,1
358856,PM,13,1
358856,PM,14,33
358856,PM,16,6
358856,PM,17,8
358856,PM,19,29
358856,PM,20,33
358856,PM,21,30
358856,PM,32,3
358856,PM,37,191
358856,PM,38,212
358856,PM,39,3
358856,PM,40,50
358856,PM,45,1
358856,PM,46,19
358856,PM,48,1
358856,PM,50,1
358856,PM,51,3
358856,PM,53,1
358856,PM,69,6
358856,PM,70,3
358856,PM,71,14
358856,PM,82,1
358856,PM,84,4
358868,AM,10,6
358868,AM,13,1
358868,AM,14,22
358868,AM,16,30
358868,AM,17,9
358868,AM,19,35
358868,AM,20,13
358868,AM,21,236
358868,AM,24,2
358868,AM,37,219
358868,AM,38,226
358868,AM,40,62
358868,AM,46,44
358868,AM,48,29
358868,AM,50,3
358868,AM,51,3
358868,AM,53,6
358868,AM,69,4
358868,AM,70,11
358868,AM,71,40
358868,AM,74,2
358868,AM,75,1
358868,AM,84,6
358868,AM,98,1
358868,PM,10,10
358868,PM,13,3
358868,PM,14,29
358868,PM,16,13
358868,PM,17,8
358868,PM,19,33
358868,PM,20,29
358868,PM,21,16
358868,PM,24,1
358868,PM,31,2
358868,PM,37,375
358868,PM,38,221
358868,PM,39,1
358868,PM,40,52
358868,PM,46,52
358868,PM,48,15
358868,PM,50,8
358868,PM,51,3
358868,PM,53,5
358868,PM,60,1
358868,PM,69,1
358868,PM,70,13
358868,PM,71,37
358868,PM,84,3
358878,AM,13,2
358878,AM,16,1
358878,AM,37,7
358878,AM,38,7
358878,AM,40,2
358878,PM,10,39
358878,PM,13,4
358878,PM,14,215
358878,PM,16,139
358878,PM,17,34
358878,PM,18,13
358878,PM,19,85
358878,PM,20,47
358878,PM,23,3
358878,PM,31,5
358878,PM,37,433
358878,PM,38,589
358878,PM,40,241
358878,PM,42,1
358878,PM,46,93
358878,PM,48,5
358878,PM,50,26
358878,PM,51,4
358878,PM,53,43
358878,PM,59,1
358878,PM,64,2
358878,PM,69,6
358878,PM,70,29
358878,PM,71,76
358878,PM,74,7
358878,PM,75,1
358878,PM,84,11
358889,AM,10,1
358889,AM,14,3
358889,AM,17,1
358889,AM,37,3
358889,AM,38,8
358889,AM,46,4
358889,PM,10,7
358889,PM,11,1
358889,PM,14,187
358889,PM,16,8
358889,PM,17,28
358889,PM,19,46
358889,PM,20,24
358889,PM,24,1
358889,PM,31,1
358889,PM,37,633
358889,PM,38,686
358889,PM,40,149
358889,PM,46,641
358889,PM,48,11
358889,PM,50,13
358889,PM,67,3
358889,PM,69,1
358889,PM,70,31
358889,PM,71,64
358889,PM,82,2
358889,PM,84,1
358889,PM,98,1
358896,AM,14,1
358896,AM,37,7
358896,AM,38,3
358896,AM,40,1
358896,AM,71,1
358896,PM,10,12
358896,PM,13,6
358896,PM,14,86
358896,PM,16,120
358896,PM,19,12
358896,PM,20,16
358896,PM,23,1
358896,PM,24,1
358896,PM,31,2
358896,PM,37,754
358896,PM,38,495
358896,PM,40,52
358896,PM,42,2
358896,PM,46,7
358896,PM,48,1
358896,PM,50,9
358896,PM,69,3
358896,PM,70,41
358896,PM,71,85
358896,PM,73,1
358896,PM,74,3
358896,PM,75,2
358896,PM,84,2
358914,AM,8,3
358914,AM,10,1
358914,AM,13,51
358914,AM,14,131
358914,AM,16,34
358914,AM,17,22
358914,AM,19,51
358914,AM,20,153
358914,AM,21,792
358914,AM,23,2
358914,AM,37,129
358914,AM,38,333
358914,AM,39,1
358914,AM,40,117
358914,AM,46,42
358914,AM,48,1
358914,AM,50,29
358914,AM,51,11
358914,AM,52,1
358914,AM,53,106
358914,AM,60,5
358914,AM,70,55
358914,AM,71,64
358914,AM,74,1
358914,AM,84,32
358914,PM,8,1
358914,PM,13,1
358914,PM,14,15
358914,PM,16,3
358914,PM,17,4
358914,PM,19,22
358914,PM,20,25
358914,PM,21,8
358914,PM,37,114
358914,PM,38,157
358914,PM,40,53
358914,PM,46,45
358914,PM,48,1
358914,PM,50,9
358914,PM,51,2
358914,PM,52,1
358914,PM,70,12
358914,PM,71,12
358914,PM,74,2
358914,PM,84,8
358928,AM,10,7
358928,AM,11,4
358928,AM,13,1
358928,AM,14,27
358928,AM,16,13
358928,AM,17,2
358928,AM,19,17
358928,AM,20,39
358928,AM,21,191
358928,AM,24,2
358928,AM,37,216
358928,AM,38,240
358928,AM,40,79
358928,AM,46,21
358928,AM,48,13
358928,AM,50,13
358928,AM,51,2
358928,AM,53,2
358928,AM,70,15
358928,AM,71,17
358928,AM,72,1
358928,AM,74,1
358928,AM,84,6
358928,AM,98,1
358928,PM,10,3
358928,PM,11,1
358928,PM,13,3
358928,PM,14,36
358928,PM,16,16
358928,PM,17,5
358928,PM,19,23
358928,PM,20,48
358928,PM,21,60
358928,PM,23,1
358928,PM,24,2
358928,PM,37,286
358928,PM,38,261
358928,PM,40,97
358928,PM,46,25
358928,PM,48,11
358928,PM,50,13
358928,PM,51,4
358928,PM,53,12
358928,PM,59,1
358928,PM,70,14
358928,PM,71,24
358928,PM,74,1
358928,PM,84,8
358929,AM,14,1
358929,AM,37,5
358929,AM,38,11
358929,AM,40,1
358929,PM,10,10
358929,PM,13,1
358929,PM,14,162
358929,PM,16,18
358929,PM,17,1
358929,PM,18,2
358929,PM,19,24
358929,PM,20,29
358929,PM,21,1
358929,PM,37,1044
358929,PM,38,911
358929,PM,40,73
358929,PM,42,4
358929,PM,46,4
358929,PM,48,4
358929,PM,50,13
358929,PM,59,1
358929,PM,69,4
358929,PM,70,50
358929,PM,71,65
358929,PM,74,10
358929,PM,98,1
358939,AM,37,1
358939,AM,38,7
358939,AM,70,1
358939,PM,10,16
358939,PM,13,3
358939,PM,14,81
358939,PM,16,17
358939,PM,18,34
358939,PM,19,26
358939,PM,20,34
358939,PM,37,1176
358939,PM,38,836
358939,PM,40,56
358939,PM,42,5
358939,PM,46,13
358939,PM,48,1
358939,PM,50,4
358939,PM,53,8
358939,PM,69,4
358939,PM,70,5
358939,PM,71,11
358939,PM,74,2
359294,PM,10,2
359294,PM,11,2
359294,PM,14,68
359294,PM,16,24
359294,PM,17,3
359294,PM,19,18
359294,PM,20,14
359294,PM,24,1
359294,PM,31,1
359294,PM,37,315
359294,PM,38,274
359294,PM,40,24
359294,PM,42,7
359294,PM,43,1
359294,PM,46,12
359294,PM,50,2
359294,PM,69,10
359294,PM,70,6
359294,PM,71,27
359294,PM,73,1
359294,PM,74,1
359316,AM,10,1
359316,AM,11,1
359316,AM,13,7
359316,AM,14,47
359316,AM,16,1
359316,AM,17,4
359316,AM,19,10
359316,AM,20,3
359316,AM,21,16
359316,AM,24,1
359316,AM,31,18
359316,AM,37,30
359316,AM,38,41
359316,AM,40,4
359316,AM,42,17
359316,AM,46,3
359316,AM,47,70
359316,AM,48,7
359316,AM,53,10
359316,AM,64,5
359316,AM,69,99
359316,AM,70,4
359316,AM,71,14
359316,AM,74,1
359316,AM,82,1
359316,AM,84,4
359316,PM,13,11
359316,PM,14,54
359316,PM,17,1
359316,PM,18,3
359316,PM,19,11
359316,PM,20,3
359316,PM,21,2
359316,PM,31,36
359316,PM,35,10
359316,PM,37,85
359316,PM,38,54
359316,PM,40,4
359316,PM,42,67
359316,PM,46,2
359316,PM,47,38
359316,PM,48,6
359316,PM,53,2
359316,PM,64,1
359316,PM,69,101
359316,PM,70,12
359316,PM,71,10
359316,PM,84,2
359324,AM,10,1
359324,AM,14,15
359324,AM,17,1
359324,AM,19,4
359324,AM,20,1
359324,AM,31,8
359324,AM,37,4
359324,AM,38,12
359324,AM,40,1
359324,AM,42,3
359324,AM,46,1
359324,AM,47,7
359324,AM,50,1
359324,AM,69,6
359324,AM,71,1
359324,AM,84,1
359324,PM,10,4
359324,PM,13,4
359324,PM,14,94
359324,PM,17,18
359324,PM,19,18
359324,PM,20,8
359324,PM,31,54
359324,PM,35,1
359324,PM,37,112
359324,PM,38,80
359324,PM,40,11
359324,PM,42,132
359324,PM,46,5
359324,PM,47,129
359324,PM,48,9
359324,PM,50,2
359324,PM,53,11
359324,PM,69,159
359324,PM,70,4
359324,PM,71,14
359324,PM,82,1
359324,PM,84,22
359325,AM,37,1
359325,AM,38,2
359325,PM,10,1
359325,PM,14,54
359325,PM,16,17
359325,PM,17,1
359325,PM,18,5
359325,PM,19,6
359325,PM,20,10
359325,PM,37,365
359325,PM,38,297
359325,PM,40,19
359325,PM,46,2
359325,PM,70,17
359325,PM,71,23
359325,PM,72,1
359325,PM,74,3
359326,AM,20,1
359326,AM,37,4
359326,AM,38,13
359326,AM,40,1
359326,AM,50,1
359326,AM,70,1
359326,AM,71,3
359326,PM,10,18
359326,PM,11,2
359326,PM,13,1
359326,PM,14,55
359326,PM,16,18
359326,PM,17,8
359326,PM,18,9
359326,PM,19,7
359326,PM,20,16
359326,PM,31,1
359326,PM,37,380
359326,PM,38,340
359326,PM,40,28
359326,PM,42,7
359326,PM,46,3
359326,PM,48,4
359326,PM,50,15
359326,PM,53,3
359326,PM,67,1
359326,PM,69,11
359326,PM,70,22
359326,PM,71,40
359326,PM,74,1
359330,AM,14,1
359330,AM,74,1
359330,PM,11,3
359330,PM,13,1
359330,PM,14,33
359330,PM,16,1
359330,PM,17,7
359330,PM,19,9
359330,PM,31,82
359330,PM,35,7
359330,PM,37,117
359330,PM,38,119
359330,PM,40,17
359330,PM,42,160
359330,PM,46,2
359330,PM,47,52
359330,PM,48,2
359330,PM,53,8
359330,PM,69,219
359330,PM,70,2
359330,PM,71,22
359330,PM,73,1
359330,PM,74,8
359330,PM,82,1
359330,PM,84,17
894955,AM,9,125
894955,AM,14,7
894955,AM,17,4
894955,AM,18,43
894955,AM,19,162
894955,AM,27,1
894955,AM,41,1
894955,AM,46,159
894955,AM,47,46
894955,AM,48,9
894955,AM,50,1
894955,AM,53,6
894955,AM,64,16
894955,AM,70,1
894955,AM,74,3
894955,PM,9,69
894955,PM,14,8
894955,PM,16,1
894955,PM,17,4
894955,PM,18,2
894955,PM,19,147
894955,PM,40,2
894955,PM,46,178
894955,PM,47,31
894955,PM,48,3
894955,PM,53,2
894955,PM,64,16
894955,PM,74,5
895496,AM,14,2
895496,AM,18,1
895496,AM,19,181
895496,AM,37,3
895496,AM,38,1
895496,AM,40,1
895496,AM,44,1
895496,AM,46,86
895496,AM,47,486
895496,AM,48,50
895496,AM,70,1
895496,AM,98,1
895496,PM,14,1
895496,PM,17,1
895496,PM,19,96
895496,PM,31,1
895496,PM,37,1
895496,PM,38,2
895496,PM,46,30
895496,PM,47,327
895496,PM,48,22
895496,PM,50,1
895496,PM,71,1
895496,PM,98,3
897937,AM,4,1
897937,AM,13,3
897937,AM,14,95
897937,AM,16,37
897937,AM,17,10
897937,AM,19,17
897937,AM,20,135
897937,AM,21,211
897937,AM,24,68
897937,AM,37,6
897937,AM,38,6
897937,AM,40,23
897937,AM,42,1
897937,AM,45,19
897937,AM,46,234
897937,AM,48,4
897937,AM,50,14
897937,AM,51,10
897937,AM,53,32
897937,AM,58,3
897937,AM,60,15
897937,AM,62,6
897937,AM,64,2
897937,AM,67,1
897937,AM,68,1
897937,AM,70,6
897937,AM,71,52
897937,AM,74,4
897937,AM,98,6
897937,PM,14,8
897937,PM,17,3
897937,PM,19,8
897937,PM,20,15
897937,PM,21,2
897937,PM,24,4
897937,PM,37,1
897937,PM,40,1
897937,PM,46,57
897937,PM,50,1
897937,PM,51,1
897937,PM,53,5
897937,PM,60,3
897937,PM,70,1
897937,PM,71,1
901890,AM,10,40
901890,AM,11,2
901890,AM,13,3
901890,AM,14,68
901890,AM,16,112
901890,AM,17,49
901890,AM,19,394
901890,AM,20,84
901890,AM,21,2
901890,AM,31,4
901890,AM,37,1
901890,AM,38,33
901890,AM,40,15
901890,AM,41,1
901890,AM,45,23
901890,AM,46,65
901890,AM,48,4
901890,AM,50,19
901890,AM,51,30
901890,AM,53,1
901890,AM,57,1
901890,AM,60,1
901890,AM,61,1
901890,AM,67,1
901890,AM,70,3
901890,AM,71,14
901890,AM,74,51
901890,AM,98,41
901890,PM,10,5
901890,PM,14,11
901890,PM,16,14
901890,PM,17,5
901890,PM,19,55
901890,PM,20,13
901890,PM,27,1
901890,PM,38,8
901890,PM,40,11
901890,PM,41,1
901890,PM,45,4
901890,PM,46,6
901890,PM,48,1
901890,PM,50,2
901890,PM,51,2
901890,PM,70,1
901890,PM,74,7
901890,PM,98,8
903106,AM,4,1
903106,AM,16,2
903106,AM,17,3
903106,AM,19,45
903106,AM,20,19
903106,AM,21,5
903106,AM,31,1
903106,AM,37,2
903106,AM,38,2
903106,AM,40,5
903106,AM,45,164
903106,AM,46,1076
903106,AM,51,10
903106,AM,67,1
903106,AM,70,30
903106,AM,71,223
903106,AM,74,3
903106,AM,95,1
903106,AM,98,6
903106,PM,19,4
903106,PM,20,1
903106,PM,31,1
903106,PM,45,75
903106,PM,46,161
903106,PM,70,3
903106,PM,71,7
904597,AM,4,1
904597,AM,7,1
904597,AM,10,16
904597,AM,13,2
904597,AM,14,651
904597,AM,17,49
904597,AM,18,1
904597,AM,19,49
904597,AM,20,159
904597,AM,27,2
904597,AM,31,1
904597,AM,37,3
904597,AM,38,7
904597,AM,40,53
904597,AM,41,1
904597,AM,44,1
904597,AM,45,96
904597,AM,46,272
904597,AM,47,291
904597,AM,48,19
904597,AM,49,7
904597,AM,50,14
904597,AM,51,11
904597,AM,53,1
904597,AM,59,2
904597,AM,60,1
904597,AM,62,6
904597,AM,63,1
904597,AM,65,1
904597,AM,67,2
904597,AM,70,4
904597,AM,71,1
904597,AM,74,4
904597,AM,84,27
904597,AM,91,1
904597,AM,98,20
904597,AM,99,1
904597,PM,10,2
904597,PM,14,26
904597,PM,17,1
904597,PM,19,1
904597,PM,20,14
904597,PM,38,5
904597,PM,45,1
904597,PM,46,53
904597,PM,47,18
904597,PM,48,2
906258,AM,10,1
906258,AM,14,94
906258,AM,16,38
906258,AM,17,1
906258,AM,19,170
906258,AM,20,266
906258,AM,21,282
906258,AM,37,2
906258,AM,40,57
906258,AM,41,2
906258,AM,45,8
906258,AM,46,211
906258,AM,70,5
906258,AM,71,45
906258,AM,74,5
906258,AM,98,3
906258,PM,14,56
906258,PM,16,19
906258,PM,19,101
906258,PM,20,119
906258,PM,21,4
906258,PM,40,32
906258,PM,45,1
906258,PM,46,188
906258,PM,70,7
906258,PM,71,19
906258,PM,74,1
906258,PM,98,2
906659,AM,9,10
906659,AM,14,21
906659,AM,16,4
906659,AM,17,1
906659,AM,19,143
906659,AM,20,23
906659,AM,21,6
906659,AM,31,3
906659,AM,34,1
906659,AM,37,5
906659,AM,38,3
906659,AM,40,9
906659,AM,41,4
906659,AM,45,194
906659,AM,46,208
906659,AM,48,132
906659,AM,50,9
906659,AM,51,12
906659,AM,53,18
906659,AM,67,1
906659,AM,71,1
906659,AM,74,1
906659,PM,14,3
906659,PM,17,1
906659,PM,19,21
906659,PM,20,2
906659,PM,21,2
906659,PM,40,1
906659,PM,41,1
906659,PM,45,28
906659,PM,46,13
906659,PM,48,12
906659,PM,50,1
906659,PM,51,1
906659,PM,53,1
907041,AM,14,29
907041,AM,17,1
907041,AM,19,144
907041,AM,20,12
907041,AM,21,22
907041,AM,27,1
907041,AM,34,2
907041,AM,40,2
907041,AM,41,2
907041,AM,45,7
907041,AM,46,1352
907041,AM,70,168
907041,AM,99,1
907041,PM,14,3
907041,PM,19,11
907041,PM,27,2
907041,PM,46,118
907041,PM,70,17
907041,PM,74,1
911170,AM,18,74
911170,AM,19,143
911170,AM,46,390
911170,PM,18,52
911170,PM,19,4
911170,PM,37,1
911170,PM,46,12
915560,AM,9,1
915560,AM,14,22
915560,AM,16,3
915560,AM,17,1
915560,AM,19,17
915560,AM,20,2
915560,AM,27,1
915560,AM,31,1
915560,AM,34,1
915560,AM,37,2
915560,AM,38,1
915560,AM,40,4
915560,AM,41,5
915560,AM,44,2
915560,AM,46,640
915560,AM,47,397
915560,AM,49,6
915560,AM,50,5
915560,AM,77,1
915560,AM,78,1
915560,PM,14,10
915560,PM,18,6
915560,PM,19,8
915560,PM,40,1
915560,PM,46,58
915560,PM,47,32
916949,AM,4,1
916949,AM,21,2
916949,AM,27,1
916949,AM,37,2
916949,AM,38,1
916949,AM,40,1
916949,AM,41,1
916949,AM,61,1
916949,AM,64,408
916949,AM,65,1
916949,AM,69,5
916949,AM,74,106
916949,PM,14,5
916949,PM,18,5
916949,PM,45,1
916949,PM,46,12
916949,PM,48,5
916949,PM,50,1
916949,PM,64,12
916949,PM,74,2
916949,PM,84,1
920567,AM,14,1
920567,AM,16,5
920567,AM,17,13
920567,AM,19,62
920567,AM,20,10
920567,AM,21,141
920567,AM,31,1
920567,AM,37,1
920567,AM,38,18
920567,AM,40,16
920567,AM,45,371
920567,AM,46,67
920567,AM,48,1
920567,AM,50,6
920567,AM,67,5
920567,AM,70,1
920567,AM,71,6
920567,AM,78,1
920567,AM,95,1
920567,AM,98,6
920567,PM,14,9
920567,PM,16,11
920567,PM,17,49
920567,PM,19,137
920567,PM,20,11
920567,PM,21,3
920567,PM,27,4
920567,PM,31,3
920567,PM,34,1
920567,PM,37,1
920567,PM,40,23
920567,PM,41,1
920567,PM,42,1
920567,PM,45,568
920567,PM,46,314
920567,PM,50,6
920567,PM,67,4
920567,PM,71,6
920567,PM,74,3
920567,PM,78,1
920567,PM,90,1
920567,PM,98,11
921002,AM,14,36
921002,AM,17,1
921002,AM,18,13
921002,AM,19,17
921002,AM,41,1
921002,AM,46,1010
921002,PM,14,10
921002,PM,17,1
921002,PM,18,3
921002,PM,19,2
921002,PM,31,2
921002,PM,46,16
922379,AM,9,4
922379,AM,14,25
922379,AM,18,3
922379,AM,45,2
922379,AM,46,608
922379,AM,50,8
922379,PM,9,1
922379,PM,14,11
922379,PM,18,18
922379,PM,45,1
922379,PM,46,31
925657,AM,1,1
925657,AM,3,1
925657,AM,4,4
925657,AM,8,1
925657,AM,9,1
925657,AM,10,25
925657,AM,11,76
925657,AM,13,42
925657,AM,14,1161
925657,AM,16,18
925657,AM,17,79
925657,AM,18,2
925657,AM,19,140
925657,AM,20,233
925657,AM,21,17
925657,AM,27,4
925657,AM,31,9
925657,AM,37,25
925657,AM,38,6
925657,AM,40,125
925657,AM,41,22
925657,AM,45,107
925657,AM,46,225
925657,AM,47,276
925657,AM,48,12
925657,AM,49,2
925657,AM,50,20
925657,AM,51,15
925657,AM,52,3
925657,AM,53,2
925657,AM,54,1
925657,AM,60,1
925657,AM,61,1
925657,AM,64,5
925657,AM,69,1
925657,AM,70,3
925657,AM,71,10
925657,AM,74,4
925657,AM,75,1
925657,AM,78,2
925657,AM,84,49
925657,AM,88,1
925657,AM,89,1
925657,AM,95,1
925657,AM,97,3
925657,AM,98,94
925657,PM,11,2
925657,PM,13,1
925657,PM,14,27
925657,PM,17,8
925657,PM,19,3
925657,PM,20,8
925657,PM,31,1
925657,PM,38,1
925657,PM,40,3
925657,PM,41,1
925657,PM,45,3
925657,PM,46,14
925657,PM,47,3
925657,PM,84,1
925657,PM,98,3
926024,AM,9,18
926024,AM,14,79
926024,AM,17,2
926024,AM,19,80
926024,AM,20,34
926024,AM,21,98
926024,AM,34,1
926024,AM,37,1
926024,AM,38,1
926024,AM,40,35
926024,AM,41,16
926024,AM,46,889
926024,AM,51,3
926024,AM,70,6
926024,AM,71,2
926024,AM,74,1
926024,AM,78,1
926024,AM,98,2
926024,PM,14,20
926024,PM,19,12
926024,PM,20,3
926024,PM,21,2
926024,PM,34,1
926024,PM,40,4
926024,PM,41,1
926024,PM,46,123
926024,PM,51,2
926024,PM,70,2
926112,AM,10,11
926112,AM,14,91
926112,AM,16,6
926112,AM,17,2
926112,AM,19,132
926112,AM,20,18
926112,AM,31,3
926112,AM,40,86
926112,AM,45,218
926112,AM,46,41
926112,AM,47,433
926112,AM,48,2
926112,AM,51,4
926112,AM,60,2
926112,AM,62,2
926112,AM,67,5
926112,AM,70,2
926112,AM,71,5
926112,AM,74,7
926112,AM,80,1
926112,AM,84,19
926112,AM,95,1
926112,AM,97,3
926112,PM,4,1
926112,PM,10,2
926112,PM,14,6
926112,PM,19,14
926112,PM,38,1
926112,PM,40,4
926112,PM,45,6
926112,PM,46,3
926112,PM,47,15
926112,PM,51,2
926112,PM,61,1
926112,PM,67,1
926560,AM,9,1
926560,AM,10,2
926560,AM,14,1
926560,AM,18,5
926560,AM,19,1
926560,AM,46,6
926560,AM,48,2
926560,PM,9,10
926560,PM,10,3
926560,PM,14,192
926560,PM,16,10
926560,PM,17,28
926560,PM,19,27
926560,PM,20,43
926560,PM,21,4
926560,PM,31,3
926560,PM,40,5
926560,PM,42,3
926560,PM,46,111
926560,PM,47,5
926560,PM,48,3
926560,PM,50,3
926560,PM,51,17
926560,PM,53,2
926560,PM,60,1
926560,PM,74,5
926560,PM,77,1
926560,PM,84,2
926560,PM,98,1
927355,AM,10,1
927355,AM,14,48
927355,AM,16,2
927355,AM,17,1
927355,AM,18,5
927355,AM,19,81
927355,AM,20,3
927355,AM,27,3
927355,AM,31,11
927355,AM,37,4
927355,AM,38,3
927355,AM,41,1
927355,AM,46,387
927355,AM,47,747
927355,AM,50,7
927355,AM,78,2
927355,PM,10,1
927355,PM,14,7
927355,PM,17,1
927355,PM,18,13
927355,PM,19,12
927355,PM,20,1
927355,PM,37,1
927355,PM,45,1
927355,PM,46,13
927355,PM,47,17
927355,PM,50,3
927355,PM,53,2
927373,AM,10,1
927373,AM,14,72
927373,AM,17,6
927373,AM,18,5
927373,AM,19,46
927373,AM,20,2
927373,AM,21,2
927373,AM,27,3
927373,AM,31,10
927373,AM,37,1
927373,AM,38,5
927373,AM,41,3
927373,AM,46,528
927373,AM,47,306
927373,AM,48,3
927373,AM,51,8
927373,AM,70,1
927373,AM,71,4
927373,AM,97,2
927373,PM,14,17
927373,PM,18,6
927373,PM,19,10
927373,PM,20,2
927373,PM,41,2
927373,PM,46,11
927373,PM,47,20
927373,PM,52,2
927373,PM,62,1
927373,PM,71,1
927487,AM,9,134
927487,AM,14,1
927487,AM,18,51
927487,AM,19,44
927487,AM,37,1
927487,AM,41,1
927487,AM,46,4
927487,AM,47,45
927487,AM,48,6
927487,AM,64,108
927487,AM,69,1
927487,AM,74,2
927487,AM,81,1
927487,PM,9,61
927487,PM,14,1
927487,PM,17,1
927487,PM,18,12
927487,PM,19,68
927487,PM,21,2
927487,PM,37,1
927487,PM,40,1
927487,PM,41,1
927487,PM,46,43
927487,PM,47,23
927487,PM,48,1
927487,PM,64,128
927636,AM,14,101
927636,AM,19,160
927636,AM,20,182
927636,AM,21,1
927636,AM,31,1
927636,AM,37,4
927636,AM,40,2
927636,AM,41,3
927636,AM,46,756
927636,AM,48,109
927636,AM,50,2
927636,AM,51,2
927636,AM,53,21
927636,AM,67,1
927636,AM,70,1
927636,AM,74,3
927636,AM,83,1
927636,AM,98,1
927636,PM,14,27
927636,PM,17,1
927636,PM,19,23
927636,PM,20,43
927636,PM,21,1
927636,PM,37,1
927636,PM,40,1
927636,PM,46,129
927636,PM,48,25
927636,PM,51,2
927636,PM,53,8
927636,PM,98,1
927706,AM,14,26
927706,AM,16,1
927706,AM,17,4
927706,AM,19,16
927706,AM,20,2
927706,AM,27,3
927706,AM,31,5
927706,AM,34,1
927706,AM,37,4
927706,AM,38,2
927706,AM,40,1
927706,AM,41,2
927706,AM,42,1
927706,AM,46,3
927706,AM,47,518
927706,AM,49,2
927706,AM,53,3
927706,AM,60,1
927706,AM,64,2
927706,PM,14,7
927706,PM,16,2
927706,PM,18,6
927706,PM,19,2
927706,PM,27,1
927706,PM,31,1
927706,PM,40,1
927706,PM,46,1
927706,PM,47,26
927706,PM,53,3
927706,PM,68,1
929025,AM,18,5
929025,AM,19,1
929025,AM,46,2
929025,AM,71,1
929025,PM,10,2
929025,PM,14,77
929025,PM,17,1
929025,PM,19,26
929025,PM,20,315
929025,PM,21,1
929025,PM,31,1
929025,PM,37,5
929025,PM,40,3
929025,PM,41,1
929025,PM,46,236
929025,PM,48,2
929025,PM,53,1
929025,PM,67,2
929025,PM,70,1
929025,PM,71,1
929025,PM,79,2
929923,AM,10,16
929923,AM,11,22
929923,AM,13,13
929923,AM,14,459
929923,AM,16,4
929923,AM,17,51
929923,AM,18,1
929923,AM,19,48
929923,AM,20,196
929923,AM,21,24
929923,AM,27,1
929923,AM,31,9
929923,AM,34,5
929923,AM,37,31
929923,AM,38,7
929923,AM,40,73
929923,AM,41,8
929923,AM,43,1
929923,AM,45,18
929923,AM,46,166
929923,AM,47,206
929923,AM,48,13
929923,AM,49,2
929923,AM,50,5
929923,AM,51,14
929923,AM,59,1
929923,AM,70,1
929923,AM,71,4
929923,AM,74,3
929923,AM,78,3
929923,AM,84,27
929923,AM,98,30
929923,PM,11,1
929923,PM,14,15
929923,PM,17,1
929923,PM,20,22
929923,PM,40,3
929923,PM,46,7
929923,PM,47,5
929923,PM,50,1
929923,PM,98,2
932402,AM,14,11
932402,AM,18,7
932402,AM,19,90
932402,AM,20,699
932402,AM,21,6
932402,AM,31,1
932402,AM,37,35
932402,AM,38,1
932402,AM,46,1247
932402,AM,70,1
932402,AM,71,2
932402,AM,74,2
932402,PM,14,1
932402,PM,19,22
932402,PM,20,100
932402,PM,21,1
932402,PM,31,2
932402,PM,37,3
932402,PM,46,199
932845,AM,5,1
932845,AM,14,8
932845,AM,16,3
932845,AM,19,81
932845,AM,20,782
932845,AM,21,4
932845,AM,34,1
932845,AM,37,38
932845,AM,40,2
932845,AM,41,13
932845,AM,45,1
932845,AM,46,970
932845,AM,50,1
932845,AM,51,1
932845,AM,74,6
932845,AM,98,3
932845,PM,14,3
932845,PM,16,1
932845,PM,19,9
932845,PM,20,39
932845,PM,37,2
932845,PM,46,168
932845,PM,74,1
934615,AM,14,25
934615,AM,15,7
934615,AM,17,7
934615,AM,18,3
934615,AM,19,122
934615,AM,20,22
934615,AM,21,1
934615,AM,27,5
934615,AM,34,1
934615,AM,38,2
934615,AM,40,5
934615,AM,41,4
934615,AM,42,3
934615,AM,44,1
934615,AM,45,677
934615,AM,46,18
934615,AM,47,558
934615,AM,48,91
934615,AM,50,2
934615,AM,70,1
934615,AM,74,3
934615,AM,84,21
934615,AM,95,1
934615,AM,98,3
934615,PM,19,1
934615,PM,45,14
934615,PM,47,7
934615,PM,48,2
936299,AM,14,27
936299,AM,16,6
936299,AM,17,6
936299,AM,18,92
936299,AM,19,139
936299,AM,20,39
936299,AM,21,59
936299,AM,27,1
936299,AM,31,10
936299,AM,37,8
936299,AM,38,12
936299,AM,40,100
936299,AM,45,20
936299,AM,46,697
936299,AM,50,131
936299,AM,51,41
936299,AM,53,1
936299,AM,67,44
936299,AM,70,16
936299,AM,71,84
936299,AM,74,1
936299,PM,14,6
936299,PM,19,9
936299,PM,20,1
936299,PM,40,3
936299,PM,46,64
936299,PM,50,3
936299,PM,51,2
936299,PM,67,2
938339,AM,9,6
938339,AM,14,56
938339,AM,17,3
938339,AM,19,19
938339,AM,20,27
938339,AM,21,49
938339,AM,40,33
938339,AM,45,2
938339,AM,46,14
938339,AM,51,2
938339,AM,67,9
938339,AM,70,3
938339,AM,71,13
938339,AM,73,7
938339,AM,74,1
938339,AM,85,3
938339,AM,98,1
938339,PM,9,20
938339,PM,14,85
938339,PM,17,4
938339,PM,19,53
938339,PM,20,54
938339,PM,21,62
938339,PM,40,60
938339,PM,41,3
938339,PM,45,2
938339,PM,46,62
938339,PM,48,1
938339,PM,51,5
938339,PM,53,5
938339,PM,67,6
938339,PM,70,5
938339,PM,71,20
938339,PM,73,8
938339,PM,74,6
938339,PM,85,10
939874,AM,4,3
939874,AM,8,1
939874,AM,9,286
939874,AM,14,23
939874,AM,17,5
939874,AM,19,61
939874,AM,20,19
939874,AM,21,90
939874,AM,27,1
939874,AM,31,14
939874,AM,34,4
939874,AM,37,6
939874,AM,38,26
939874,AM,40,59
939874,AM,41,1
939874,AM,46,47
939874,AM,48,5
939874,AM,50,1
939874,AM,51,2
939874,AM,62,4
939874,AM,67,1
939874,AM,70,1
939874,AM,71,2
939874,AM,74,2
939874,AM,83,1
939874,AM,85,1
939874,PM,4,2
939874,PM,9,173
939874,PM,14,18
939874,PM,19,32
939874,PM,20,1
939874,PM,21,2
939874,PM,31,1
939874,PM,34,3
939874,PM,38,2
939874,PM,40,22
939874,PM,46,41
939874,PM,48,2
939874,PM,60,3
939874,PM,62,1
939874,PM,67,1
939874,PM,70,2
939874,PM,71,1
939874,PM,74,1
939874,PM,78,1
939874,PM,83,1
940460,AM,9,5
940460,AM,19,102
940460,AM,41,2
940460,AM,46,230
940460,PM,9,10
940460,PM,19,64
940460,PM,20,1
940460,PM,40,1
940460,PM,41,1
940460,PM,46,303
940864,AM,17,2
940864,AM,19,99
940864,AM,20,4
940864,AM,21,2
940864,AM,27,2
940864,AM,31,1
940864,AM,34,1
940864,AM,37,1
940864,AM,40,1
940864,AM,45,9
940864,AM,46,646
940864,AM,50,1
940864,AM,98,1
940864,PM,14,2
940864,PM,18,3
940864,PM,19,59
940864,PM,20,2
940864,PM,21,1
940864,PM,27,1
940864,PM,37,1
940864,PM,38,1
940864,PM,40,1
940864,PM,45,4
940864,PM,46,335
942819,AM,14,15
942819,AM,16,12
942819,AM,17,27
942819,AM,19,76
942819,AM,20,59
942819,AM,21,230
942819,AM,27,1
942819,AM,31,7
942819,AM,34,1
942819,AM,37,5
942819,AM,38,6
942819,AM,40,143
942819,AM,45,338
942819,AM,46,154
942819,AM,48,2
942819,AM,50,5
942819,AM,62,3
942819,AM,67,53
942819,AM,70,5
942819,AM,71,2
942819,AM,74,1
942819,AM,95,10
942819,AM,98,9
942819,PM,14,7
942819,PM,16,9
942819,PM,17,25
942819,PM,19,46
942819,PM,20,25
942819,PM,27,2
942819,PM,31,4
942819,PM,34,1
942819,PM,37,2
942819,PM,40,59
942819,PM,45,176
942819,PM,46,106
942819,PM,48,2
942819,PM,50,1
942819,PM,51,1
942819,PM,62,1
942819,PM,67,31
942819,PM,70,3
942819,PM,71,2
942819,PM,95,10
942819,PM,98,3
945266,AM,14,1
945266,AM,17,2
945266,AM,19,161
945266,AM,20,13
945266,AM,21,4
945266,AM,24,1
945266,AM,27,18
945266,AM,31,6
945266,AM,37,2
945266,AM,40,2
945266,AM,45,7
945266,AM,46,694
945266,AM,50,2
945266,AM,51,1
945266,AM,74,3
945266,AM,98,3
945266,PM,14,1
945266,PM,16,2
945266,PM,18,2
945266,PM,19,97
945266,PM,20,4
945266,PM,21,5
945266,PM,24,1
945266,PM,27,4
945266,PM,31,2
945266,PM,40,1
945266,PM,45,5
945266,PM,46,381
945266,PM,51,2
945266,PM,53,2
