summons_number,issue_date,violation_code,violation_category,issuer_code,violation_time,Column2,AP,Column1,time_format,first_hour,house_number,street_name,Column5,City,State,Zip
7097810956,8/19/2013,14,2,349570,711,711,A,711,0.299305556,7,505,Columbus Ave,505 Columbus Ave,New York,NY,10032
7097810907,8/19/2013,40,2,349570,541,541,A,541,0.236805556,5,157,W 111th St,157 W 111th St,New York,NY,10032
7097810920,8/19/2013,17,2,349570,638,638,A,638,0.276388889,6,1060,Amsterdam Ave,1060 Amsterdam Ave,New York,NY,10032
7097810932,8/19/2013,19,2,349570,643,643,A,643,0.279861111,6,2831,Broadway,2831 Broadway,New York,NY,10032
7097810968,8/19/2013,21,1,349570,736,736,A,736,0.316666667,7,2578,Broadway,2578 Broadway,New York,NY,10032
7097810981,8/19/2013,21,1,349570,743,743,A,743,0.321527778,7,2880,Broadway,2880 Broadway,New York,NY,10032
7097811006,8/19/2013,20,2,349570,837,837,A,837,0.359027778,8,521,W 159th St,521 W 159th St,New York,NY,10032
7097811020,8/19/2013,21,1,349570,842,842,A,842,0.3625,8,564,W 160th St,564 W 160th St,New York,NY,10032
7097811031,8/19/2013,21,1,349570,843,843,A,843,0.363194444,8,564,W 160th St,564 W 160th St,New York,NY,10032
7097811079,8/19/2013,21,1,349570,848,848,A,848,0.366666667,8,539,W 160th St,539 W 160th St,New York,NY,10032
7097811110,8/19/2013,21,1,349570,853,853,A,853,0.370138889,8,511,W 160th St,511 W 160th St,New York,NY,10032
7097811122,8/19/2013,21,1,349570,907,907,A,907,0.379861111,9,423,W 154th St,423 W 154th St,New York,NY,10032
7097811171,8/19/2013,21,1,349570,917,917,A,917,0.386805556,9,425,Convent Ave,425 Convent Ave,New York,NY,10032
7097811201,8/19/2013,21,1,349570,926,926,A,926,0.393055556,9,371,Convent Ave,371 Convent Ave,New York,NY,10032
7097811213,8/19/2013,21,1,349570,936,936,A,936,0.4,9,101,W 131st St,101 W 131st St,New York,NY,10032
7097811237,8/19/2013,21,1,349570,942,942,A,942,0.404166667,9,158,W 130th St,158 W 130th St,New York,NY,10032
7097811250,8/19/2013,21,1,349570,945,945,A,945,0.40625,9,123,W 130th St,123 W 130th St,New York,NY,10032
7097811262,8/19/2013,21,1,349570,948,948,A,948,0.408333333,9,67,W 130th St,67 W 130th St,New York,NY,10032
7097811286,8/19/2013,21,1,349570,1110,1110,A,1110,0.465277778,11,600,W 142nd St,600 W 142nd St,New York,NY,10032
7097811298,8/19/2013,21,1,349570,1112,1112,A,1112,0.466666667,11,547,W 142nd St,547 W 142nd St,New York,NY,10032
7097811304,8/19/2013,21,1,349570,1113,1113,A,1113,0.467361111,11,545,W 142nd St,545 W 142nd St,New York,NY,10032
7097811341,8/19/2013,21,1,349570,1124,1124,A,1124,0.475,11,609,W 137th St,609 W 137th St,New York,NY,10032
7097811353,8/19/2013,21,1,349570,1125,1125,A,1125,0.475694444,11,606,W 137th St,606 W 137th St,New York,NY,10032
7097811389,8/19/2013,21,1,349570,1141,1141,A,1141,0.486805556,11,161,W 140th St,161 W 140th St,New York,NY,10032
7097811419,8/19/2013,21,1,349570,1148,1148,A,1148,0.491666667,11,219,W 138th St,219 W 138th St,New York,NY,10032
7097811432,8/19/2013,21,1,349570,1150,1150,A,1150,0.493055556,11,203,W 138th St,203 W 138th St,New York,NY,10032
7097811444,8/19/2013,21,1,349570,1155,1155,A,1155,0.496527778,11,273,W 136th St,273 W 136th St,New York,NY,10032
7097811468,8/19/2013,21,1,349570,1157,1157,A,1157,0.497916667,11,237,W 136th St,237 W 136th St,New York,NY,10032
7097811481,8/19/2013,21,1,349570,1200,0,P,1200,0.5,12,167,W 136th St,167 W 136th St,New York,NY,10032
7097811500,8/19/2013,16,2,349570,1257,57,P,1257,0.539583333,12,2051,2nd Ave,2051 2nd Ave,New York,NY,10032
7097811511,8/19/2013,46,3,349570,100,100,P,1300,0.541666667,13,250,E 105th St,250 E 105th St,New York,NY,10032
7097811523,8/19/2013,46,3,349570,104,104,P,1304,0.544444444,13,315,E 102nd St,315 E 102nd St,New York,NY,10032
7097811547,8/19/2013,19,2,349570,225,225,P,1425,0.600694444,14,1448,1st Ave,1448 1st Ave,New York,NY,10032
7097811559,8/19/2013,18,2,349570,228,228,P,1428,0.602777778,14,1504,1st Ave,1504 1st Ave,New York,NY,10032
7097811584,8/19/2013,48,3,349570,246,246,P,1446,0.615277778,14,2281,1st Ave,2281 1st Ave,New York,NY,10032
7097811596,8/19/2013,18,2,349570,309,309,P,1509,0.63125,15,2351,2nd Ave,2351 2nd Ave,New York,NY,10032
7097811614,8/19/2013,48,3,349570,329,329,P,1529,0.645138889,15,2159,1st Ave,2159 1st Ave,New York,NY,10032
7097811626,8/19/2013,18,2,349570,350,350,P,1550,0.659722222,15,2049,2nd Ave,2049 2nd Ave,New York,NY,10032
7097811638,8/19/2013,18,2,349570,508,508,P,1708,0.713888889,17,2295,2nd Ave,2295 2nd Ave,New York,NY,10032
7097811640,8/19/2013,14,2,349570,524,524,P,1724,0.725,17,2080,1st Ave,2080 1st Ave,New York,NY,10032
7097811663,8/19/2013,19,2,349570,546,546,P,1746,0.740277778,17,1575,2nd Ave,1575 2nd Ave,New York,NY,10032
7097810919,8/19/2013,20,2,349570,544,544,A,544,0.238888889,5,301,W 111th St,301 W 111th St,New York,NY,10032
7097810944,8/19/2013,14,2,349570,709,709,A,709,0.297916667,7,510,Columbus Ave,510 Columbus Ave,New York,NY,10032
7097810970,8/19/2013,21,1,349570,738,738,A,738,0.318055556,7,2616,Broadway,2616 Broadway,New York,NY,10032
7097810993,8/19/2013,20,2,349570,835,835,A,835,0.357638889,8,515,W 159th St,515 W 159th St,New York,NY,10032
7097811018,8/19/2013,21,1,349570,841,841,A,841,0.361805556,8,564,W 160th St,564 W 160th St,New York,NY,10032
7097811043,8/19/2013,21,1,349570,845,845,A,845,0.364583333,8,535,W 160th St,535 W 160th St,New York,NY,10032
7097811055,8/19/2013,21,1,349570,846,846,A,846,0.365277778,8,535,W 160th St,535 W 160th St,New York,NY,10032
7097811067,8/19/2013,71,5,349570,846,846,A,846,0.365277778,8,535,W 160th St,535 W 160th St,New York,NY,10032
7097811080,8/19/2013,21,1,349570,849,849,A,849,0.367361111,8,551,W 160th St,551 W 160th St,New York,NY,10032
7097811092,8/19/2013,71,5,349570,850,850,A,850,0.368055556,8,551,W 160th St,551 W 160th St,New York,NY,10032
7097811109,8/19/2013,21,1,349570,852,852,A,852,0.369444444,8,515-517,W 160th St,515-517 W 160th St,New York,NY,10032
7097811134,8/19/2013,21,1,349570,908,908,A,908,0.380555556,9,427,W 154th St,427 W 154th St,New York,NY,10032
7097811146,8/19/2013,21,1,349570,908,908,A,908,0.380555556,9,429,W 154th St,429 W 154th St,New York,NY,10032
7097811158,8/19/2013,21,1,349570,910,910,A,910,0.381944444,9,434,W 154th St,434 W 154th St,New York,NY,10032
7097811160,8/19/2013,21,1,349570,915,915,A,915,0.385416667,9,871,W 154th St,871 W 154th St,New York,NY,10032
7097811183,8/19/2013,21,1,349570,919,919,A,919,0.388194444,9,400,Convent Ave,400 Convent Ave,New York,NY,10032
7097811195,8/19/2013,21,1,349570,922,922,A,922,0.390277778,9,471,W 147th St,471 W 147th St,New York,NY,10032
7097811225,8/19/2013,21,1,349570,938,938,A,938,0.401388889,9,113,W 131st St,113 W 131st St,New York,NY,10032
7097811249,8/19/2013,21,1,349570,943,943,A,943,0.404861111,9,129,W 130th St,129 W 130th St,New York,NY,10032
7097811274,8/19/2013,21,1,349570,1106,1106,A,1106,0.4625,11,503-05,W 141st St,503-05 W 141st St,New York,NY,10032
7097811328,8/19/2013,21,1,349570,1117,1117,A,1117,0.470138889,11,507,W 140th St,507 W 140th St,New York,NY,10032
7097811330,8/19/2013,21,1,349570,1121,1121,A,1121,0.472916667,11,603,W 139th St,603 W 139th St,New York,NY,10032
7097811390,8/19/2013,21,1,349570,1142,1142,A,1142,0.4875,11,133,W 140th St,133 W 140th St,New York,NY,10032
7097811407,8/19/2013,21,1,349570,1143,1143,A,1143,0.488194444,11,108,W 139th St,108 W 139th St,New York,NY,10032
7097811420,8/19/2013,21,1,349570,1149,1149,A,1149,0.492361111,11,203,W 138th St,203 W 138th St,New York,NY,10032
7097811456,8/19/2013,21,1,349570,1156,1156,A,1156,0.497222222,11,268,W 136th St,268 W 136th St,New York,NY,10032
7097811470,8/19/2013,21,1,349570,1158,1158,A,1158,0.498611111,11,297,W 136th St,297 W 136th St,New York,NY,10032
7097811493,8/19/2013,21,1,349570,1201,1,P,1201,0.500694444,12,149,W 136th St,149 W 136th St,New York,NY,10032
7097811535,8/19/2013,19,2,349570,127,127,P,1327,0.560416667,13,256,E 125th St,256 E 125th St,New York,NY,10032
7097811560,8/19/2013,18,2,349570,236,236,P,1436,0.608333333,14,1948,1st Ave,1948 1st Ave,New York,NY,10032
7097811572,8/19/2013,46,3,349570,239,239,P,1439,0.610416667,14,2025,1st Ave,2025 1st Ave,New York,NY,10032
7097811602,8/19/2013,46,3,349570,314,314,P,1514,0.634722222,15,2056,2nd Ave,2056 2nd Ave,New York,NY,10032
7097812473,8/20/2013,18,2,349570,207,207,P,1407,0.588194444,14,2285,2nd Ave,2285 2nd Ave,New York,NY,10032
7097812485,8/20/2013,18,2,349570,209,209,P,1409,0.589583333,14,2265,2nd Ave,2265 2nd Ave,New York,NY,10032
7097812497,8/20/2013,17,2,349570,214,214,P,1414,0.593055556,14,169,E 125th St,169 E 125th St,New York,NY,10032
7097812515,8/20/2013,19,2,349570,219,219,P,1419,0.596527778,14,153,E 125th St,153 E 125th St,New York,NY,10032
7097812527,8/20/2013,18,2,349570,229,229,P,1429,0.603472222,14,2355,2nd Ave,2355 2nd Ave,New York,NY,10032
7097812539,8/20/2013,18,2,349570,232,232,P,1432,0.605555556,14,2267,2nd Ave,2267 2nd Ave,New York,NY,10032
7097812552,8/20/2013,19,2,349570,246,246,P,1446,0.615277778,14,159,E 116th St,159 E 116th St,New York,NY,10032
7097812576,8/20/2013,17,2,349570,259,259,P,1459,0.624305556,14,169,E 125th St,169 E 125th St,New York,NY,10032
7097811687,8/20/2013,19,2,349570,548,548,A,548,0.241666667,5,2848,Broadway,2848 Broadway,New York,NY,10032
7097811729,8/20/2013,40,2,349570,633,633,A,633,0.272916667,6,611,W 137th St,611 W 137th St,New York,NY,10032
7097811730,8/20/2013,19,2,349570,644,644,A,644,0.280555556,6,3641,Broadway,3641 Broadway,New York,NY,10032
7097811791,8/20/2013,14,2,349570,732,732,A,732,0.313888889,7,638-644,W 132nd St,638-644 W 132nd St,New York,NY,10032
7097811808,8/20/2013,21,1,349570,741,741,A,741,0.320138889,7,2868,Broadway,2868 Broadway,New York,NY,10032
7097811821,8/20/2013,21,1,349570,808,808,A,808,0.338888889,8,544,W 150th St,544 W 150th St,New York,NY,10032
7097811833,8/20/2013,21,1,349570,810,810,A,810,0.340277778,8,500,W 150th St,500 W 150th St,New York,NY,10032
7097811857,8/20/2013,21,1,349570,813,813,A,813,0.342361111,8,558,W 149th St,558 W 149th St,New York,NY,10032
7097811882,8/20/2013,21,1,349570,840,840,A,840,0.361111111,8,312,W 122nd St,312 W 122nd St,New York,NY,10032
7097811894,8/20/2013,21,1,349570,845,845,A,845,0.364583333,8,122,W 120th St,122 W 120th St,New York,NY,10032
7097811912,8/20/2013,21,1,349570,852,852,A,852,0.369444444,8,59,Morningside Dr,59 Morningside Dr,New York,NY,10032
7097811936,8/20/2013,21,1,349570,855,855,A,855,0.371527778,8,98,Morningside Ave,98 Morningside Ave,New York,NY,10032
7097811948,8/20/2013,21,1,349570,906,906,A,906,0.379166667,9,110,Convent Ave,110 Convent Ave,New York,NY,10032
7097811961,8/20/2013,21,1,349570,909,909,A,909,0.38125,9,96-100,Convent Ave,96-100 Convent Ave,New York,NY,10032
7097811973,8/20/2013,21,1,349570,913,913,A,913,0.384027778,9,418-20,W 130th St,418-20 W 130th St,New York,NY,10032
7097811985,8/20/2013,21,1,349570,916,916,A,916,0.386111111,9,408,W 130th St,408 W 130th St,New York,NY,10032
7097811997,8/20/2013,16,2,349570,918,918,A,918,0.3875,9,401,W 130th St,401 W 130th St,New York,NY,10032
7097812035,8/20/2013,21,1,349570,937,937,A,937,0.400694444,9,73,W 130th St,73 W 130th St,New York,NY,10032
7097812059,8/20/2013,21,1,349570,942,942,A,942,0.404166667,9,58,W 130th St,58 W 130th St,New York,NY,10032
7097812072,8/20/2013,21,1,349570,951,951,A,951,0.410416667,9,53,W 129th St,53 W 129th St,New York,NY,10032
7097812084,8/20/2013,21,1,349570,1106,1106,A,1106,0.4625,11,6,Claremont Ave,6 Claremont Ave,New York,NY,10032
7097812102,8/20/2013,21,1,349570,1108,1108,A,1108,0.463888889,11,25,Claremont Ave,25 Claremont Ave,New York,NY,10032
7097812114,8/20/2013,21,1,349570,1109,1109,A,1109,0.464583333,11,25,Claremont Ave,25 Claremont Ave,New York,NY,10032
7097812138,8/20/2013,21,1,349570,1114,1114,A,1114,0.468055556,11,150,Claremont Ave,150 Claremont Ave,New York,NY,10032
7097812140,8/20/2013,21,1,349570,1116,1116,A,1116,0.469444444,11,160,Claremont Ave,160 Claremont Ave,New York,NY,10032
7097812151,8/20/2013,21,1,349570,1117,1117,A,1117,0.470138889,11,180,Claremont Ave,180 Claremont Ave,New York,NY,10032
7097812175,8/20/2013,21,1,349570,1120,1120,A,1120,0.472222222,11,170,Claremont Ave,170 Claremont Ave,New York,NY,10032
7097812187,8/20/2013,21,1,349570,1122,1122,A,1122,0.473611111,11,54,Tiemann Pl,54 Tiemann Pl,New York,NY,10032
7097812199,8/20/2013,21,1,349570,1137,1137,A,1137,0.484027778,11,246,W 138th St,246 W 138th St,New York,NY,10032
7097812205,8/20/2013,21,1,349570,1139,1139,A,1139,0.485416667,11,238,W 138th St,238 W 138th St,New York,NY,10032
7097812229,8/20/2013,21,1,349570,1143,1143,A,1143,0.488194444,11,108,W 138th St,108 W 138th St,New York,NY,10032
7097812230,8/20/2013,21,1,349570,1145,1145,A,1145,0.489583333,11,176,W 137th St,176 W 137th St,New York,NY,10032
7097812254,8/20/2013,21,1,349570,1152,1152,A,1152,0.494444444,11,560,W 139th St,560 W 139th St,New York,NY,10032
7097812278,8/20/2013,21,1,349570,1157,1157,A,1157,0.497916667,11,34,W 139th St,34 W 139th St,New York,NY,10032
7097812280,8/20/2013,21,1,349570,1158,1158,A,1158,0.498611111,11,34,W 139th St,34 W 139th St,New York,NY,10032
7097812321,8/20/2013,21,1,349570,1205,5,P,1205,0.503472222,12,30,W 138th St,30 W 138th St,New York,NY,10032
7097812345,8/20/2013,21,1,349570,1208,8,P,1208,0.505555556,12,66,W 138th St,66 W 138th St,New York,NY,10032
7097812394,8/20/2013,18,2,349570,109,109,P,1309,0.547916667,13,2234,1st Ave,2234 1st Ave,New York,NY,10032
7097812400,8/20/2013,16,2,349570,116,116,P,1316,0.552777778,13,218,E 125th St,218 E 125th St,New York,NY,10032
7097812412,8/20/2013,17,2,349570,120,120,P,1320,0.555555556,13,175,E 125th St,175 E 125th St,New York,NY,10032
7097812424,8/20/2013,40,2,349570,126,126,P,1326,0.559722222,13,107,E 125th St,107 E 125th St,New York,NY,10032
7097812436,8/20/2013,10,2,349570,145,145,P,1345,0.572916667,13,204,2nd Ave,204 2nd Ave,New York,NY,10032
7097812450,8/20/2013,48,3,349570,157,157,P,1357,0.58125,13,2021,1st Ave,2021 1st Ave,New York,NY,10032
7097812461,8/20/2013,18,2,349570,201,201,P,1401,0.584027778,14,2290,1st Ave,2290 1st Ave,New York,NY,10032
7097811675,8/20/2013,19,2,349570,545,545,A,545,0.239583333,5,2831,Broadway,2831 Broadway,New York,NY,10032
7097811699,8/20/2013,19,2,349570,622,622,A,622,0.265277778,6,2766,Broadway,2766 Broadway,New York,NY,10032
7097811705,8/20/2013,71,5,349570,623,623,A,623,0.265972222,6,2766,Broadway,2766 Broadway,New York,NY,10032
7097811717,8/20/2013,40,2,349570,631,631,A,631,0.271527778,6,601,W 137th St,601 W 137th St,New York,NY,10032
7097811742,8/20/2013,40,2,349570,650,650,A,650,0.284722222,6,3828-30,Broadway,3828-30 Broadway,New York,NY,10032
7097811810,8/20/2013,21,1,349570,806,806,A,806,0.3375,8,569,W 150th St,569 W 150th St,New York,NY,10032
7097811845,8/20/2013,21,1,349570,811,811,A,811,0.340972222,8,512,W 149th St,512 W 149th St,New York,NY,10032
7097811869,8/20/2013,21,1,349570,817,817,A,817,0.345138889,8,506,W 148th St,506 W 148th St,New York,NY,10032
7097811900,8/20/2013,21,1,349570,846,846,A,846,0.365277778,8,120,W 120th St,120 W 120th St,New York,NY,10032
7097811924,8/20/2013,21,1,349570,854,854,A,854,0.370833333,8,86,Morningside Dr,86 Morningside Dr,New York,NY,10032
7097811950,8/20/2013,21,1,349570,907,907,A,907,0.379861111,9,106-8,Convent Ave,106-8 Convent Ave,New York,NY,10032
7097812000,8/20/2013,16,2,349570,919,919,A,919,0.388194444,9,401,W 130th St,401 W 130th St,New York,NY,10032
7097812011,8/20/2013,70,5,349570,921,921,A,921,0.389583333,9,401,W 130th St,401 W 130th St,New York,NY,10032
7097812023,8/20/2013,71,5,349570,922,922,A,922,0.390277778,9,401,W 130th St,401 W 130th St,New York,NY,10032
7097812047,8/20/2013,21,1,349570,940,940,A,940,0.402777778,9,73,W 130th St,73 W 130th St,New York,NY,10032
7097812060,8/20/2013,21,1,349570,944,944,A,944,0.405555556,9,14,W 130th St,14 W 130th St,New York,NY,10032
7097812096,8/20/2013,21,1,349570,1107,1107,A,1107,0.463194444,11,6,Claremont Ave,6 Claremont Ave,New York,NY,10032
7097812126,8/20/2013,21,1,349570,1113,1113,A,1113,0.467361111,11,134,Claremont Ave,134 Claremont Ave,New York,NY,10032
7097812163,8/20/2013,21,1,349570,1118,1118,A,1118,0.470833333,11,186,Claremont Ave,186 Claremont Ave,New York,NY,10032
7097812217,8/20/2013,21,1,349570,1140,1140,A,1140,0.486111111,11,232,W 138th St,232 W 138th St,New York,NY,10032
7097812242,8/20/2013,21,1,349570,1147,1147,A,1147,0.490972222,11,234,W 137th St,234 W 137th St,New York,NY,10032
7097812266,8/20/2013,21,1,349570,1154,1154,A,1154,0.495833333,11,50,W 139th St,50 W 139th St,New York,NY,10032
7097812291,8/20/2013,21,1,349570,1200,0,P,1200,0.5,12,34,W 139th St,34 W 139th St,New York,NY,10032
7097812308,8/20/2013,71,5,349570,1201,1,P,1201,0.500694444,12,34,W 139th St,34 W 139th St,New York,NY,10032
7097812310,8/20/2013,21,1,349570,1203,3,P,1203,0.502083333,12,10,W 138th St,10 W 138th St,New York,NY,10032
7097812333,8/20/2013,21,1,349570,1206,6,P,1206,0.504166667,12,42-46,W 138th St,42-46 W 138th St,New York,NY,10032
7097812357,8/20/2013,21,1,349570,1213,13,P,1213,0.509027778,12,212,W 133rd St,212 W 133rd St,New York,NY,10032
7097812369,8/20/2013,21,1,349570,1218,18,P,1218,0.5125,12,101,W 132nd St,101 W 132nd St,New York,NY,10032
7097812370,8/20/2013,46,3,349570,100,100,P,1300,0.541666667,13,315,E 102nd St,315 E 102nd St,New York,NY,10032
7097812382,8/20/2013,46,3,349570,104,104,P,1304,0.544444444,13,445,E 102nd St,445 E 102nd St,New York,NY,10032
7097812448,8/20/2013,40,2,349570,151,151,P,1351,0.577083333,13,176,E 103rd St,176 E 103rd St,New York,NY,10032
7097812503,8/20/2013,17,2,349570,217,217,P,1417,0.595138889,14,175,E 125th St,175 E 125th St,New York,NY,10032
7097812540,8/20/2013,46,3,349570,243,243,P,1443,0.613194444,14,173,E 116th St,173 E 116th St,New York,NY,10032
7097812564,8/20/2013,46,3,349570,249,249,P,1449,0.617361111,14,1767,Park Ave,1767 Park Ave,New York,NY,10032
7097812606,8/21/2013,40,2,349570,552,552,A,552,0.244444444,5,315,W 102nd St,315 W 102nd St,New York,NY,10032
7097812620,8/21/2013,21,1,349570,706,706,A,706,0.295833333,7,750,Columbus Ave,750 Columbus Ave,New York,NY,10032
7097812631,8/21/2013,14,2,349570,711,711,A,711,0.299305556,7,505,Columbus Ave,505 Columbus Ave,New York,NY,10032
7097812643,8/21/2013,21,1,349570,716,716,A,716,0.302777778,7,157,Columbus Ave,157 Columbus Ave,New York,NY,10032
7097812655,8/21/2013,21,1,349570,717,717,A,717,0.303472222,7,171,Columbus Ave,171 Columbus Ave,New York,NY,10032
7097812667,8/21/2013,21,1,349570,736,736,A,736,0.316666667,7,2578,Broadway,2578 Broadway,New York,NY,10032
7097812722,8/21/2013,21,1,349570,811,811,A,811,0.340972222,8,549,Lenox Ave,549 Lenox Ave,New York,NY,10032
7097812746,8/21/2013,19,2,349570,818,818,A,818,0.345833333,8,380,Lenox Ave,380 Lenox Ave,New York,NY,10032
7097812760,8/21/2013,21,1,349570,837,837,A,837,0.359027778,8,9,Fort Washington Ave,9 Fort Washington Ave,New York,NY,10032
7097812771,8/21/2013,21,1,349570,840,840,A,840,0.361111111,8,564,W 160th St,564 W 160th St,New York,NY,10032
7097812813,8/21/2013,21,1,349570,937,937,A,937,0.400694444,9,535,W 162nd St,535 W 162nd St,New York,NY,10032
7097812849,8/21/2013,21,1,349570,941,941,A,941,0.403472222,9,448,W 163rd St,448 W 163rd St,New York,NY,10032
7097812850,8/21/2013,21,1,349570,948,948,A,948,0.408333333,9,561,W 164th St,561 W 164th St,New York,NY,10032
7097812874,8/21/2013,48,3,349570,957,957,A,957,0.414583333,9,741,St Nicholas Ave,741 St Nicholas Ave,New York,NY,10032
7097812886,8/21/2013,48,3,349570,959,959,A,959,0.415972222,9,732,St Nicholas Ave,732 St Nicholas Ave,New York,NY,10032
7097812930,8/21/2013,21,1,349570,1137,1137,A,1137,0.484027778,11,710,W 187th St,710 W 187th St,New York,NY,10032
7097812590,8/21/2013,19,2,349570,548,548,A,548,0.241666667,5,2660,Broadway,2660 Broadway,New York,NY,10032
7097812618,8/21/2013,19,2,349570,623,623,A,623,0.265972222,6,2705,Broadway,2705 Broadway,New York,NY,10032
7097812679,8/21/2013,21,1,349570,737,737,A,737,0.317361111,7,2592,Broadway,2592 Broadway,New York,NY,10032
7097812680,8/21/2013,21,1,349570,738,738,A,738,0.318055556,7,2686,Broadway,2686 Broadway,New York,NY,10032
7097812692,8/21/2013,21,1,349570,741,741,A,741,0.320138889,7,2812,Broadway,2812 Broadway,New York,NY,10032
7097812709,8/21/2013,21,1,349570,742,742,A,742,0.320833333,7,2808,Broadway,2808 Broadway,New York,NY,10032
7097812710,8/21/2013,19,2,349570,745,745,A,745,0.322916667,7,2850,Broadway,2850 Broadway,New York,NY,10032
7097812734,8/21/2013,21,1,349570,812,812,A,812,0.341666667,8,539,Lenox Ave,539 Lenox Ave,New York,NY,10032
7097812758,8/21/2013,21,1,349570,823,823,A,823,0.349305556,8,271,W 125th St,271 W 125th St,New York,NY,10032
7097812783,8/21/2013,21,1,349570,906,906,A,906,0.379166667,9,551,W 160th St,551 W 160th St,New York,NY,10032
7097812795,8/21/2013,19,2,349570,911,911,A,911,0.382638889,9,3940,Broadway,3940 Broadway,New York,NY,10032
7097812801,8/21/2013,21,1,349570,936,936,A,936,0.4,9,545,W 162nd St,545 W 162nd St,New York,NY,10032
7097812825,8/21/2013,21,1,349570,938,938,A,938,0.401388889,9,505,W 162nd St,505 W 162nd St,New York,NY,10032
7097812837,8/21/2013,21,1,349570,940,940,A,940,0.402777778,9,469,W 162nd St,469 W 162nd St,New York,NY,10032
7097812862,8/21/2013,48,3,349570,955,955,A,955,0.413194444,9,753,St Nicholas Ave,753 St Nicholas Ave,New York,NY,10032
7097812898,8/21/2013,21,1,349570,1027,1027,A,1027,0.435416667,10,76,Thayer St,76 Thayer St,New York,NY,10032
7097812904,8/21/2013,46,3,349570,1102,1102,A,1102,0.459722222,11,15,Sickles St,15 Sickles St,New York,NY,10032
7097812916,8/21/2013,46,3,349570,1104,1104,A,1104,0.461111111,11,55,Sickles St,55 Sickles St,New York,NY,10032
7097812928,8/21/2013,21,1,349570,1136,1136,A,1136,0.483333333,11,675,W 187th St,675 W 187th St,New York,NY,10032
7097812953,8/21/2013,21,1,349570,1143,1143,A,1143,0.488194444,11,182,Bennett Ave,182 Bennett Ave,New York,NY,10032
7097812965,8/21/2013,21,1,349570,1147,1147,A,1147,0.490972222,11,801,W 190th St,801 W 190th St,New York,NY,10032
7097812989,8/23/2013,19,2,349570,624,624,A,624,0.266666667,6,2766,Broadway,2766 Broadway,New York,NY,10032
7097812990,8/23/2013,14,2,349570,706,706,A,706,0.295833333,7,503,Columbus Ave,503 Columbus Ave,New York,NY,10032
7097813015,8/23/2013,21,1,349570,742,742,A,742,0.320833333,7,508,W 114th St,508 W 114th St,New York,NY,10032
7097813027,8/23/2013,19,2,349570,745,745,A,745,0.322916667,7,545,W 110th St,545 W 110th St,New York,NY,10032
7097813064,8/23/2013,21,1,349570,821,821,A,821,0.347916667,8,736,W 151st St,736 W 151st St,New York,NY,10032
7097813076,8/23/2013,21,1,349570,836,836,A,836,0.358333333,8,318,W 121st St,318 W 121st St,New York,NY,10032
7097813088,8/23/2013,21,1,349570,838,838,A,838,0.359722222,8,364,W 121st St,364 W 121st St,New York,NY,10032
7097813120,8/23/2013,48,3,349570,847,847,A,847,0.365972222,8,147,W 120th St,147 W 120th St,New York,NY,10032
7097813143,8/23/2013,21,1,349570,911,911,A,911,0.382638889,9,6,St Nicholas Ter,6 St Nicholas Ter,New York,NY,10032
7097813167,8/23/2013,21,1,349570,940,940,A,940,0.402777778,9,100,W 128th St,100 W 128th St,New York,NY,10032
7097813180,8/23/2013,21,1,349570,943,943,A,943,0.404861111,9,70,W 128th St,70 W 128th St,New York,NY,10032
7097813192,8/23/2013,21,1,349570,945,945,A,945,0.40625,9,2,W 128th St,2 W 128th St,New York,NY,10032
7097813209,8/23/2013,21,1,349570,948,948,A,948,0.408333333,9,2,W 129th St,2 W 129th St,New York,NY,10032
7097813210,8/23/2013,21,1,349570,949,949,A,949,0.409027778,9,2,W 129th St,2 W 129th St,New York,NY,10032
7097813222,8/23/2013,21,1,349570,951,951,A,951,0.410416667,9,16,W 129th St,16 W 129th St,New York,NY,10032
7097813234,8/23/2013,40,2,349570,957,957,A,957,0.414583333,9,117-119,W 12th St,117-119 W 12th St,New York,NY,10032
7097813246,8/23/2013,21,1,349570,1006,1006,A,1006,0.420833333,10,17,E 128th St,17 E 128th St,New York,NY,10032
7097813258,8/23/2013,21,1,349570,1009,1009,A,1009,0.422916667,10,23,E 128th St,23 E 128th St,New York,NY,10032
7097813295,8/23/2013,21,1,349570,1108,1108,A,1108,0.463888889,11,134,Claremont Ave,134 Claremont Ave,New York,NY,10032
7097813337,8/23/2013,19,2,349570,1118,1118,A,1118,0.470833333,11,1225,Amsterdam Ave,1225 Amsterdam Ave,New York,NY,10032
7097813349,8/23/2013,21,1,349570,1120,1120,A,1120,0.472222222,11,500,W 122nd St,500 W 122nd St,New York,NY,10032
7097813350,8/23/2013,21,1,349570,1136,1136,A,1136,0.483333333,11,322,W 138th St,322 W 138th St,New York,NY,10032
7097813362,8/23/2013,21,1,349570,1138,1138,A,1138,0.484722222,11,318,W 138th St,318 W 138th St,New York,NY,10032
7097813374,8/23/2013,21,1,349570,1140,1140,A,1140,0.486111111,11,142,W 138th St,142 W 138th St,New York,NY,10032
7097813386,8/23/2013,21,1,349570,1142,1142,A,1142,0.4875,11,232,W 138th St,232 W 138th St,New York,NY,10032
7097813404,8/23/2013,21,1,349570,1147,1147,A,1147,0.490972222,11,110,W 137th St,110 W 137th St,New York,NY,10032
7097813428,8/23/2013,46,3,349570,101,101,P,1301,0.542361111,13,337,E 104th St,337 E 104th St,New York,NY,10032
7097813453,8/23/2013,46,3,349570,108,108,P,1308,0.547222222,13,250,E 105th St,250 E 105th St,New York,NY,10032
7097813489,8/23/2013,46,3,349570,122,122,P,1322,0.556944444,13,338,E 120th St,338 E 120th St,New York,NY,10032
7097813507,8/23/2013,48,3,349570,126,126,P,1326,0.559722222,13,400,E 120th St,400 E 120th St,New York,NY,10032
7097813520,8/23/2013,46,3,349570,139,139,P,1339,0.56875,13,170,E 116th St,170 E 116th St,New York,NY,10032
7097813544,8/23/2013,14,2,349570,144,144,P,1344,0.572222222,13,1815,Park Ave,1815 Park Ave,New York,NY,10032
7097813556,8/23/2013,19,2,349570,146,146,P,1346,0.573611111,13,108,E 125th St,108 E 125th St,New York,NY,10032
7097813570,8/23/2013,17,2,349570,153,153,P,1353,0.578472222,13,165,E 125th St,165 E 125th St,New York,NY,10032
7097813581,8/23/2013,16,2,349570,200,200,P,1400,0.583333333,14,218,E 125th St,218 E 125th St,New York,NY,10032
7097813593,8/23/2013,18,2,349570,210,210,P,1410,0.590277778,14,2401,2nd Ave,2401 2nd Ave,New York,NY,10032
7097813600,8/23/2013,18,2,349570,212,212,P,1412,0.591666667,14,2405,2nd Ave,2405 2nd Ave,New York,NY,10032
7097813611,8/23/2013,18,2,349570,214,214,P,1414,0.593055556,14,2285,2nd Ave,2285 2nd Ave,New York,NY,10032
7097813623,8/23/2013,18,2,349570,216,216,P,1416,0.594444444,14,2405,2nd Ave,2405 2nd Ave,New York,NY,10032
7097813635,8/23/2013,18,2,349570,221,221,P,1421,0.597916667,14,2401,2nd Ave,2401 2nd Ave,New York,NY,10032
7097813647,8/23/2013,46,3,349570,316,316,P,1516,0.636111111,15,176,E 116th St,176 E 116th St,New York,NY,10032
7097813106,8/23/2013,48,3,349570,844,844,A,844,0.363888889,8,204,W 120th St,204 W 120th St,New York,NY,10032
7097813118,8/23/2013,48,3,349570,846,846,A,846,0.365277778,8,145,W 120th St,145 W 120th St,New York,NY,10032
7097813131,8/23/2013,48,3,349570,849,849,A,849,0.367361111,8,125,W 120th St,125 W 120th St,New York,NY,10032
7097813003,8/23/2013,21,1,349570,739,739,A,739,0.31875,7,548,W 114th St,548 W 114th St,New York,NY,10032
7097813039,8/23/2013,21,1,349570,806,806,A,806,0.3375,8,554,W 148th St,554 W 148th St,New York,NY,10032
7097813040,8/23/2013,21,1,349570,807,807,A,807,0.338194444,8,506,W 148th St,506 W 148th St,New York,NY,10032
7097813155,8/23/2013,21,1,349570,913,913,A,913,0.384027778,9,2,St Nicholas Ter,2 St Nicholas Ter,New York,NY,10032
7097813179,8/23/2013,21,1,349570,941,941,A,941,0.403472222,9,100,W 128th St,100 W 128th St,New York,NY,10032
7097813260,8/23/2013,40,2,349570,1013,1013,A,1013,0.425694444,10,2,E 129th St,2 E 129th St,New York,NY,10032
7097813271,8/23/2013,21,1,349570,1106,1106,A,1106,0.4625,11,134,Claremont Ave,134 Claremont Ave,New York,NY,10032
7097813283,8/23/2013,21,1,349570,1107,1107,A,1107,0.463194444,11,134,Claremont Ave,134 Claremont Ave,New York,NY,10032
7097813301,8/23/2013,21,1,349570,1110,1110,A,1110,0.465277778,11,61,Claremont Ave,61 Claremont Ave,New York,NY,10032
7097813313,8/23/2013,21,1,349570,1112,1112,A,1112,0.466666667,11,47,Claremont Ave,47 Claremont Ave,New York,NY,10032
7097813325,8/23/2013,21,1,349570,1114,1114,A,1114,0.468055556,11,15,Claremont Ave,15 Claremont Ave,New York,NY,10032
7097813465,8/23/2013,46,3,349570,116,116,P,1316,0.552777778,13,345,E 119th St,345 E 119th St,New York,NY,10032
7097813477,8/23/2013,46,3,349570,119,119,P,1319,0.554861111,13,2195,3rd Ave,2195 3rd Ave,New York,NY,10032
7097813398,8/23/2013,21,1,349570,1146,1146,A,1146,0.490277778,11,101,W 137th St,101 W 137th St,New York,NY,10032
7097813416,8/23/2013,21,1,349570,1150,1150,A,1150,0.493055556,11,218,W 137th St,218 W 137th St,New York,NY,10032
7097813430,8/23/2013,46,3,349570,104,104,P,1304,0.544444444,13,2050,2nd Ave,2050 2nd Ave,New York,NY,10032
7097813441,8/23/2013,46,3,349570,105,105,P,1305,0.545138889,13,2050,2nd Ave,2050 2nd Ave,New York,NY,10032
7097813490,8/23/2013,46,3,349570,124,124,P,1324,0.558333333,13,346,E 120th St,346 E 120th St,New York,NY,10032
7097813519,8/23/2013,14,2,349570,132,132,P,1332,0.563888889,13,500,E 117th St,500 E 117th St,New York,NY,10032
7097813532,8/23/2013,14,2,349570,143,143,P,1343,0.571527778,13,1785,Park Ave,1785 Park Ave,New York,NY,10032
7097813568,8/23/2013,20,2,349570,148,148,P,1348,0.575,13,116,E 125th St,116 E 125th St,New York,NY,10032
7097813659,8/23/2013,19,2,349570,340,340,P,1540,0.652777778,15,161,E 116th St,161 E 116th St,New York,NY,10032
7097813660,8/24/2013,40,2,349570,637,637,A,637,0.275694444,6,1060,Amsterdam Ave,1060 Amsterdam Ave,New York,NY,10032
7097813672,8/24/2013,46,3,349570,642,642,A,642,0.279166667,6,825,West End Ave,825 West End Ave,New York,NY,10032
7097813684,8/24/2013,21,1,349570,711,711,A,711,0.299305556,7,850,Columbus Ave,850 Columbus Ave,New York,NY,10032
7097813696,8/24/2013,21,1,349570,712,712,A,712,0.3,7,850,Columbus Ave,850 Columbus Ave,New York,NY,10032
7097813702,8/24/2013,21,1,349570,713,713,A,713,0.300694444,7,850,Columbus Ave,850 Columbus Ave,New York,NY,10032
7097813751,8/24/2013,21,1,349570,724,724,A,724,0.308333333,7,906,Columbus Ave,906 Columbus Ave,New York,NY,10032
7097813763,8/24/2013,21,1,349570,725,725,A,725,0.309027778,7,902,Columbus Ave,902 Columbus Ave,New York,NY,10032
7097813775,8/24/2013,19,2,349570,737,737,A,737,0.317361111,7,2575,Broadway,2575 Broadway,New York,NY,10032
7097813799,8/24/2013,21,1,349570,742,742,A,742,0.320833333,7,2868,Broadway,2868 Broadway,New York,NY,10032
7097813817,8/24/2013,21,1,349570,807,807,A,807,0.338194444,8,2488,Adam Clayton Powell,2488 Adam Clayton Powell,New York,NY,10032
7097813829,8/24/2013,21,1,349570,809,809,A,809,0.339583333,8,2460,Adam Clayton Powell,2460 Adam Clayton Powell,New York,NY,10032
7097813880,8/24/2013,21,1,349570,815,815,A,815,0.34375,8,2446,Adam Clayton Powell,2446 Adam Clayton Powell,New York,NY,10032
7097813910,8/24/2013,21,1,349570,818,818,A,818,0.345833333,8,2368,Adam Clayton Powell,2368 Adam Clayton Powell,New York,NY,10032
7097813945,8/24/2013,21,1,349570,821,821,A,821,0.347916667,8,2364,Adam Clayton Powell,2364 Adam Clayton Powell,New York,NY,10032
7097813970,8/24/2013,21,1,349570,824,824,A,824,0.35,8,2363,Adam Clayton Powell,2363 Adam Clayton Powell,New York,NY,10032
7097813994,8/24/2013,21,1,349570,826,826,A,826,0.351388889,8,2348,Adam Clayton Powell,2348 Adam Clayton Powell,New York,NY,10032
7097814007,8/24/2013,21,1,349570,827,827,A,827,0.352083333,8,2340-46,Adam Clayton Powell,2340-46 Adam Clayton Powell,New York,NY,10032
7097814056,8/24/2013,21,1,349570,832,832,A,832,0.355555556,8,2306,Adam Clayton Powell,2306 Adam Clayton Powell,New York,NY,10032
7097814068,8/24/2013,21,1,349570,833,833,A,833,0.35625,8,2308,Adam Clayton Powell,2308 Adam Clayton Powell,New York,NY,10032
7097814070,8/24/2013,21,1,349570,837,837,A,837,0.359027778,8,525,Lenox Ave,525 Lenox Ave,New York,NY,10032
7097814111,8/24/2013,21,1,349570,850,850,A,850,0.368055556,8,454,Lenox Ave,454 Lenox Ave,New York,NY,10032
7097814123,8/24/2013,37,4,349570,909,909,A,909,0.38125,9,467,Lenox Ave,467 Lenox Ave,New York,NY,10032
7097814147,8/24/2013,38,5,349570,916,916,A,916,0.386111111,9,475,Lenox Ave,475 Lenox Ave,New York,NY,10032
7097814159,8/24/2013,37,4,349570,920,920,A,920,0.388888889,9,490,Lenox Ave,490 Lenox Ave,New York,NY,10032
7097814172,8/24/2013,38,5,349570,945,945,A,945,0.40625,9,525,Lenox Ave,525 Lenox Ave,New York,NY,10032
7097814196,8/24/2013,38,5,349570,953,953,A,953,0.411805556,9,2368,Adam Clayton Powell,2368 Adam Clayton Powell,New York,NY,10032
7097814226,8/24/2013,14,2,349570,1149,1149,A,1149,0.492361111,11,3855,9th Ave,3855 9th Ave,New York,NY,10032
7097814263,8/24/2013,13,2,349570,1204,4,P,1204,0.502777778,12,611,W 207th St,611 W 207th St,New York,NY,10032
7097814275,8/24/2013,46,3,349570,1224,24,P,1224,0.516666667,12,1431,St Nicholas Ave,1431 St Nicholas Ave,New York,NY,10032
7097813714,8/24/2013,21,1,349570,719,719,A,719,0.304861111,7,967,Columbus Ave,967 Columbus Ave,New York,NY,10032
7097813726,8/24/2013,21,1,349570,720,720,A,720,0.305555556,7,946,Columbus Ave,946 Columbus Ave,New York,NY,10032
7097813738,8/24/2013,21,1,349570,721,721,A,721,0.30625,7,942,Columbus Ave,942 Columbus Ave,New York,NY,10032
7097813740,8/24/2013,21,1,349570,722,722,A,722,0.306944444,7,924,Columbus Ave,924 Columbus Ave,New York,NY,10032
7097813787,8/24/2013,21,1,349570,738,738,A,738,0.318055556,7,2642,Broadway,2642 Broadway,New York,NY,10032
7097813805,8/24/2013,21,1,349570,745,745,A,745,0.322916667,7,2880,Broadway,2880 Broadway,New York,NY,10032
7097813830,8/24/2013,21,1,349570,810,810,A,810,0.340277778,8,2473,Adam Clayton Powell,2473 Adam Clayton Powell,New York,NY,10032
7097813842,8/24/2013,21,1,349570,811,811,A,811,0.340972222,8,2454,Adam Clayton Powell,2454 Adam Clayton Powell,New York,NY,10032
7097813854,8/24/2013,21,1,349570,812,812,A,812,0.341666667,8,2450,Adam Clayton Powell,2450 Adam Clayton Powell,New York,NY,10032
7097813866,8/24/2013,21,1,349570,814,814,A,814,0.343055556,8,2446-48,Adam Clayton Powell,2446-48 Adam Clayton Powell,New York,NY,10032
7097813878,8/24/2013,21,1,349570,814,814,A,814,0.343055556,8,2446,Adam Clayton Powell,2446 Adam Clayton Powell,New York,NY,10032
7097813891,8/24/2013,21,1,349570,817,817,A,817,0.345138889,8,2376,Adam Clayton Powell,2376 Adam Clayton Powell,New York,NY,10032
7097813908,8/24/2013,21,1,349570,818,818,A,818,0.345833333,8,2370,Adam Clayton Powell,2370 Adam Clayton Powell,New York,NY,10032
7097813921,8/24/2013,21,1,349570,819,819,A,819,0.346527778,8,2366,Adam Clayton Powell,2366 Adam Clayton Powell,New York,NY,10032
7097813933,8/24/2013,21,1,349570,820,820,A,820,0.347222222,8,2364,Adam Clayton Powell,2364 Adam Clayton Powell,New York,NY,10032
7097813957,8/24/2013,21,1,349570,822,822,A,822,0.348611111,8,2363,Adam Clayton Powell,2363 Adam Clayton Powell,New York,NY,10032
7097813969,8/24/2013,21,1,349570,823,823,A,823,0.349305556,8,2363,Adam Clayton Powell,2363 Adam Clayton Powell,New York,NY,10032
7097813982,8/24/2013,21,1,349570,824,824,A,824,0.35,8,2363,Adam Clayton Powell,2363 Adam Clayton Powell,New York,NY,10032
7097814019,8/24/2013,21,1,349570,828,828,A,828,0.352777778,8,2340-46,Adam Clayton Powell,2340-46 Adam Clayton Powell,New York,NY,10032
7097814020,8/24/2013,21,1,349570,828,828,A,828,0.352777778,8,2340-46,Adam Clayton Powell,2340-46 Adam Clayton Powell,New York,NY,10032
7097814032,8/24/2013,21,1,349570,830,830,A,830,0.354166667,8,2310,Adam Clayton Powell,2310 Adam Clayton Powell,New York,NY,10032
7097814044,8/24/2013,21,1,349570,831,831,A,831,0.354861111,8,2308,Adam Clayton Powell,2308 Adam Clayton Powell,New York,NY,10032
7097814081,8/24/2013,21,1,349570,839,839,A,839,0.360416667,8,2283,Adam Clayton Powell,2283 Adam Clayton Powell,New York,NY,10032
7097814093,8/24/2013,21,1,349570,840,840,A,840,0.361111111,8,2283,Adam Clayton Powell,2283 Adam Clayton Powell,New York,NY,10032
7097814100,8/24/2013,21,1,349570,842,842,A,842,0.3625,8,2288,Adam Clayton Powell,2288 Adam Clayton Powell,New York,NY,10032
7097814135,8/24/2013,38,5,349570,914,914,A,914,0.384722222,9,482,Lenox Ave,482 Lenox Ave,New York,NY,10032
7097814160,8/24/2013,37,4,349570,922,922,A,922,0.390277778,9,490,Lenox Ave,490 Lenox Ave,New York,NY,10032
7097814184,8/24/2013,37,4,349570,950,950,A,950,0.409722222,9,2348,Adam Clayton Powell,2348 Adam Clayton Powell,New York,NY,10032
7097814202,8/24/2013,13,2,349570,1139,1139,A,1139,0.485416667,11,609,207 St,609 207 St,New York,NY,10032
7097814214,8/24/2013,14,2,349570,1147,1147,A,1147,0.490972222,11,3855,9th Ave,3855 9th Ave,New York,NY,10032
7097814238,8/24/2013,14,2,349570,1150,1150,A,1150,0.493055556,11,3855,9th Ave,3855 9th Ave,New York,NY,10032
7097814240,8/24/2013,14,2,349570,1150,1150,A,1150,0.493055556,11,3855,9th Ave,3855 9th Ave,New York,NY,10032
7097814251,8/24/2013,38,5,349570,1200,0,P,1200,0.5,12,4915,Broadway,4915 Broadway,New York,NY,10032
7097814287,8/24/2013,46,3,349570,1240,40,P,1240,0.527777778,12,1402,St Nicholas Ave,1402 St Nicholas Ave,New York,NY,10032
7097814299,8/24/2013,19,2,349570,1243,43,P,1243,0.529861111,12,1388,St Nicholas Ave,1388 St Nicholas Ave,New York,NY,10032
7097814329,8/26/2013,21,1,349570,739,739,A,739,0.31875,7,2672,Broadway,2672 Broadway,New York,NY,10032
7097814330,8/26/2013,21,1,349570,806,806,A,806,0.3375,8,535,W 148th St,535 W 148th St,New York,NY,10032
7097814354,8/26/2013,21,1,349570,810,810,A,810,0.340277778,8,537,W 149th St,537 W 149th St,New York,NY,10032
7097814380,8/26/2013,21,1,349570,815,815,A,815,0.34375,8,570,W 150th St,570 W 150th St,New York,NY,10032
7097814391,8/26/2013,21,1,349570,837,837,A,837,0.359027778,8,212,W 120th St,212 W 120th St,New York,NY,10032
7097814408,8/26/2013,21,1,349570,842,842,A,842,0.3625,8,279,W 119th St,279 W 119th St,New York,NY,10032
7097814445,8/26/2013,21,1,349570,850,850,A,850,0.368055556,8,191,St Nicholas Ave,191 St Nicholas Ave,New York,NY,10032
7097814469,8/26/2013,21,1,349570,908,908,A,908,0.380555556,9,110,Convent Ave,110 Convent Ave,New York,NY,10032
7097814536,8/26/2013,21,1,349570,940,940,A,940,0.402777778,9,83,W 128th St,83 W 128th St,New York,NY,10032
7097814548,8/26/2013,21,1,349570,941,941,A,941,0.403472222,9,77,W 128th St,77 W 128th St,New York,NY,10032
7097814561,8/26/2013,21,1,349570,945,945,A,945,0.40625,9,25,W 128th St,25 W 128th St,New York,NY,10032
7097814597,8/26/2013,21,1,349570,950,950,A,950,0.409722222,9,81,W 127th St,81 W 127th St,New York,NY,10032
7097814603,8/26/2013,21,1,349570,1106,1106,A,1106,0.4625,11,121,La Salle St,121 La Salle St,New York,NY,10032
7097814627,8/26/2013,21,1,349570,1111,1111,A,1111,0.465972222,11,39,Claremont Ave,39 Claremont Ave,New York,NY,10032
7097814652,8/26/2013,21,1,349570,1117,1117,A,1117,0.470138889,11,532,W 122nd St,532 W 122nd St,New York,NY,10032
7097814688,8/26/2013,21,1,349570,1139,1139,A,1139,0.485416667,11,229,W 139th St,229 W 139th St,New York,NY,10032
7097814743,8/26/2013,19,2,349570,1200,0,P,1200,0.5,12,439,Lenox Ave,439 Lenox Ave,New York,NY,10032
7097814755,8/26/2013,46,3,349570,101,101,P,1301,0.542361111,13,250,E 105th St,250 E 105th St,New York,NY,10032
7097814810,8/26/2013,18,2,349570,212,212,P,1412,0.591666667,14,2049,2nd Ave,2049 2nd Ave,New York,NY,10032
7097814822,8/26/2013,16,2,349570,215,215,P,1415,0.59375,14,301,E 102nd St,301 E 102nd St,New York,NY,10032
7097814834,8/26/2013,46,3,349570,223,223,P,1423,0.599305556,14,2159,1st Ave,2159 1st Ave,New York,NY,10032
7097814883,8/26/2013,16,2,349570,249,249,P,1449,0.617361111,14,248,E 125th St,248 E 125th St,New York,NY,10032
7097814901,8/26/2013,18,2,349570,256,256,P,1456,0.622222222,14,2295,2nd Ave,2295 2nd Ave,New York,NY,10032
7097814913,8/26/2013,19,2,349570,259,259,P,1459,0.624305556,14,248,E 116th St,248 E 116th St,New York,NY,10032
7097814937,8/26/2013,19,2,349570,329,329,P,1529,0.645138889,15,405,E 116th St,405 E 116th St,New York,NY,10032
7097814949,8/26/2013,18,2,349570,333,333,P,1533,0.647916667,15,2039,2nd Ave,2039 2nd Ave,New York,NY,10032
7097814317,8/26/2013,21,1,349570,706,706,A,706,0.295833333,7,982,Columbus Ave,982 Columbus Ave,New York,NY,10032
7097814342,8/26/2013,21,1,349570,809,809,A,809,0.339583333,8,501,W 148th St,501 W 148th St,New York,NY,10032
7097814366,8/26/2013,19,2,349570,812,812,A,812,0.341666667,8,3626,Broadway,3626 Broadway,New York,NY,10032
7097814378,8/26/2013,84,5,349570,813,813,A,813,0.342361111,8,3626,Broadway,3626 Broadway,New York,NY,10032
7097814410,8/26/2013,21,1,349570,844,844,A,844,0.363888889,8,279,W 119th St,279 W 119th St,New York,NY,10032
7097814421,8/26/2013,21,1,349570,847,847,A,847,0.365972222,8,314,W 120th St,314 W 120th St,New York,NY,10032
7097814433,8/26/2013,21,1,349570,848,848,A,848,0.366666667,8,309,W 120th St,309 W 120th St,New York,NY,10032
7097814457,8/26/2013,21,1,349570,906,906,A,906,0.379166667,9,90-94,Convent Ave,90-94 Convent Ave,New York,NY,10032
7097814512,8/26/2013,46,3,349570,927,927,A,927,0.39375,9,408,W 130th St,408 W 130th St,New York,NY,10032
7097814524,8/26/2013,21,1,349570,937,937,A,937,0.400694444,9,121,W 128th St,121 W 128th St,New York,NY,10032
7097814550,8/26/2013,21,1,349570,943,943,A,943,0.404861111,9,75-73,W 128th St,75-73 W 128th St,New York,NY,10032
7097814573,8/26/2013,21,1,349570,947,947,A,947,0.407638889,9,1,W 128th St,1 W 128th St,New York,NY,10032
7097814585,8/26/2013,21,1,349570,949,949,A,949,0.409027778,9,74,W 128th St,74 W 128th St,New York,NY,10032
7097814615,8/26/2013,21,1,349570,1108,1108,A,1108,0.463888889,11,121,La Salle St,121 La Salle St,New York,NY,10032
7097814639,8/26/2013,21,1,349570,1112,1112,A,1112,0.466666667,11,21,Claremont Ave,21 Claremont Ave,New York,NY,10032
7097814640,8/26/2013,21,1,349570,1115,1115,A,1115,0.46875,11,540,W 122nd St,540 W 122nd St,New York,NY,10032
7097814664,8/26/2013,21,1,349570,1136,1136,A,1136,0.483333333,11,100,W 139th St,100 W 139th St,New York,NY,10032
7097814676,8/26/2013,21,1,349570,1138,1138,A,1138,0.484722222,11,141,W 139th St,141 W 139th St,New York,NY,10032
7097814690,8/26/2013,21,1,349570,1141,1141,A,1141,0.486805556,11,261,W 138th St,261 W 138th St,New York,NY,10032
7097814706,8/26/2013,21,1,349570,1145,1145,A,1145,0.489583333,11,176,W 137th St,176 W 137th St,New York,NY,10032
7097814718,8/26/2013,21,1,349570,1146,1146,A,1146,0.490277778,11,175,W 137th St,175 W 137th St,New York,NY,10032
7097814720,8/26/2013,21,1,349570,1151,1151,A,1151,0.49375,11,163,W 136th St,163 W 136th St,New York,NY,10032
7097814731,8/26/2013,21,1,349570,1155,1155,A,1155,0.496527778,11,161,W 136th St,161 W 136th St,New York,NY,10032
7097814767,8/26/2013,46,3,349570,105,105,P,1305,0.545138889,13,178,E 104th St,178 E 104th St,New York,NY,10032
7097814779,8/26/2013,73,5,349570,106,106,P,1306,0.545833333,13,178,E 104th St,178 E 104th St,New York,NY,10032
7097814780,8/26/2013,19,2,349570,138,138,P,1338,0.568055556,13,202,E 116th St,202 E 116th St,New York,NY,10032
7097814792,8/26/2013,19,2,349570,140,140,P,1340,0.569444444,13,161,E 116th St,161 E 116th St,New York,NY,10032
7097814809,8/26/2013,70,5,349570,141,141,P,1341,0.570138889,13,161,E 116th St,161 E 116th St,New York,NY,10032
7097814846,8/26/2013,19,2,349570,232,232,P,1432,0.605555556,14,248,E 116th St,248 E 116th St,New York,NY,10032
7097814858,8/26/2013,46,3,349570,240,240,P,1440,0.611111111,14,113,E 125th St,113 E 125th St,New York,NY,10032
7097814860,8/26/2013,46,3,349570,241,241,P,1441,0.611805556,14,111,E 125th St,111 E 125th St,New York,NY,10032
7097814871,8/26/2013,17,2,349570,243,243,P,1443,0.613194444,14,165,E 125th St,165 E 125th St,New York,NY,10032
7097814925,8/26/2013,14,2,349570,316,316,P,1516,0.636111111,15,2026,2nd Ave,2026 2nd Ave,New York,NY,10032
7097814962,8/27/2013,19,2,349570,636,636,A,636,0.275,6,2766,Broadway,2766 Broadway,New York,NY,10032
7097814974,8/27/2013,40,2,349570,643,643,A,643,0.279861111,6,1060,Amsterdam Ave,1060 Amsterdam Ave,New York,NY,10032
7097815012,8/27/2013,14,2,349570,718,718,A,718,0.304166667,7,290,Columbus Ave,290 Columbus Ave,New York,NY,10032
7097815036,8/27/2013,21,1,349570,736,736,A,736,0.316666667,7,2686,Broadway,2686 Broadway,New York,NY,10032
7097815073,8/27/2013,21,1,349570,744,744,A,744,0.322222222,7,524,W 114th St,524 W 114th St,New York,NY,10032
7097815097,8/27/2013,21,1,349570,749,749,A,749,0.325694444,7,525,W 120th St,525 W 120th St,New York,NY,10032
7097815103,8/27/2013,21,1,349570,751,751,A,751,0.327083333,7,525,W 120th St,525 W 120th St,New York,NY,10032
7097815115,8/27/2013,21,1,349570,753,753,A,753,0.328472222,7,525,W 120th St,525 W 120th St,New York,NY,10032
7097815140,8/27/2013,21,1,349570,808,808,A,808,0.338888889,8,521,W 146th St,521 W 146th St,New York,NY,10032
7097815164,8/27/2013,21,1,349570,837,837,A,837,0.359027778,8,270,W 119th St,270 W 119th St,New York,NY,10032
7097815190,8/27/2013,21,1,349570,912,912,A,912,0.383333333,9,374,W 127th St,374 W 127th St,New York,NY,10032
7097815220,8/27/2013,21,1,349570,917,917,A,917,0.386805556,9,35,St Nicholas Ter,35 St Nicholas Ter,New York,NY,10032
7097815243,8/27/2013,21,1,349570,940,940,A,940,0.402777778,9,125,W 128th St,125 W 128th St,New York,NY,10032
7097815280,8/27/2013,40,2,349570,954,954,A,954,0.4125,9,73,W 130th St,73 W 130th St,New York,NY,10032
7097815309,8/27/2013,21,1,349570,1012,1012,A,1012,0.425,10,364,W 116th St,364 W 116th St,New York,NY,10032
7097815358,8/27/2013,21,1,349570,1110,1110,A,1110,0.465277778,11,58,Riverside Dr,58 Riverside Dr,New York,NY,10032
7097815395,8/27/2013,21,1,349570,1140,1140,A,1140,0.486111111,11,308,W 138th St,308 W 138th St,New York,NY,10032
7097815401,8/27/2013,21,1,349570,1141,1141,A,1141,0.486805556,11,244,W 138th St,244 W 138th St,New York,NY,10032
7097815413,8/27/2013,21,1,349570,1144,1144,A,1144,0.488888889,11,218,W 138th St,218 W 138th St,New York,NY,10032
7097815437,8/27/2013,21,1,349570,1149,1149,A,1149,0.492361111,11,101,W 137th St,101 W 137th St,New York,NY,10032
7097815449,8/27/2013,21,1,349570,1150,1150,A,1150,0.493055556,11,101,W 137th St,101 W 137th St,New York,NY,10032
7097815450,8/27/2013,21,1,349570,1210,10,P,1210,0.506944444,12,52,W 132nd St,52 W 132nd St,New York,NY,10032
7097815218,8/27/2013,21,1,349570,915,915,A,915,0.385416667,9,408,W 128th St,408 W 128th St,New York,NY,10032
7097815231,8/27/2013,21,1,349570,919,919,A,919,0.388194444,9,2,St Nicholas Ter,2 St Nicholas Ter,New York,NY,10032
7097815255,8/27/2013,21,1,349570,943,943,A,943,0.404861111,9,70,W 128th St,70 W 128th St,New York,NY,10032
7097815267,8/27/2013,21,1,349570,943,943,A,943,0.404861111,9,70,W 128th St,70 W 128th St,New York,NY,10032
7097815279,8/27/2013,21,1,349570,949,949,A,949,0.409027778,9,2153,Adam Clayton Powell,2153 Adam Clayton Powell,New York,NY,10032
7097815310,8/27/2013,21,1,349570,1015,1015,A,1015,0.427083333,10,16,Morningside Ave,16 Morningside Ave,New York,NY,10032
7097815322,8/27/2013,19,2,349570,1034,1034,A,1034,0.440277778,10,2620,Broadway,2620 Broadway,New York,NY,10032
7097815334,8/27/2013,21,1,349570,1106,1106,A,1106,0.4625,11,314,W 77th St,314 W 77th St,New York,NY,10032
7097815346,8/27/2013,21,1,349570,1108,1108,A,1108,0.463888889,11,318,W 77th St,318 W 77th St,New York,NY,10032
7097815383,8/27/2013,21,1,349570,1138,1138,A,1138,0.484722222,11,318,W 138th St,318 W 138th St,New York,NY,10032
7097815425,8/27/2013,21,1,349570,1147,1147,A,1147,0.490972222,11,104,W 138th St,104 W 138th St,New York,NY,10032
7097814950,8/27/2013,46,3,349570,539,539,A,539,0.235416667,5,207,Central Park North,207 Central Park North,New York,NY,10032
7097814986,8/27/2013,21,1,349570,706,706,A,706,0.295833333,7,988,Columbus Ave,988 Columbus Ave,New York,NY,10032
7097814998,8/27/2013,21,1,349570,710,710,A,710,0.298611111,7,830,Columbus Ave,830 Columbus Ave,New York,NY,10032
7097815024,8/27/2013,19,2,349570,726,726,A,726,0.309722222,7,2568,Broadway,2568 Broadway,New York,NY,10032
7097815048,8/27/2013,21,1,349570,738,738,A,738,0.318055556,7,2796,Broadway,2796 Broadway,New York,NY,10032
7097815050,8/27/2013,21,1,349570,739,739,A,739,0.31875,7,2802,Broadway,2802 Broadway,New York,NY,10032
7097815061,8/27/2013,21,1,349570,741,741,A,741,0.320138889,7,2848,Broadway,2848 Broadway,New York,NY,10032
7097815085,8/27/2013,21,1,349570,748,748,A,748,0.325,7,525,W 120th St,525 W 120th St,New York,NY,10032
7097815127,8/27/2013,21,1,349570,806,806,A,806,0.3375,8,525,W 146th St,525 W 146th St,New York,NY,10032
7097815139,8/27/2013,21,1,349570,807,807,A,807,0.338194444,8,521,W 146th St,521 W 146th St,New York,NY,10032
7097815152,8/27/2013,21,1,349570,812,812,A,812,0.341666667,8,569,W 150th St,569 W 150th St,New York,NY,10032
7097815176,8/27/2013,21,1,349570,840,840,A,840,0.361111111,8,282,W 119th St,282 W 119th St,New York,NY,10032
7097815188,8/27/2013,21,1,349570,909,909,A,909,0.38125,9,357,W 127th St,357 W 127th St,New York,NY,10032
7097815206,8/27/2013,21,1,349570,914,914,A,914,0.384722222,9,128,W 128th St,128 W 128th St,New York,NY,10032
7097815796,8/28/2013,21,1,349570,1143,1143,A,1143,0.488194444,11,667,W 161st St,667 W 161st St,New York,NY,10032
7097815747,8/28/2013,21,1,349570,1138,1138,A,1138,0.484722222,11,65,Ft Washington Ave,65 Ft Washington Ave,New York,NY,10032
7097815735,8/28/2013,21,1,349570,1136,1136,A,1136,0.483333333,11,600,W 161st St,600 W 161st St,New York,NY,10032
7097815700,8/28/2013,14,2,349570,1045,1045,A,1045,0.447916667,10,216,Ft Washington Ave,216 Ft Washington Ave,New York,NY,10032
7097815693,8/28/2013,48,3,349570,1002,1002,A,1002,0.418055556,10,260,Ft Washington Ave,260 Ft Washington Ave,New York,NY,10032
7097815668,8/28/2013,21,1,349570,952,952,A,952,0.411111111,9,561,W 161st St,561 W 161st St,New York,NY,10032
7097815632,8/28/2013,21,1,349570,943,943,A,943,0.404861111,9,461,W 164th St,461 W 164th St,New York,NY,10032
7097815619,8/28/2013,21,1,349570,937,937,A,937,0.400694444,9,539,W 162nd St,539 W 162nd St,New York,NY,10032
7097815589,8/28/2013,71,5,349570,844,844,A,844,0.363888889,8,453,W 164th St,453 W 164th St,New York,NY,10032
7097815577,8/28/2013,21,1,349570,840,840,A,840,0.361111111,8,564,W 160th St,564 W 160th St,New York,NY,10032
7097815565,8/28/2013,21,1,349570,839,839,A,839,0.360416667,8,601,W 160th St,601 W 160th St,New York,NY,10032
7097815553,8/28/2013,21,1,349570,838,838,A,838,0.359722222,8,601,W 160th St,601 W 160th St,New York,NY,10032
7097815530,8/28/2013,21,1,349570,809,809,A,809,0.339583333,8,3928,Broadway,3928 Broadway,New York,NY,10032
7097815486,8/28/2013,14,2,349570,715,715,A,715,0.302083333,7,236,Columbus Ave,236 Columbus Ave,New York,NY,10032
7097815474,8/28/2013,21,1,349570,707,707,A,707,0.296527778,7,967,Columbus Ave,967 Columbus Ave,New York,NY,10032
7097815802,8/28/2013,21,1,349570,1146,1146,A,1146,0.490277778,11,665,W 160th St,665 W 160th St,New York,NY,10032
7097815784,8/28/2013,21,1,349570,1141,1141,A,1141,0.486805556,11,667,W 161st St,667 W 161st St,New York,NY,10032
7097815772,8/28/2013,71,5,349570,1141,1141,A,1141,0.486805556,11,654,W 161st St,654 W 161st St,New York,NY,10032
7097815760,8/28/2013,21,1,349570,1140,1140,A,1140,0.486111111,11,654,W 161st St,654 W 161st St,New York,NY,10032
7097815759,8/28/2013,21,1,349570,1138,1138,A,1138,0.484722222,11,65,Ft Washington Ave,65 Ft Washington Ave,New York,NY,10032
7097815723,8/28/2013,14,2,349570,1056,1056,A,1056,0.455555556,10,177,Ft Washington Ave,177 Ft Washington Ave,New York,NY,10032
7097815711,8/28/2013,46,3,349570,1054,1054,A,1054,0.454166667,10,177,Ft Washington Ave,177 Ft Washington Ave,New York,NY,10032
7097815681,8/28/2013,48,3,349570,1001,1001,A,1001,0.417361111,10,250,Ft Washington Ave,250 Ft Washington Ave,New York,NY,10032
7097815670,8/28/2013,14,2,349570,956,956,A,956,0.413888889,9,600,W 165th St,600 W 165th St,New York,NY,10032
7097815644,8/28/2013,21,1,349570,945,945,A,945,0.40625,9,434,W 164th St,434 W 164th St,New York,NY,10032
7097815620,8/28/2013,21,1,349570,939,939,A,939,0.402083333,9,505,W 162nd St,505 W 162nd St,New York,NY,10032
7097815607,8/28/2013,21,1,349570,936,936,A,936,0.4,9,535,W 163rd St,535 W 163rd St,New York,NY,10032
7097815528,8/28/2013,21,1,349570,808,808,A,808,0.338888889,8,3924,Broadway,3924 Broadway,New York,NY,10032
7097815516,8/28/2013,21,1,349570,807,807,A,807,0.338194444,8,3920,Broadway,3920 Broadway,New York,NY,10032
7097815504,8/28/2013,21,1,349570,738,738,A,738,0.318055556,7,2652,Broadway,2652 Broadway,New York,NY,10032
7097815498,8/28/2013,21,1,349570,736,736,A,736,0.316666667,7,2642,Broadway,2642 Broadway,New York,NY,10032
7097815462,8/28/2013,19,2,349570,645,645,A,645,0.28125,6,2831,Broadway,2831 Broadway,New York,NY,10032
7097816569,8/29/2013,46,3,349570,156,156,P,1356,0.580555556,13,1901,Lexington Ave,1901 Lexington Ave,New York,NY,10032
7097816557,8/29/2013,16,2,349570,149,149,P,1349,0.575694444,13,252,E 125th St,252 E 125th St,New York,NY,10032
7097816533,8/29/2013,17,2,349570,139,139,P,1339,0.56875,13,116,E 125th St,116 E 125th St,New York,NY,10032
7097816508,8/29/2013,46,3,349570,127,127,P,1327,0.560416667,13,326,E 116th St,326 E 116th St,New York,NY,10032
7097816491,8/29/2013,46,3,349570,125,125,P,1325,0.559027778,13,306,E 116th St,306 E 116th St,New York,NY,10032
7097816417,8/29/2013,21,1,349570,1145,1145,A,1145,0.489583333,11,313,W 136th St,313 W 136th St,New York,NY,10032
7097816405,8/29/2013,71,5,349570,1143,1143,A,1143,0.488194444,11,323,W 137th St,323 W 137th St,New York,NY,10032
7097816399,8/29/2013,21,1,349570,1142,1142,A,1142,0.4875,11,323,W 137th St,323 W 137th St,New York,NY,10032
7097816387,8/29/2013,21,1,349570,1141,1141,A,1141,0.486805556,11,307,W 137th St,307 W 137th St,New York,NY,10032
7097816351,8/29/2013,21,1,349570,1137,1137,A,1137,0.484027778,11,101,Edgecombe Ave,101 Edgecombe Ave,New York,NY,10032
7097816326,8/29/2013,21,1,349570,1120,1120,A,1120,0.472222222,11,15,Claremont Ave,15 Claremont Ave,New York,NY,10032
7097816284,8/29/2013,21,1,349570,1112,1112,A,1112,0.466666667,11,80,Claremont Ave,80 Claremont Ave,New York,NY,10032
7097816272,8/29/2013,21,1,349570,1109,1109,A,1109,0.464583333,11,134,Claremont Ave,134 Claremont Ave,New York,NY,10032
7097816260,8/29/2013,21,1,349570,1108,1108,A,1108,0.463888889,11,150,Claremont Ave,150 Claremont Ave,New York,NY,10032
7097816259,8/29/2013,21,1,349570,1013,1013,A,1013,0.425694444,10,30,St Nicholas Pl,30 St Nicholas Pl,New York,NY,10032
7097816235,8/29/2013,21,1,349570,945,945,A,945,0.40625,9,35-39,W 129th St,35-39 W 129th St,New York,NY,10032
7097816223,8/29/2013,21,1,349570,941,941,A,941,0.403472222,9,133,W 130th St,133 W 130th St,New York,NY,10032
7097816211,8/29/2013,21,1,349570,938,938,A,938,0.401388889,9,133,W 131st St,133 W 131st St,New York,NY,10032
7097816181,8/29/2013,21,1,349570,910,910,A,910,0.381944444,9,110,Convent Ave,110 Convent Ave,New York,NY,10032
7097816170,8/29/2013,21,1,349570,907,907,A,907,0.379861111,9,102,Convent Ave,102 Convent Ave,New York,NY,10032
7097816144,8/29/2013,21,1,349570,852,852,A,852,0.369444444,8,109,W 120th St,109 W 120th St,New York,NY,10032
7097816120,8/29/2013,21,1,349570,845,845,A,845,0.364583333,8,149,W 121st St,149 W 121st St,New York,NY,10032
7097816030,8/29/2013,21,1,349570,807,807,A,807,0.338194444,8,565,W 148th St,565 W 148th St,New York,NY,10032
7097816028,8/29/2013,21,1,349570,806,806,A,806,0.3375,8,565,W 148th St,565 W 148th St,New York,NY,10032
7097816016,8/29/2013,19,2,349570,757,757,A,757,0.33125,7,3320,Broadway,3320 Broadway,New York,NY,10032
7097815980,8/29/2013,21,1,349570,742,742,A,742,0.320833333,7,2688,Broadway,2688 Broadway,New York,NY,10032
7097815966,8/29/2013,14,2,349570,717,717,A,717,0.303472222,7,520,Columbus Ave,520 Columbus Ave,New York,NY,10032
7097815954,8/29/2013,21,1,349570,712,712,A,712,0.3,7,525,Columbus Ave,525 Columbus Ave,New York,NY,10032
7097815942,8/29/2013,21,1,349570,710,710,A,710,0.298611111,7,912,Columbus Ave,912 Columbus Ave,New York,NY,10032
7097815930,8/29/2013,21,1,349570,707,707,A,707,0.296527778,7,984,Columbus Ave,984 Columbus Ave,New York,NY,10032
7097815905,8/29/2013,48,3,349570,651,651,A,651,0.285416667,6,51,W 106th St,51 W 106th St,New York,NY,10032
7097815875,8/29/2013,21,1,349570,639,639,A,639,0.277083333,6,865,Columbus Ave,865 Columbus Ave,New York,NY,10032
7097815851,8/29/2013,84,5,349570,546,546,A,546,0.240277778,5,545,W 110th St,545 W 110th St,New York,NY,10032
7097815840,8/29/2013,19,2,349570,545,545,A,545,0.239583333,5,545,W 110th St,545 W 110th St,New York,NY,10032
7097816673,8/29/2013,46,3,349570,227,227,P,1427,0.602083333,14,165,E 125th St,165 E 125th St,New York,NY,10032
7097816650,8/29/2013,20,2,349570,223,223,P,1423,0.599305556,14,116,E 125th St,116 E 125th St,New York,NY,10032
7097816636,8/29/2013,46,3,349570,212,212,P,1412,0.591666667,14,234,E 116th St,234 E 116th St,New York,NY,10032
7097816594,8/29/2013,46,3,349570,204,204,P,1404,0.586111111,14,226,E 116th St,226 E 116th St,New York,NY,10032
7097816582,8/29/2013,19,2,349570,200,200,P,1400,0.583333333,14,161,E 116th St,161 E 116th St,New York,NY,10032
7097816661,8/29/2013,17,2,349570,225,225,P,1425,0.600694444,14,116,E 125th St,116 E 125th St,New York,NY,10032
7097816624,8/29/2013,10,2,349570,210,210,P,1410,0.590277778,14,2262,2nd Ave,2262 2nd Ave,New York,NY,10032
7097816612,8/29/2013,18,2,349570,209,209,P,1409,0.589583333,14,2305,2nd Ave,2305 2nd Ave,New York,NY,10032
7097816600,8/29/2013,19,2,349570,205,205,P,1405,0.586805556,14,2260,1st Ave,2260 1st Ave,New York,NY,10032
7097816570,8/29/2013,46,3,349570,158,158,P,1358,0.581944444,13,170,E 116th St,170 E 116th St,New York,NY,10032
7097816545,8/29/2013,46,3,349570,140,140,P,1340,0.569444444,13,131-135,E 125th St,131-135 E 125th St,New York,NY,10032
7097816521,8/29/2013,48,3,349570,132,132,P,1332,0.563888889,13,2319,1st Ave,2319 1st Ave,New York,NY,10032
7097816510,8/29/2013,48,3,349570,129,129,P,1329,0.561805556,13,2267,1st Ave,2267 1st Ave,New York,NY,10032
7097816480,8/29/2013,46,3,349570,121,121,P,1321,0.55625,13,156,E 116th St,156 E 116th St,New York,NY,10032
7097816478,8/29/2013,46,3,349570,113,113,P,1313,0.550694444,13,250,E 105th St,250 E 105th St,New York,NY,10032
7097816466,8/29/2013,19,2,349570,107,107,P,1307,0.546527778,13,211,E 106th St,211 E 106th St,New York,NY,10032
7097816454,8/29/2013,21,1,349570,1156,1156,A,1156,0.497222222,11,137,W 137th St,137 W 137th St,New York,NY,10032
7097816442,8/29/2013,21,1,349570,1154,1154,A,1154,0.495833333,11,107-09,W 137th St,107-09 W 137th St,New York,NY,10032
7097816430,8/29/2013,21,1,349570,1152,1152,A,1152,0.494444444,11,560,Lenox Ave,560 Lenox Ave,New York,NY,10032
7097816429,8/29/2013,21,1,349570,1150,1150,A,1150,0.493055556,11,101,W 136th St,101 W 136th St,New York,NY,10032
7097816375,8/29/2013,21,1,349570,1139,1139,A,1139,0.485416667,11,311,W 138th St,311 W 138th St,New York,NY,10032
7097816363,8/29/2013,21,1,349570,1138,1138,A,1138,0.484722222,11,321,W 138th St,321 W 138th St,New York,NY,10032
7097816340,8/29/2013,21,1,349570,1136,1136,A,1136,0.483333333,11,101,Edgecombe Ave,101 Edgecombe Ave,New York,NY,10032
7097816338,8/29/2013,21,1,349570,1121,1121,A,1121,0.472916667,11,15,Claremont Ave,15 Claremont Ave,New York,NY,10032
7097816314,8/29/2013,21,1,349570,1118,1118,A,1118,0.470833333,11,15,Claremont Ave,15 Claremont Ave,New York,NY,10032
7097816302,8/29/2013,21,1,349570,1116,1116,A,1116,0.469444444,11,21,Claremont Ave,21 Claremont Ave,New York,NY,10032
7097816247,8/29/2013,21,1,349570,949,949,A,949,0.409027778,9,393,Lenox Ave,393 Lenox Ave,New York,NY,10032
7097816200,8/29/2013,21,1,349570,936,936,A,936,0.4,9,110,W 131st St,110 W 131st St,New York,NY,10032
7097816168,8/29/2013,21,1,349570,906,906,A,906,0.379166667,9,96-100,Convent Ave,96-100 Convent Ave,New York,NY,10032
7097816156,8/29/2013,21,1,349570,855,855,A,855,0.371527778,8,119,W 119th St,119 W 119th St,New York,NY,10032
7097816132,8/29/2013,21,1,349570,848,848,A,848,0.366666667,8,267,W 121st St,267 W 121st St,New York,NY,10032
7097816090,8/29/2013,21,1,349570,838,838,A,838,0.359722222,8,209,W 122nd St,209 W 122nd St,New York,NY,10032
7097816089,8/29/2013,21,1,349570,836,836,A,836,0.358333333,8,235,W 122nd St,235 W 122nd St,New York,NY,10032
7097816077,8/29/2013,21,1,349570,816,816,A,816,0.344444444,8,537,W 150th St,537 W 150th St,New York,NY,10032
7097816065,8/29/2013,21,1,349570,812,812,A,812,0.341666667,8,537,W 149th St,537 W 149th St,New York,NY,10032
7097816053,8/29/2013,21,1,349570,811,811,A,811,0.340972222,8,523,W 149th St,523 W 149th St,New York,NY,10032
7097816041,8/29/2013,21,1,349570,810,810,A,810,0.340277778,8,519,W 148th St,519 W 148th St,New York,NY,10032
7097816004,8/29/2013,19,2,349570,748,748,A,748,0.325,7,2848,Broadway,2848 Broadway,New York,NY,10032
7097815991,8/29/2013,21,1,349570,743,743,A,743,0.321527778,7,2688,Broadway,2688 Broadway,New York,NY,10032
7097815978,8/29/2013,21,1,349570,740,740,A,740,0.319444444,7,2688,Broadway,2688 Broadway,New York,NY,10032
7097815929,8/29/2013,21,1,349570,706,706,A,706,0.295833333,7,998,Columbus Ave,998 Columbus Ave,New York,NY,10032
7097815917,8/29/2013,71,5,349570,702,702,A,702,0.293055556,7,998,Columbus Ave,998 Columbus Ave,New York,NY,10032
7097815899,8/29/2013,21,1,349570,642,642,A,642,0.279166667,6,845,Columbus Ave,845 Columbus Ave,New York,NY,10032
7097815887,8/29/2013,21,1,349570,641,641,A,641,0.278472222,6,845,Columbus Ave,845 Columbus Ave,New York,NY,10032
7097815863,8/29/2013,21,1,349570,638,638,A,638,0.276388889,6,865,Columbus Ave,865 Columbus Ave,New York,NY,10032
7097817446,8/30/2013,46,3,349570,243,243,P,1443,0.613194444,14,353,E 116th St,353 E 116th St,New York,NY,10032
7097817434,8/30/2013,46,3,349570,240,240,P,1440,0.611111111,14,357,E 116th St,357 E 116th St,New York,NY,10032
7097817422,8/30/2013,46,3,349570,236,236,P,1436,0.608333333,14,350,E 116th St,350 E 116th St,New York,NY,10032
7097817410,8/30/2013,73,5,349570,233,233,P,1433,0.60625,14,322,E 116th St,322 E 116th St,New York,NY,10032
7097817409,8/30/2013,46,3,349570,232,232,P,1432,0.605555556,14,322,E 116th St,322 E 116th St,New York,NY,10032
7097817392,8/30/2013,46,3,349570,222,222,P,1422,0.598611111,14,218,E 116th St,218 E 116th St,New York,NY,10032
7097817380,8/30/2013,46,3,349570,221,221,P,1421,0.597916667,14,210,E 116th St,210 E 116th St,New York,NY,10032
7097817379,8/30/2013,19,2,349570,219,219,P,1419,0.596527778,14,218,E 116th St,218 E 116th St,New York,NY,10032
7097817367,8/30/2013,19,2,349570,216,216,P,1416,0.594444444,14,161,E 116th St,161 E 116th St,New York,NY,10032
7097817355,8/30/2013,18,2,349570,208,208,P,1408,0.588888889,14,2403,2nd Ave,2403 2nd Ave,New York,NY,10032
7097817331,8/30/2013,16,2,349570,202,202,P,1402,0.584722222,14,252,E 125th St,252 E 125th St,New York,NY,10032
7097817318,8/30/2013,46,3,349570,151,151,P,1351,0.577083333,13,350,E 116th St,350 E 116th St,New York,NY,10032
7097817288,8/30/2013,19,2,349570,145,145,P,1345,0.572916667,13,157,E 116th St,157 E 116th St,New York,NY,10032
7097817264,8/30/2013,46,3,349570,121,121,P,1321,0.55625,13,107,W 136th St,107 W 136th St,New York,NY,10032
7097817239,8/30/2013,19,2,349570,105,105,P,1305,0.545138889,13,1627,Amsterdam Ave,1627 Amsterdam Ave,New York,NY,10032
7097817227,8/30/2013,21,1,349570,1150,1150,A,1150,0.493055556,11,200,W 137th St,200 W 137th St,New York,NY,10032
7097817197,8/30/2013,21,1,349570,1144,1144,A,1144,0.488888889,11,162,W 136th St,162 W 136th St,New York,NY,10032
7097817185,8/30/2013,21,1,349570,1144,1144,A,1144,0.488888889,11,160,W 136th St,160 W 136th St,New York,NY,10032
7097817173,8/30/2013,21,1,349570,1142,1142,A,1142,0.4875,11,232,W 136th St,232 W 136th St,New York,NY,10032
7097817124,8/30/2013,51,3,349570,1054,1054,A,1054,0.454166667,10,25,Ft Washington Ave,25 Ft Washington Ave,New York,NY,10032
7097817094,8/30/2013,19,2,349570,1041,1041,A,1041,0.445138889,10,344,Ft Washington Ave,344 Ft Washington Ave,New York,NY,10032
7097817070,8/30/2013,21,1,349570,1024,1024,A,1024,0.433333333,10,552,W 171st St,552 W 171st St,New York,NY,10032
7097817069,8/30/2013,21,1,349570,1022,1022,A,1022,0.431944444,10,566,W 171st St,566 W 171st St,New York,NY,10032
7097817045,8/30/2013,19,2,349570,958,958,A,958,0.415277778,9,1620,Amsterdam Ave,1620 Amsterdam Ave,New York,NY,10032
7097817021,8/30/2013,21,1,349570,940,940,A,940,0.402777778,9,65,W 130th St,65 W 130th St,New York,NY,10032
7097816995,8/30/2013,21,1,349570,914,914,A,914,0.384722222,9,106,Convent Ave,106 Convent Ave,New York,NY,10032
7097816960,8/30/2013,21,1,349570,907,907,A,907,0.379861111,9,357,W 127th St,357 W 127th St,New York,NY,10032
7097816892,8/30/2013,21,1,349570,812,812,A,812,0.341666667,8,510,W 149th St,510 W 149th St,New York,NY,10032
7097816820,8/30/2013,21,1,349570,742,742,A,742,0.320833333,7,2688,Broadway,2688 Broadway,New York,NY,10032
7097816806,8/30/2013,21,1,349570,739,739,A,739,0.31875,7,2686,Broadway,2686 Broadway,New York,NY,10032
7097816752,8/30/2013,84,5,349570,629,629,A,629,0.270138889,6,545,W 110th St,545 W 110th St,New York,NY,10032
7097816740,8/30/2013,19,2,349570,628,628,A,628,0.269444444,6,545,W 110th St,545 W 110th St,New York,NY,10032
7097816727,8/30/2013,84,5,349570,542,542,A,542,0.2375,5,2840,Broadway,2840 Broadway,New York,NY,10032
7097816715,8/30/2013,19,2,349570,540,540,A,540,0.236111111,5,2840,Broadway,2840 Broadway,New York,NY,10032
7097817343,8/30/2013,18,2,349570,206,206,P,1406,0.5875,14,2413,2nd Ave,2413 2nd Ave,New York,NY,10032
7097817320,8/30/2013,16,2,349570,156,156,P,1356,0.580555556,13,250,E 125th St,250 E 125th St,New York,NY,10032
7097817306,8/30/2013,19,2,349570,149,149,P,1349,0.575694444,13,248,E 116th St,248 E 116th St,New York,NY,10032
7097817290,8/30/2013,46,3,349570,147,147,P,1347,0.574305556,13,170,E 116th St,170 E 116th St,New York,NY,10032
7097817276,8/30/2013,46,3,349570,142,142,P,1342,0.570833333,13,2108,3rd Ave,2108 3rd Ave,New York,NY,10032
7097817252,8/30/2013,46,3,349570,114,114,P,1314,0.551388889,13,115,W 138th St,115 W 138th St,New York,NY,10032
7097817240,8/30/2013,46,3,349570,113,113,P,1313,0.550694444,13,128,W 138th St,128 W 138th St,New York,NY,10032
7097817215,8/30/2013,21,1,349570,1148,1148,A,1148,0.491666667,11,116,W 137th St,116 W 137th St,New York,NY,10032
7097817203,8/30/2013,21,1,349570,1147,1147,A,1147,0.490972222,11,110,W 137th St,110 W 137th St,New York,NY,10032
7097817161,8/30/2013,21,1,349570,1129,1129,A,1129,0.478472222,11,404,Riverside Dr,404 Riverside Dr,New York,NY,10032
7097817148,8/30/2013,21,1,349570,1114,1114,A,1114,0.468055556,11,21,Claremont Ave,21 Claremont Ave,New York,NY,10032
7097817136,8/30/2013,21,1,349570,1112,1112,A,1112,0.466666667,11,61,Claremont Ave,61 Claremont Ave,New York,NY,10032
7097817112,8/30/2013,14,2,349570,1050,1050,A,1050,0.451388889,10,177,Ft Washington Ave,177 Ft Washington Ave,New York,NY,10032
7097817033,8/30/2013,21,1,349570,944,944,A,944,0.405555556,9,5,W 127th St,5 W 127th St,New York,NY,10032
7097817010,8/30/2013,21,1,349570,936,936,A,936,0.4,9,120,W 131st St,120 W 131st St,New York,NY,10032
7097817008,8/30/2013,21,1,349570,916,916,A,916,0.386111111,9,106,Convent Ave,106 Convent Ave,New York,NY,10032
7097816983,8/30/2013,21,1,349570,910,910,A,910,0.381944444,9,376,W 127th St,376 W 127th St,New York,NY,10032
7097816971,8/30/2013,21,1,349570,909,909,A,909,0.38125,9,368,W 127th St,368 W 127th St,New York,NY,10032
7097816958,8/30/2013,21,1,349570,840,840,A,840,0.361111111,8,350,W 122nd St,350 W 122nd St,New York,NY,10032
7097816922,8/30/2013,21,1,349570,823,823,A,823,0.349305556,8,520,W 150th St,520 W 150th St,New York,NY,10032
7097816910,8/30/2013,21,1,349570,819,819,A,819,0.346527778,8,561,W 149th St,561 W 149th St,New York,NY,10032
7097816909,8/30/2013,21,1,349570,813,813,A,813,0.342361111,8,524,W 149th St,524 W 149th St,New York,NY,10032
7097816880,8/30/2013,21,1,349570,811,811,A,811,0.340972222,8,504,W 149th St,504 W 149th St,New York,NY,10032
7097816879,8/30/2013,21,1,349570,807,807,A,807,0.338194444,8,506,W 148th St,506 W 148th St,New York,NY,10032
7097816867,8/30/2013,21,1,349570,806,806,A,806,0.3375,8,550,W 148th St,550 W 148th St,New York,NY,10032
7097816855,8/30/2013,19,2,349570,749,749,A,749,0.325694444,7,2840,Broadway,2840 Broadway,New York,NY,10032
7097816843,8/30/2013,21,1,349570,745,745,A,745,0.322916667,7,2758,Broadway,2758 Broadway,New York,NY,10032
7097816831,8/30/2013,21,1,349570,744,744,A,744,0.322222222,7,2748,Broadway,2748 Broadway,New York,NY,10032
7097816818,8/30/2013,21,1,349570,742,742,A,742,0.320833333,7,2688,Broadway,2688 Broadway,New York,NY,10032
7097816790,8/30/2013,71,5,349570,737,737,A,737,0.317361111,7,2644,Broadway,2644 Broadway,New York,NY,10032
7097816788,8/30/2013,21,1,349570,736,736,A,736,0.316666667,7,2644,Broadway,2644 Broadway,New York,NY,10032
7097816776,8/30/2013,21,1,349570,706,706,A,706,0.295833333,7,,Columbus Ave, Columbus Ave,New York,NY,10032
7097816764,8/30/2013,21,1,349570,636,636,A,636,0.275,6,885,Columbus Ave,885 Columbus Ave,New York,NY,10032
7097816739,8/30/2013,19,2,349570,625,625,A,625,0.267361111,6,2766,Broadway,2766 Broadway,New York,NY,10032
7097816703,8/30/2013,19,2,349570,539,539,A,539,0.235416667,5,545,W 110th St,545 W 110th St,New York,NY,10032
7097816697,8/30/2013,40,2,349570,533,533,A,533,0.23125,5,157,W 111th St,157 W 111th St,New York,NY,10032
7097817793,8/31/2013,14,2,349570,1046,1046,A,1046,0.448611111,10,45,Fairview Ave,45 Fairview Ave,New York,NY,10032
7097817770,8/31/2013,19,2,349570,939,939,A,939,0.402083333,9,3552,Broadway,3552 Broadway,New York,NY,10032
7097817768,8/31/2013,21,1,349570,847,847,A,847,0.365972222,8,3072,Broadway,3072 Broadway,New York,NY,10032
7097817756,8/31/2013,21,1,349570,840,840,A,840,0.361111111,8,3351,Broadway,3351 Broadway,New York,NY,10032
7097817744,8/31/2013,21,1,349570,838,838,A,838,0.359722222,8,3425,Broadway,3425 Broadway,New York,NY,10032
7097817720,8/31/2013,21,1,349570,836,836,A,836,0.358333333,8,3507,Broadway,3507 Broadway,New York,NY,10032
7097817689,8/31/2013,21,1,349570,819,819,A,819,0.346527778,8,20,W 135th St,20 W 135th St,New York,NY,10032
7097817630,8/31/2013,21,1,349570,809,809,A,809,0.339583333,8,2450,Adam Clayton Powell,2450 Adam Clayton Powell,New York,NY,10032
7097817628,8/31/2013,21,1,349570,808,808,A,808,0.338888889,8,2468,Adam Clayton Powell,2468 Adam Clayton Powell,New York,NY,10032
7097817616,8/31/2013,21,1,349570,806,806,A,806,0.3375,8,2484,Adam Clayton Powell,2484 Adam Clayton Powell,New York,NY,10032
7097817604,8/31/2013,84,5,349570,751,751,A,751,0.327083333,7,274,W 145th St,274 W 145th St,New York,NY,10032
7097817598,8/31/2013,19,2,349570,750,750,A,750,0.326388889,7,274,W 145th St,274 W 145th St,New York,NY,10032
7097817562,8/31/2013,21,1,349570,711,711,A,711,0.299305556,7,830-840,Columbus Ave,830-840 Columbus Ave,New York,NY,10032
7097817549,8/31/2013,21,1,349570,709,709,A,709,0.297916667,7,885,Columbus Ave,885 Columbus Ave,New York,NY,10032
7097817537,8/31/2013,21,1,349570,707,707,A,707,0.296527778,7,982,Columbus Ave,982 Columbus Ave,New York,NY,10032
7097817525,8/31/2013,21,1,349570,706,706,A,706,0.295833333,7,984,Columbus Ave,984 Columbus Ave,New York,NY,10032
7097817513,8/31/2013,21,1,349570,706,706,A,706,0.295833333,7,988,Columbus Ave,988 Columbus Ave,New York,NY,10032
7097817501,8/31/2013,21,1,349570,657,657,A,657,0.289583333,6,825,Columbus Ave,825 Columbus Ave,New York,NY,10032
7097817847,8/31/2013,46,3,349570,1229,29,P,1229,0.520138889,12,600,W 178th St,600 W 178th St,New York,NY,10032
7097817835,8/31/2013,46,3,349570,1213,13,P,1213,0.509027778,12,97,Ft Washington Ave,97 Ft Washington Ave,New York,NY,10032
7097817823,8/31/2013,46,3,349570,1211,11,P,1211,0.507638889,12,97,Ft Washington Ave,97 Ft Washington Ave,New York,NY,10032
7097817811,8/31/2013,14,2,349570,1115,1115,A,1115,0.46875,11,1469,St Nicholas Ave,1469 St Nicholas Ave,New York,NY,10032
7097817800,8/31/2013,14,2,349570,1047,1047,A,1047,0.449305556,10,45,Fairview Ave,45 Fairview Ave,New York,NY,10032
7097817781,8/31/2013,14,2,349570,945,945,A,945,0.40625,9,161,Ft Washington Ave,161 Ft Washington Ave,New York,NY,10032
7097817732,8/31/2013,21,1,349570,838,838,A,838,0.359722222,8,3421,Broadway,3421 Broadway,New York,NY,10032
7097817719,8/31/2013,21,1,349570,822,822,A,822,0.348611111,8,20,W 135th St,20 W 135th St,New York,NY,10032
7097817665,8/31/2013,21,1,349570,815,815,A,815,0.34375,8,2340-46,Adam Clayton Powell,2340-46 Adam Clayton Powell,New York,NY,10032
7097817653,8/31/2013,21,1,349570,814,814,A,814,0.343055556,8,2330,Adam Clayton Powell,2330 Adam Clayton Powell,New York,NY,10032
7097817641,8/31/2013,21,1,349570,813,813,A,813,0.342361111,8,2332,Adam Clayton Powell,2332 Adam Clayton Powell,New York,NY,10032
7097817586,8/31/2013,20,2,349570,747,747,A,747,0.324305556,7,300,W 145th St,300 W 145th St,New York,NY,10032
7097817574,8/31/2013,21,1,349570,743,743,A,743,0.321527778,7,472,W 145th St,472 W 145th St,New York,NY,10032
7097817550,8/31/2013,21,1,349570,710,710,A,710,0.298611111,7,885,Columbus Ave,885 Columbus Ave,New York,NY,10032
7097817495,8/31/2013,21,1,349570,656,656,A,656,0.288888889,6,835,Columbus Ave,835 Columbus Ave,New York,NY,10032
7097817483,8/31/2013,21,1,349570,655,655,A,655,0.288194444,6,830,Columbus Ave,830 Columbus Ave,New York,NY,10032
7097817471,8/31/2013,21,1,349570,653,653,A,653,0.286805556,6,865,Columbus Ave,865 Columbus Ave,New York,NY,10032
7097817460,8/31/2013,21,1,349570,652,652,A,652,0.286111111,6,865,Columbus Ave,865 Columbus Ave,New York,NY,10032
7097817458,8/31/2013,21,1,349570,651,651,A,651,0.285416667,6,885,Columbus Ave,885 Columbus Ave,New York,NY,10032
