summons_number,issue_date,violation_code,violation_category,issuer_code,time_format,Address,Latitude,Longitude
7097809360,8/12/2013,46,3,349570,6:01,983 Columbus Ave,40.80058017,-73.9614946
7097809371,8/12/2013,46,3,349570,6:41,122 La Salle St,40.81386114,-73.96012135
7097809401,8/12/2013,20,2,349570,7:18,41 W 112th St,40.79894543,-73.95005218
7097809413,8/12/2013,21,1,349570,7:38,530 W 120th St,40.80859306,-73.9615831
7097809425,8/12/2013,21,1,349570,7:39,525 W 120th St,40.8097195,-73.95988519
7097809437,8/12/2013,21,1,349570,7:46,526 W 114th St,40.80587554,-73.96346828
7097809449,8/12/2013,21,1,349570,8:07,1305 Amsterdam Ave,40.81214258,-73.95705664
7097809450,8/12/2013,40,2,349570,8:11,1201 Amsterdam Ave,40.80875545,-73.95913026
7097809462,8/12/2013,21,1,349570,8:15,1125 Amsterdam Ave,40.80622322,-73.96110798
7097809474,8/12/2013,20,2,349570,8:34,218 W 124th St,40.80843449,-73.94938719
7097809486,8/12/2013,21,1,349570,8:41,271 W 119th St,40.80601889,-73.95292895
7097809498,8/12/2013,46,3,349570,8:49,314 W 120th St,40.79903613,-73.93526224
7097809516,8/12/2013,21,1,349570,9:40,313 W 118th St,40.79814627,-73.93583878
7097809528,8/12/2013,21,1,349570,9:44,281 W 118th St,40.80573884,-73.95380464
7097809530,8/12/2013,21,1,349570,9:52,159 W 118th St,40.79984963,-73.93986564
7097809541,8/12/2013,21,1,349570,9:54,111 W 118th St,40.8038788,-73.94938862
7097809553,8/12/2013,71,5,349570,9:55,111 W 118th St,40.8038788,-73.94938862
7097809565,8/12/2013,21,1,349570,10:04,17-21 W 118th St,40.81207,-73.954377
7097809577,8/12/2013,21,1,349570,10:15,308 W 115th St,40.80379197,-73.95659281
7097809607,8/12/2013,21,1,349570,11:21,69 Tiemann Pl,40.81571243,-73.9599287
7097809620,8/13/2013,19,2,349570,7:36,2508 Broadway,40.79283968,-73.97258252
7097809632,8/13/2013,21,1,349570,7:38,2526 Broadway,40.79349403,-73.97252478
7097809644,8/13/2013,21,1,349570,8:12,2643 Broadway,40.79758063,-73.97016009
7097809656,8/13/2013,21,1,349570,9:15,1425 Amsterdam Ave,40.81587092,-73.95433701
7097809668,8/13/2013,21,1,349570,9:22,1504 Amsterdam Ave,40.81859773,-73.95289382
7097809693,8/13/2013,21,1,349570,9:28,110 Convent Ave,40.8172106,-73.95267023
7097809700,8/13/2013,20,2,349570,9:51,228 W 132nd St,40.81365287,-73.94632241
7097809711,8/13/2013,20,2,349570,9:56,228 W 132nd St,40.81365287,-73.94632241
7097809723,8/13/2013,20,2,349570,9:58,222 W 132nd St,40.8135865,-73.94616065
7097809735,8/13/2013,21,1,349570,11:36,41958 St Nicholas Ave,40.81207,-73.954377
7097809747,8/13/2013,21,1,349570,11:38,52 St Nicholas Ave,40.80031105,-73.95217005
7097809759,8/13/2013,21,1,349570,11:43,1893 Adam Clayton Powell,40.80219866,-73.95315972
7097809760,8/13/2013,21,1,349570,11:45,1871 Adam Clayton Powell,40.80166598,-73.95354839
7097809772,8/13/2013,46,3,349570,11:47,61 St Nicholas Ave,40.8010332,-73.9526995
7097809784,8/13/2013,21,1,349570,11:50,143 W 113th St,40.80121413,-73.95319415
7097810099,8/14/2013,37,4,349570,0:59,1956 3rd Ave,40.79267196,-73.94430255
7097809802,8/14/2013,14,2,349570,6:56,151-169 Nagle Ave,40.81207,-73.954377
7097809814,8/14/2013,21,1,349570,7:35,Nagle Ave,40.81207,-73.954377
7097809826,8/14/2013,21,1,349570,7:36,4199 Broadway,40.84841068,-73.93776225
7097809838,8/14/2013,21,1,349570,7:39,4129 Broadway,40.84584217,-73.93865166
7097809840,8/14/2013,19,2,349570,7:44,4009 Broadway,40.84140021,-73.93964594
7097809851,8/14/2013,21,1,349570,8:05,Broadway,40.81207,-73.954377
7097809863,8/14/2013,21,1,349570,8:06,1963 Amsterdam Ave,40.83289552,-73.94162057
7097809875,8/14/2013,21,1,349570,8:07,1967 Amsterdam Ave,40.83301599,-73.94153313
7097809887,8/14/2013,21,1,349570,8:36,3665 Broadway,40.83049199,-73.94759801
7097809899,8/14/2013,21,1,349570,8:38,3629 Broadway,40.82929069,-73.9484751
7097809905,8/14/2013,19,2,349570,8:41,550 W 145th St,40.82576057,-73.94909216
7097809917,8/14/2013,21,1,349570,8:43,3531 Broadway,40.82634881,-73.95101986
7097809929,8/14/2013,48,3,349570,9:08,1003 St Nicholas Ave,40.83494021,-73.93994864
7097809942,8/14/2013,20,2,349570,9:13,600 W 161st St,40.83648029,-73.94310194
7097809954,8/14/2013,40,2,349570,9:17,659 W 162nd St,40.83831285,-73.94466637
7097809966,8/14/2013,21,1,349570,9:36,565 W 162nd St,40.83687912,-73.94164326
7097809978,8/14/2013,21,1,349570,9:37,565 W 162nd St,40.83687912,-73.94164326
7097809980,8/14/2013,21,1,349570,9:38,541-539 W 162nd St,40.81207,-73.954377
7097809991,8/14/2013,21,1,349570,9:43,2077 Amsterdam Ave,40.8363491,-73.93937644
7097810002,8/14/2013,71,5,349570,9:50,452 W 164th St,40.83678031,-73.93842989
7097810014,8/14/2013,48,3,349570,10:02,953 St Nicholas Ave,40.83301241,-73.94099356
7097810026,8/14/2013,21,1,349570,11:36,609 W 161st St,40.8368581,-73.943312
7097810040,8/14/2013,21,1,349570,11:40,674 W 161st St,40.83755145,-73.9459912
7097810075,8/14/2013,21,1,349570,11:51,638 W 160th St,40.8365452,-73.94550706
7097810105,8/14/2013,37,4,349570,13:01,1956 3rd Ave,40.79267196,-73.94430255
7097810117,8/14/2013,38,5,349570,13:18,175 E 116th St,40.79846453,-73.94049093
7097810129,8/14/2013,46,3,349570,13:21,2141 3rd Ave,40.79839876,-73.93929418
7097810130,8/14/2013,20,2,349570,13:29,2238 3rd Ave,40.80175757,-73.93767737
7097810142,8/14/2013,38,5,349570,13:31,2231 3rd Ave,40.80134583,-73.93710376
7097810154,8/14/2013,71,5,349570,13:34,2256 3rd Ave,40.80230797,-73.93725508
7097810166,8/14/2013,46,3,349570,13:37,2266 3rd Ave,40.80271098,-73.93691565
7097810178,8/14/2013,46,3,349570,13:38,2271 3rd Ave,40.80252738,-73.93624943
7097810180,8/14/2013,46,3,349570,13:39,2271 3rd Ave,40.80252738,-73.93624943
7097810191,8/14/2013,20,2,349570,13:56,215 E 116th St,40.80385309,-73.9533776
7097810208,8/14/2013,46,3,349570,14:03,242 E 116th St,40.797022,-73.93852819
7097810210,8/14/2013,20,2,349570,14:08,216 E 116th St,40.79739748,-73.93944961
7097810221,8/14/2013,37,4,349570,14:16,2018 3rd Ave,40.79478049,-73.94273098
7097810233,8/14/2013,38,5,349570,14:23,1932 3rd Ave,40.79207775,-73.94468921
7097810245,8/14/2013,38,5,349570,14:29,1888 3rd Ave,40.79064954,-73.94576941
7097810257,8/14/2013,38,5,349570,14:30,1880 3rd Ave,40.7902324,-73.94604114
7097810269,8/14/2013,40,2,349570,14:36,153 E 104th St,40.79093772,-73.94699806
7097810270,8/15/2013,19,2,349570,6:18,2575 Broadway,40.7932505,-73.97292471
7097810282,8/15/2013,19,2,349570,6:47,545 W 110th St,40.80413276,-73.96591761
7097810294,8/15/2013,84,5,349570,6:48,545 W 110th St,40.80413276,-73.96591761
7097810312,8/15/2013,14,2,349570,7:01,638-644 W 132nd St,40.81207,-73.954377
7097810324,8/15/2013,19,2,349570,7:09,2200 Fredrick Douglas Blv,40.80605975,-73.9540598
7097810348,8/15/2013,71,5,349570,8:05,312 W 123rd St,40.80902587,-73.95273925
7097810350,8/15/2013,20,2,349570,8:14,147 W 123rd St,40.80747212,-73.94821053
7097810361,8/15/2013,20,2,349570,8:17,147 W 123rd St,40.80747212,-73.94821053
7097810373,8/15/2013,20,2,349570,8:43,300 W 145th St,40.82270914,-73.94273349
7097810385,8/15/2013,46,3,349570,8:51,2572 Adam Clayton Powell,40.81207,-73.954377
7097810397,8/15/2013,19,2,349570,9:36,1206 St Nicholas Ave,40.84259213,-73.93853431
7097810403,8/15/2013,16,2,349570,9:52,801 W 181st St,40.85127962,-73.93844032
7097810415,8/15/2013,17,2,349570,10:40,3975 Broadway,40.84041334,-73.94077157
7097810427,8/15/2013,14,2,349570,11:28,38 Mount Morris Park,40.81207,-73.954377
7097810439,8/15/2013,46,3,349570,11:30,22 W 123rd St,40.80598591,-73.94590311
7097810440,8/15/2013,20,2,349570,11:32,147 W 123rd St,40.80747212,-73.94821053
7097810452,8/15/2013,40,2,349570,11:35,214 W 123rd St,40.80781329,-73.9502411
7097810464,8/15/2013,40,2,349570,11:37,258-260 W 123rd St,40.81207,-73.954377
7097810488,8/16/2013,40,2,349570,6:04,55 La Salle St,40.813077,-73.9570837
7097810506,8/16/2013,40,2,349570,7:03,1050 Amsterdam Ave,40.80426368,-73.96350359
7097810518,8/16/2013,84,5,349570,7:05,1050 Amsterdam Ave,40.80426368,-73.96350359
7097810520,8/16/2013,21,1,349570,8:11,1020 Amsterdam Ave,40.80334443,-73.9640313
7097810531,8/16/2013,21,1,349570,8:20,527 W 125th St,40.81423711,-73.95690296
7097810543,8/16/2013,21,1,349570,8:23,501 W 125th St,40.81344941,-73.95621444
7097810555,8/16/2013,20,2,349570,8:31,2319 Fredrick Douglas Blv,40.80992057,-73.95146095
7097810567,8/16/2013,20,2,349570,8:37,218 W 124th St,40.80843449,-73.94938719
7097810579,8/16/2013,20,2,349570,8:38,218 W 124th St,40.80843449,-73.94938719
7097810580,8/16/2013,21,1,349570,8:40,210 W 123rd St,40.8077693,-73.95014245
7097810592,8/16/2013,21,1,349570,8:41,226 W 123rd St,40.80794811,-73.95056935
7097810609,8/16/2013,21,1,349570,8:44,234 W 122nd St,40.80750903,-73.9514967
7097810610,8/16/2013,21,1,349570,8:48,160 W 122nd St,40.80652723,-73.94916517
7097810622,8/16/2013,71,5,349570,8:48,160 W 122nd St,40.80652723,-73.94916517
7097810634,8/16/2013,21,1,349570,9:10,435 W 126th St,40.81308556,-73.95450712
7097810658,8/16/2013,21,1,349570,9:19,499 W 130th St,40.81572061,-73.95416326
7097810671,8/16/2013,21,1,349570,9:36,35 Morningside Ave,40.80650635,-73.95713911
7097810683,8/16/2013,21,1,349570,9:37,370 Morningside Ave,40.81207,-73.954377
7097810695,8/16/2013,21,1,349570,9:40,312 W 118th St,40.80585679,-73.95538945
7097810701,8/16/2013,21,1,349570,9:43,394 Manhattan Ave,40.8054196,-73.95623145
7097810713,8/16/2013,21,1,349570,9:45,304 W 118th St,40.7979891,-73.93652077
7097810725,8/16/2013,46,3,349570,9:48,310 W 116th St,40.80449156,-73.95628353
7097810737,8/16/2013,21,1,349570,9:54,312 W 116th St,40.80452912,-73.95637273
7097810749,8/16/2013,21,1,349570,9:59,1453 5th Ave,40.80175134,-73.94555708
7097810762,8/16/2013,21,1,349570,10:15,73 W 130th St,40.81088737,-73.94269873
7097810774,8/16/2013,21,1,349570,11:06,503-505 W 141st St,40.81207,-73.954377
7097810786,8/16/2013,21,1,349570,11:11,600 W 139th St,40.8227228,-73.9537275
7097810798,8/16/2013,21,1,349570,11:19,69 Tiemann Pl,40.81571243,-73.9599287
7097810804,8/16/2013,21,1,349570,11:21,190 Claremont Ave,40.81484885,-73.95983324
7097810816,8/16/2013,21,1,349570,11:22,182 Claremont Ave,40.8144648,-73.96010998
7097810828,8/16/2013,21,1,349570,11:24,126 La Salle St,40.81382418,-73.96047365
7097810830,8/16/2013,21,1,349570,11:25,160 Claremont Ave,40.81353798,-73.96077117
7097810841,8/16/2013,21,1,349570,11:30,150 Claremont Ave,40.81330498,-73.96122424
7097810853,8/16/2013,21,1,349570,11:31,160 Claremont Ave,40.81353798,-73.96077117
7097810865,8/16/2013,21,1,349570,11:35,55 La Salle St,40.813077,-73.9570837
7097810877,8/16/2013,21,1,349570,11:42,302 W 114th St,40.80312377,-73.95694152
7097810889,8/16/2013,21,1,349570,11:46,301 W 113th St,40.80257413,-73.9567505
7097810890,8/16/2013,21,1,349570,11:47,314 W 113th St,40.80260248,-73.95766771
7097810907,8/19/2013,40,2,349570,5:41,157 W 111th St,40.79967138,-73.95376897
7097810919,8/19/2013,20,2,349570,5:44,301 W 111th St,40.80131806,-73.95766833
7097810920,8/19/2013,17,2,349570,6:38,1060 Amsterdam Ave,40.80463687,-73.96329451
7097810932,8/19/2013,19,2,349570,6:43,2831 Broadway,40.80456472,-73.96652812
7097810944,8/19/2013,14,2,349570,7:09,510 Columbus Ave,40.78557333,-73.97295207
7097810956,8/19/2013,14,2,349570,7:11,505 Columbus Ave,40.78527769,-73.97262785
7097810968,8/19/2013,21,1,349570,7:36,2578 Broadway,40.79435629,-73.97189315
7097810970,8/19/2013,21,1,349570,7:38,2616 Broadway,40.79627552,-73.97006284
7097810981,8/19/2013,21,1,349570,7:43,2880 Broadway,40.8054706,-73.96522734
7097810993,8/19/2013,20,2,349570,8:35,515 W 159th St,40.8346305,-73.94173873
7097811006,8/19/2013,20,2,349570,8:37,521 W 159th St,40.83475075,-73.94202225
7097811018,8/19/2013,21,1,349570,8:41,564 W 160th St,40.83543181,-73.94255584
7097811020,8/19/2013,21,1,349570,8:42,564 W 160th St,40.83543181,-73.94255584
7097811031,8/19/2013,21,1,349570,8:43,564 W 160th St,40.83543181,-73.94255584
7097811043,8/19/2013,21,1,349570,8:45,535 W 160th St,40.8356277,-73.94221361
7097811055,8/19/2013,21,1,349570,8:46,535 W 160th St,40.8356277,-73.94221361
7097811067,8/19/2013,71,5,349570,8:46,535 W 160th St,40.8356277,-73.94221361
7097811079,8/19/2013,21,1,349570,8:48,539 W 160th St,40.83568831,-73.94235254
7097811080,8/19/2013,21,1,349570,8:49,551 W 160th St,40.83586748,-73.94277705
7097811092,8/19/2013,71,5,349570,8:50,551 W 160th St,40.83586748,-73.94277705
7097811109,8/19/2013,21,1,349570,8:52,515-517 W 160th St,40.83668,-73.939944
7097811110,8/19/2013,21,1,349570,8:53,511 W 160th St,40.83527666,-73.94137888
7097811122,8/19/2013,21,1,349570,9:07,423 W 154th St,40.83074179,-73.94247852
7097811134,8/19/2013,21,1,349570,9:08,427 W 154th St,40.83079349,-73.94260263
7097811146,8/19/2013,21,1,349570,9:08,429 W 154th St,40.83083359,-73.9426995
7097811158,8/19/2013,21,1,349570,9:10,434 W 154th St,40.83050048,-73.94308722
7097811160,8/19/2013,21,1,349570,9:15,871 W 154th St,40.83668,-73.939944
7097811171,8/19/2013,21,1,349570,9:17,425 Convent Ave,40.82665061,-73.94443134
7097811183,8/19/2013,21,1,349570,9:19,400 Convent Ave,40.82626472,-73.94542627
7097811195,8/19/2013,21,1,349570,9:22,471 W 147th St,40.82627411,-73.9458206
7097811201,8/19/2013,21,1,349570,9:26,371 Convent Ave,40.82506139,-73.94581034
7097811213,8/19/2013,21,1,349570,9:36,101 W 131st St,40.81165696,-73.94270037
7097811225,8/19/2013,21,1,349570,9:38,113 W 131st St,40.81207889,-73.94338064
7097811237,8/19/2013,21,1,349570,9:42,158 W 130th St,40.81154282,-73.94528488
7097811249,8/19/2013,21,1,349570,9:43,129 W 130th St,40.81168422,-73.94440497
7097811250,8/19/2013,21,1,349570,9:45,123 W 130th St,40.81159747,-73.944192
7097811262,8/19/2013,21,1,349570,9:48,67 W 130th St,40.8108445,-73.94233878
7097811274,8/19/2013,21,1,349570,11:06,503-05 W 141st St,40.83668,-73.939944
7097811286,8/19/2013,21,1,349570,11:10,600 W 142nd St,40.82443099,-73.95189739
7097811298,8/19/2013,21,1,349570,11:12,547 W 142nd St,40.82409235,-73.95062502
7097811304,8/19/2013,21,1,349570,11:13,545 W 142nd St,40.8244383,-73.95106632
7097811328,8/19/2013,21,1,349570,11:17,507 W 140th St,40.82257101,-73.95048949
7097811330,8/19/2013,21,1,349570,11:21,603 W 139th St,40.82305767,-73.95360429
7097811341,8/19/2013,21,1,349570,11:24,609 W 137th St,40.82212456,-73.95531325
7097811353,8/19/2013,21,1,349570,11:25,606 W 137th St,40.82149812,-73.95499919
7097811389,8/19/2013,21,1,349570,11:41,161 W 140th St,40.81829977,-73.94037501
7097811390,8/19/2013,21,1,349570,11:42,133 W 140th St,40.81781587,-73.93921559
7097811407,8/19/2013,21,1,349570,11:43,108 W 139th St,40.81681497,-73.93999599
7097811419,8/19/2013,21,1,349570,11:48,219 W 138th St,40.81780361,-73.94309048
7097811420,8/19/2013,21,1,349570,11:49,203 W 138th St,40.81761436,-73.94265284
7097811432,8/19/2013,21,1,349570,11:50,203 W 138th St,40.81761436,-73.94265284
7097811444,8/19/2013,21,1,349570,11:55,273 W 136th St,40.81733526,-73.94549519
7097811456,8/19/2013,21,1,349570,11:56,268 W 136th St,40.8167659,-73.94570955
7097811468,8/19/2013,21,1,349570,11:57,237 W 136th St,40.81678482,-73.94454673
7097811470,8/19/2013,21,1,349570,11:58,297 W 136th St,40.8172277,-73.94594818
7097811481,8/19/2013,21,1,349570,12:00,167 W 136th St,40.81469167,-73.94040551
7097811493,8/19/2013,21,1,349570,12:01,149 W 136th St,40.81570321,-73.94191316
7097811500,8/19/2013,16,2,349570,12:57,2051 2nd Ave,40.79030981,-73.943069
7097811511,8/19/2013,46,3,349570,13:00,250 E 105th St,40.79003286,-73.94369708
7097811523,8/19/2013,46,3,349570,13:04,315 E 102nd St,40.7996399,-73.97115144
7097811535,8/19/2013,19,2,349570,13:27,256 E 125th St,40.80316737,-73.93478441
7097811547,8/19/2013,19,2,349570,14:25,1448 1st Ave,40.76986972,-73.95437972
7097811559,8/19/2013,18,2,349570,14:28,1504 1st Ave,40.77194517,-73.95286444
7097811560,8/19/2013,18,2,349570,14:36,1948 1st Ave,40.7861599,-73.94248656
7097811572,8/19/2013,46,3,349570,14:39,2025 1st Ave,40.78864503,-73.94089288
7097811584,8/19/2013,48,3,349570,14:46,2281 1st Ave,40.79689964,-73.93486492
7097811596,8/19/2013,18,2,349570,15:09,2351 2nd Ave,40.80005868,-73.93595219
7097811602,8/19/2013,46,3,349570,15:14,2056 2nd Ave,40.79020212,-73.94222591
7097811614,8/19/2013,48,3,349570,15:29,2159 1st Ave,40.79332085,-73.93747817
7097811626,8/19/2013,18,2,349570,15:50,2049 2nd Ave,40.79022063,-73.94313148
7097811638,8/19/2013,18,2,349570,17:08,2295 2nd Ave,40.79831551,-73.93727001
7097811640,8/19/2013,14,2,349570,17:24,2080 1st Ave,40.79055784,-73.93927431
7097811663,8/19/2013,19,2,349570,17:46,1575 2nd Ave,40.77519373,-73.9538106
7097811675,8/20/2013,19,2,349570,5:45,2831 Broadway,40.80456472,-73.96652812
7097811687,8/20/2013,19,2,349570,5:48,2848 Broadway,40.80441963,-73.96607584
7097811699,8/20/2013,19,2,349570,6:22,2766 Broadway,40.80167358,-73.96775383
7097811705,8/20/2013,71,5,349570,6:23,2766 Broadway,40.80167358,-73.96775383
7097811717,8/20/2013,40,2,349570,6:31,601 W 137th St,40.82147103,-73.95411334
7097811729,8/20/2013,40,2,349570,6:33,611 W 137th St,40.805654,-73.91614288
7097811730,8/20/2013,19,2,349570,6:44,3641 Broadway,40.82958973,-73.94825718
7097811742,8/20/2013,40,2,349570,6:50,3828-30 Broadway,40.83668,-73.939944
7097811791,8/20/2013,14,2,349570,7:32,638-644 W 132nd St,40.83668,-73.939944
7097811808,8/20/2013,21,1,349570,7:41,2868 Broadway,40.80493805,-73.96603468
7097811810,8/20/2013,21,1,349570,8:06,569 W 150th St,40.82931292,-73.94722697
7097811821,8/20/2013,21,1,349570,8:08,544 W 150th St,40.8288156,-73.94689932
7097811833,8/20/2013,21,1,349570,8:10,500 W 150th St,40.82832405,-73.9453413
7097811845,8/20/2013,21,1,349570,8:11,512 W 149th St,40.8279019,-73.94668913
7097811857,8/20/2013,21,1,349570,8:13,558 W 149th St,40.82838663,-73.94781879
7097811869,8/20/2013,21,1,349570,8:17,506 W 148th St,40.82724399,-73.94701105
7097811882,8/20/2013,21,1,349570,8:40,312 W 122nd St,40.80862142,-73.9538317
7097811894,8/20/2013,21,1,349570,8:45,122 W 120th St,40.80485855,-73.94904069
7097811900,8/20/2013,21,1,349570,8:46,120 W 120th St,40.80483363,-73.94897798
7097811912,8/20/2013,21,1,349570,8:52,59 Morningside Dr,40.80827167,-73.9558708
7097811924,8/20/2013,21,1,349570,8:54,86 Morningside Dr,40.80913643,-73.95522536
7097811936,8/20/2013,21,1,349570,8:55,98 Morningside Ave,40.80972812,-73.95477856
7097811948,8/20/2013,21,1,349570,9:06,110 Convent Ave,40.8172106,-73.95267023
7097811950,8/20/2013,21,1,349570,9:07,106-8 Convent Ave,40.81706409,-73.95277539
7097811961,8/20/2013,21,1,349570,9:09,96-100 Convent Ave,40.83668,-73.939944
7097811973,8/20/2013,21,1,349570,9:13,418-20 W 130th St,40.83668,-73.939944
7097811985,8/20/2013,21,1,349570,9:16,408 W 130th St,40.81433601,-73.95182458
7097811997,8/20/2013,16,2,349570,9:18,401 W 130th St,40.81472908,-73.95104783
7097812000,8/20/2013,16,2,349570,9:19,401 W 130th St,40.81472908,-73.95104783
7097812011,8/20/2013,70,5,349570,9:21,401 W 130th St,40.81472908,-73.95104783
7097812023,8/20/2013,71,5,349570,9:22,401 W 130th St,40.81472908,-73.95104783
7097812035,8/20/2013,21,1,349570,9:37,73 W 130th St,40.81088737,-73.94269873
7097812047,8/20/2013,21,1,349570,9:40,73 W 130th St,40.81088737,-73.94269873
7097812059,8/20/2013,21,1,349570,9:42,58 W 130th St,40.81045725,-73.94260895
7097812060,8/20/2013,21,1,349570,9:44,14 W 130th St,40.80971415,-73.94087697
7097812072,8/20/2013,21,1,349570,9:51,53 W 129th St,40.81013635,-73.94256216
7097812084,8/20/2013,21,1,349570,11:06,6 Claremont Ave,40.80858696,-73.96476416
7097812096,8/20/2013,21,1,349570,11:07,6 Claremont Ave,40.80858696,-73.96476416
7097812102,8/20/2013,21,1,349570,11:08,25 Claremont Ave,40.80948347,-73.96450132
7097812114,8/20/2013,21,1,349570,11:09,25 Claremont Ave,40.80948347,-73.96450132
7097812126,8/20/2013,21,1,349570,11:13,134 Claremont Ave,40.8129803,-73.9613758
7097812138,8/20/2013,21,1,349570,11:14,150 Claremont Ave,40.81330498,-73.96122424
7097812140,8/20/2013,21,1,349570,11:16,160 Claremont Ave,40.81353798,-73.96077117
7097812151,8/20/2013,21,1,349570,11:17,180 Claremont Ave,40.81429657,-73.96023063
7097812163,8/20/2013,21,1,349570,11:18,186 Claremont Ave,40.81465649,-73.95996981
7097812175,8/20/2013,21,1,349570,11:20,170 Claremont Ave,40.81386989,-73.96063421
7097812187,8/20/2013,21,1,349570,11:22,54 Tiemann Pl,40.8154103,-73.95967199
7097812199,8/20/2013,21,1,349570,11:37,246 W 138th St,40.81793937,-73.94463719
7097812205,8/20/2013,21,1,349570,11:39,238 W 138th St,40.81778543,-73.94426825
7097812217,8/20/2013,21,1,349570,11:40,232 W 138th St,40.81770507,-73.94406335
7097812229,8/20/2013,21,1,349570,11:43,108 W 138th St,40.81604698,-73.93973601
7097812230,8/20/2013,21,1,349570,11:45,176 W 137th St,40.81608899,-73.94212021
7097812242,8/20/2013,21,1,349570,11:47,234 W 137th St,40.81702007,-73.94436806
7097812254,8/20/2013,21,1,349570,11:52,560 W 139th St,40.82206113,-73.95207139
7097812266,8/20/2013,21,1,349570,11:54,50 W 139th St,40.81589697,-73.93737258
7097812278,8/20/2013,21,1,349570,11:57,34 W 139th St,40.81568984,-73.93687158
7097812280,8/20/2013,21,1,349570,11:58,34 W 139th St,40.81568984,-73.93687158
7097812291,8/20/2013,21,1,349570,12:00,34 W 139th St,40.81568984,-73.93687158
7097812308,8/20/2013,71,5,349570,12:01,34 W 139th St,40.81568984,-73.93687158
7097812310,8/20/2013,21,1,349570,12:03,10 W 138th St,40.81470272,-73.93692205
7097812321,8/20/2013,21,1,349570,12:05,30 W 138th St,40.81498613,-73.93759163
7097812333,8/20/2013,21,1,349570,12:06,42-46 W 138th St,40.83668,-73.939944
7097812345,8/20/2013,21,1,349570,12:08,66 W 138th St,40.81559403,-73.93902575
7097812357,8/20/2013,21,1,349570,12:13,212 W 133rd St,40.8143192,-73.9460173
7097812369,8/20/2013,21,1,349570,12:18,101 W 132nd St,40.81228509,-73.94221668
7097812370,8/20/2013,46,3,349570,13:00,315 E 102nd St,40.7996399,-73.97115144
7097812382,8/20/2013,46,3,349570,13:04,445 E 102nd St,40.7863099,-73.94002946
7097812394,8/20/2013,18,2,349570,13:09,2234 1st Ave,40.79509632,-73.93595817
7097812400,8/20/2013,16,2,349570,13:16,218 E 125th St,40.80361117,-73.93583809
7097812412,8/20/2013,17,2,349570,13:20,175 E 125th St,40.8044233,-73.93730398
7097812424,8/20/2013,40,2,349570,13:26,107 E 125th St,40.83668,-73.939944
7097812436,8/20/2013,10,2,349570,13:45,204 2nd Ave,40.73118872,-73.98497108
7097812448,8/20/2013,40,2,349570,13:51,176 E 103rd St,40.78985274,-73.9468274
7097812450,8/20/2013,48,3,349570,13:57,2021 1st Ave,40.78847703,-73.94101528
7097812461,8/20/2013,18,2,349570,14:01,2290 1st Ave,40.79710791,-73.93449135
7097812473,8/20/2013,18,2,349570,14:07,2285 2nd Ave,40.79793831,-73.93743591
7097812485,8/20/2013,18,2,349570,14:09,2265 2nd Ave,40.79736921,-73.93787715
7097812497,8/20/2013,17,2,349570,14:14,169 E 125th St,40.83668,-73.939944
7097812503,8/20/2013,17,2,349570,14:17,175 E 125th St,40.8044233,-73.93730398
7097812515,8/20/2013,19,2,349570,14:19,153 E 125th St,40.83668,-73.939944
7097812527,8/20/2013,18,2,349570,14:29,2355 2nd Ave,40.80016488,-73.93587377
7097812539,8/20/2013,18,2,349570,14:32,2267 2nd Ave,40.79741531,-73.93784378
7097812540,8/20/2013,46,3,349570,14:43,173 E 116th St,40.79849003,-73.94054346
7097812552,8/20/2013,19,2,349570,14:46,159 E 116th St,40.79851094,-73.94112129
7097812564,8/20/2013,46,3,349570,14:49,1767 Park Ave,40.80332805,-73.94018878
7097812576,8/20/2013,17,2,349570,14:59,169 E 125th St,40.83668,-73.939944
7097812590,8/21/2013,19,2,349570,5:48,2660 Broadway,40.79791699,-73.96891978
7097812606,8/21/2013,40,2,349570,5:52,315 W 102nd St,40.7996399,-73.97115144
7097812618,8/21/2013,19,2,349570,6:23,2705 Broadway,40.79932956,-73.96854434
7097812620,8/21/2013,21,1,349570,7:06,750 Columbus Ave,40.79340906,-73.96773955
7097812631,8/21/2013,14,2,349570,7:11,505 Columbus Ave,40.78527769,-73.97262785
7097812643,8/21/2013,21,1,349570,7:16,157 Columbus Ave,40.77418766,-73.98103127
7097812655,8/21/2013,21,1,349570,7:17,171 Columbus Ave,40.7745681,-73.98075493
7097812667,8/21/2013,21,1,349570,7:36,2578 Broadway,40.79435629,-73.97189315
7097812679,8/21/2013,21,1,349570,7:37,2592 Broadway,40.79452109,-73.97177182
7097812680,8/21/2013,21,1,349570,7:38,2686 Broadway,40.79866309,-73.96833666
7097812692,8/21/2013,21,1,349570,7:41,2812 Broadway,40.80377378,-73.96687931
7097812709,8/21/2013,21,1,349570,7:42,2808 Broadway,40.80369088,-73.96694014
7097812710,8/21/2013,19,2,349570,7:45,2850 Broadway,40.80462068,-73.96626641
7097812722,8/21/2013,21,1,349570,8:11,549 Lenox Ave,40.81582314,-73.93971577
7097812734,8/21/2013,21,1,349570,8:12,539 Lenox Ave,40.81559345,-73.9398826
7097812746,8/21/2013,19,2,349570,8:18,380 Lenox Ave,40.81028235,-73.94353957
7097812758,8/21/2013,21,1,349570,8:23,271 W 125th St,40.80991019,-73.95031291
7097812760,8/21/2013,21,1,349570,8:37,9 Fort Washington Ave,40.83542693,-73.94466969
7097812771,8/21/2013,21,1,349570,8:40,564 W 160th St,40.83543181,-73.94255584
7097812783,8/21/2013,21,1,349570,9:06,551 W 160th St,40.83586748,-73.94277705
7097812795,8/21/2013,19,2,349570,9:11,3940 Broadway,40.83924436,-73.94036989
7097812801,8/21/2013,21,1,349570,9:36,545 W 162nd St,40.8366565,-73.94110751
7097812813,8/21/2013,21,1,349570,9:37,535 W 162nd St,40.83684505,-73.94121493
7097812825,8/21/2013,21,1,349570,9:38,505 W 162nd St,40.83649906,-73.94043211
7097812837,8/21/2013,21,1,349570,9:40,469 W 162nd St,40.83561247,-73.93923421
7097812849,8/21/2013,21,1,349570,9:41,448 W 163rd St,40.83612755,-73.9390992
7097812850,8/21/2013,21,1,349570,9:48,561 W 164th St,40.83804441,-73.94054807
7097812862,8/21/2013,48,3,349570,9:55,753 St Nicholas Ave,40.82592837,-73.94377417
7097812874,8/21/2013,48,3,349570,9:57,741 St Nicholas Ave,40.82556575,-73.94386696
7097812886,8/21/2013,48,3,349570,9:59,732 St Nicholas Ave,40.82497533,-73.94364005
7097812898,8/21/2013,21,1,349570,10:27,76 Thayer St,40.86396147,-73.92772134
7097812904,8/21/2013,46,3,349570,11:02,15 Sickles St,40.86142595,-73.92761222
7097812916,8/21/2013,46,3,349570,11:04,55 Sickles St,40.86260841,-73.92848721
7097812928,8/21/2013,21,1,349570,11:36,675 W 187th St,40.85395918,-73.93293324
7097812930,8/21/2013,21,1,349570,11:37,710 W 187th St,40.8542775,-73.934371
7097812953,8/21/2013,21,1,349570,11:43,182 Bennett Ave,40.8563105,-73.93427273
7097812965,8/21/2013,21,1,349570,11:47,801 W 190th St,40.85718046,-73.93437002
7097812989,8/23/2013,19,2,349570,6:24,2766 Broadway,40.80167358,-73.96775383
7097812990,8/23/2013,14,2,349570,7:06,503 Columbus Ave,40.7852672,-73.97295198
7097813003,8/23/2013,21,1,349570,7:39,548 W 114th St,40.8061735,-73.9641634
7097813015,8/23/2013,21,1,349570,7:42,508 W 114th St,40.80557594,-73.96274906
7097813027,8/23/2013,19,2,349570,7:45,545 W 110th St,40.80413276,-73.96591761
7097813039,8/23/2013,21,1,349570,8:06,554 W 148th St,40.82779201,-73.94828269
7097813040,8/23/2013,21,1,349570,8:07,506 W 148th St,40.82724399,-73.94701105
7097813064,8/23/2013,21,1,349570,8:21,736 W 151st St,40.83668,-73.939944
7097813076,8/23/2013,21,1,349570,8:36,318 W 121st St,40.80794495,-73.9540691
7097813088,8/23/2013,21,1,349570,8:38,364 W 121st St,40.80855605,-73.95566208
7097813106,8/23/2013,48,3,349570,8:44,204 W 120th St,40.80584874,-73.9513906
7097813118,8/23/2013,48,3,349570,8:46,145 W 120th St,40.80559414,-73.94959157
7097813120,8/23/2013,48,3,349570,8:47,147 W 120th St,40.80561807,-73.94965081
7097813131,8/23/2013,48,3,349570,8:49,125 W 120th St,40.8053203,-73.94895551
7097813143,8/23/2013,21,1,349570,9:11,6 St Nicholas Ter,40.81256647,-73.95170658
7097813155,8/23/2013,21,1,349570,9:13,2 St Nicholas Ter,40.8123749,-73.95184332
7097813167,8/23/2013,21,1,349570,9:40,100 W 128th St,40.80664905,-73.93744457
7097813179,8/23/2013,21,1,349570,9:41,100 W 128th St,40.80664905,-73.93744457
7097813180,8/23/2013,21,1,349570,9:43,70 W 128th St,40.80921074,-73.94317133
7097813192,8/23/2013,21,1,349570,9:45,2 W 128th St,40.80830995,-73.94144319
7097813209,8/23/2013,21,1,349570,9:48,2 W 129th St,40.80888344,-73.94045908
7097813210,8/23/2013,21,1,349570,9:49,2 W 129th St,40.80888344,-73.94045908
7097813222,8/23/2013,21,1,349570,9:51,16 W 129th St,40.80919741,-73.94156793
7097813234,8/23/2013,40,2,349570,9:57,117-119 W 12th St,40.83668,-73.939944
7097813246,8/23/2013,21,1,349570,10:06,17 E 128th St,40.8081617,-73.93980784
7097813258,8/23/2013,21,1,349570,10:09,23 E 128th St,40.80804437,-73.93994088
7097813260,8/23/2013,40,2,349570,10:13,2 E 129th St,40.80886583,-73.94041713
7097813271,8/23/2013,21,1,349570,11:06,134 Claremont Ave,40.8129803,-73.9613758
7097813283,8/23/2013,21,1,349570,11:07,134 Claremont Ave,40.8129803,-73.9613758
7097813295,8/23/2013,21,1,349570,11:08,134 Claremont Ave,40.8129803,-73.9613758
7097813301,8/23/2013,21,1,349570,11:10,61 Claremont Ave,40.81044523,-73.96353577
7097813313,8/23/2013,21,1,349570,11:12,47 Claremont Ave,40.81013249,-73.96400725
7097813325,8/23/2013,21,1,349570,11:14,15 Claremont Ave,40.80906214,-73.96478834
7097813337,8/23/2013,19,2,349570,11:18,1225 Amsterdam Ave,40.80944559,-73.95902819
7097813349,8/23/2013,21,1,349570,11:20,500 W 122nd St,40.81055213,-73.95832142
7097813350,8/23/2013,21,1,349570,11:36,322 W 138th St,40.81867405,-73.94628208
7097813362,8/23/2013,21,1,349570,11:38,318 W 138th St,40.81862596,-73.94618531
7097813374,8/23/2013,21,1,349570,11:40,142 W 138th St,40.81645875,-73.94071205
7097813386,8/23/2013,21,1,349570,11:42,232 W 138th St,40.81770507,-73.94406335
7097813398,8/23/2013,21,1,349570,11:46,101 W 137th St,40.81549305,-73.93988845
7097813404,8/23/2013,21,1,349570,11:47,110 W 137th St,40.81554408,-73.94082642
7097813416,8/23/2013,21,1,349570,11:50,218 W 137th St,40.8168287,-73.94391581
7097813428,8/23/2013,46,3,349570,13:01,337 E 104th St,40.78890698,-73.9417951
7097813430,8/23/2013,46,3,349570,13:04,2050 2nd Ave,40.79020404,-73.94263022
7097813441,8/23/2013,46,3,349570,13:05,2050 2nd Ave,40.79020404,-73.94263022
7097813453,8/23/2013,46,3,349570,13:08,250 E 105th St,40.79003286,-73.94369708
7097813465,8/23/2013,46,3,349570,13:16,345 E 119th St,40.79842676,-73.93454329
7097813477,8/23/2013,46,3,349570,13:19,2195 3rd Ave,40.80017226,-73.9380311
7097813489,8/23/2013,46,3,349570,13:22,338 E 120th St,40.79873702,-73.93455552
7097813490,8/23/2013,46,3,349570,13:24,346 E 120th St,40.79862794,-73.93429458
7097813507,8/23/2013,48,3,349570,13:26,400 E 120th St,40.79850628,-73.9335398
7097813519,8/23/2013,14,2,349570,13:32,500 E 117th St,40.79564389,-73.93268317
7097813520,8/23/2013,46,3,349570,13:39,170 E 116th St,40.79825785,-73.94098558
7097813532,8/23/2013,14,2,349570,13:43,1785 Park Ave,40.80385138,-73.93980781
7097813544,8/23/2013,14,2,349570,13:44,1815 Park Ave,40.80469479,-73.93884473
7097813556,8/23/2013,19,2,349570,13:46,108 E 125th St,40.80504895,-73.9392475
7097813568,8/23/2013,20,2,349570,13:48,116 E 125th St,40.80497067,-73.93906206
7097813570,8/23/2013,17,2,349570,13:53,165 E 125th St,40.83668,-73.939944
7097813581,8/23/2013,16,2,349570,14:00,218 E 125th St,40.80361117,-73.93583809
7097813593,8/23/2013,18,2,349570,14:10,2401 2nd Ave,40.80169466,-73.93474564
7097813600,8/23/2013,18,2,349570,14:12,2405 2nd Ave,40.80181145,-73.93466054
7097813611,8/23/2013,18,2,349570,14:14,2285 2nd Ave,40.79793831,-73.93743591
7097813623,8/23/2013,18,2,349570,14:16,2405 2nd Ave,40.80181145,-73.93466054
7097813635,8/23/2013,18,2,349570,14:21,2401 2nd Ave,40.80169466,-73.93474564
7097813647,8/23/2013,46,3,349570,15:16,176 E 116th St,40.7978989,-73.94088534
7097813659,8/23/2013,19,2,349570,15:40,161 E 116th St,40.79863178,-73.94088181
7097813660,8/24/2013,40,2,349570,6:37,1060 Amsterdam Ave,40.80463687,-73.96329451
7097813672,8/24/2013,46,3,349570,6:42,825 West End Ave,40.79819431,-73.97158293
7097813684,8/24/2013,21,1,349570,7:11,850 Columbus Ave,40.79689012,-73.96469971
7097813696,8/24/2013,21,1,349570,7:12,850 Columbus Ave,40.79689012,-73.96469971
7097813702,8/24/2013,21,1,349570,7:13,850 Columbus Ave,40.79689012,-73.96469971
7097813714,8/24/2013,21,1,349570,7:19,967 Columbus Ave,40.80006648,-73.96185832
7097813726,8/24/2013,21,1,349570,7:20,946 Columbus Ave,40.79971509,-73.9629263
7097813738,8/24/2013,21,1,349570,7:21,942 Columbus Ave,40.7995946,-73.96301547
7097813740,8/24/2013,21,1,349570,7:22,924 Columbus Ave,40.79892695,-73.96346113
7097813751,8/24/2013,21,1,349570,7:24,906 Columbus Ave,40.79819228,-73.96375153
7097813763,8/24/2013,21,1,349570,7:25,902 Columbus Ave,40.79805607,-73.96385342
7097813775,8/24/2013,19,2,349570,7:37,2575 Broadway,40.7932505,-73.97292471
7097813787,8/24/2013,21,1,349570,7:38,2642 Broadway,40.79722393,-73.96941673
7097813799,8/24/2013,21,1,349570,7:42,2868 Broadway,40.80493805,-73.96603468
7097813805,8/24/2013,21,1,349570,7:45,2880 Broadway,40.8054706,-73.96522734
7097813817,8/24/2013,21,1,349570,8:07,2488 Adam Clayton Powell,40.82131862,-73.93942005
7097813829,8/24/2013,21,1,349570,8:09,2460 Adam Clayton Powell,40.82051708,-73.94000545
7097813830,8/24/2013,21,1,349570,8:10,2473 Adam Clayton Powell,40.82071898,-73.93963448
7097813842,8/24/2013,21,1,349570,8:11,2454 Adam Clayton Powell,40.82036699,-73.94011532
7097813854,8/24/2013,21,1,349570,8:12,2450 Adam Clayton Powell,40.82014118,-73.94028078
7097813878,8/24/2013,21,1,349570,8:14,2446 Adam Clayton Powell,40.81991536,-73.94044623
7097813866,8/24/2013,21,1,349570,8:14,2446-48 Adam Clayton Powell,40.83668,-73.939944
7097813880,8/24/2013,21,1,349570,8:15,2446 Adam Clayton Powell,40.81991536,-73.94044623
7097813891,8/24/2013,21,1,349570,8:17,2376 Adam Clayton Powell,40.81781859,-73.94197558
7097813910,8/24/2013,21,1,349570,8:18,2368 Adam Clayton Powell,40.81755711,-73.94216758
7097813908,8/24/2013,21,1,349570,8:18,2370 Adam Clayton Powell,40.81762248,-73.94211958
7097813921,8/24/2013,21,1,349570,8:19,2366 Adam Clayton Powell,40.81749174,-73.94221558
7097813933,8/24/2013,21,1,349570,8:20,2364 Adam Clayton Powell,40.81742638,-73.94226358
7097813945,8/24/2013,21,1,349570,8:21,2364 Adam Clayton Powell,40.81742638,-73.94226358
7097813957,8/24/2013,21,1,349570,8:22,2363 Adam Clayton Powell,40.81736492,-73.94208527
7097813969,8/24/2013,21,1,349570,8:23,2363 Adam Clayton Powell,40.81736492,-73.94208527
7097813970,8/24/2013,21,1,349570,8:24,2363 Adam Clayton Powell,40.81736492,-73.94208527
7097813982,8/24/2013,21,1,349570,8:24,2363 Adam Clayton Powell,40.81736492,-73.94208527
7097813994,8/24/2013,21,1,349570,8:26,2348 Adam Clayton Powell,40.81693436,-73.9426242
7097814007,8/24/2013,21,1,349570,8:27,2340-46 Adam Clayton Powell,40.83668,-73.939944
7097814019,8/24/2013,21,1,349570,8:28,2340-46 Adam Clayton Powell,40.83668,-73.939944
7097814020,8/24/2013,21,1,349570,8:28,2340-46 Adam Clayton Powell,40.83668,-73.939944
7097814032,8/24/2013,21,1,349570,8:30,2310 Adam Clayton Powell,40.81572935,-73.9435015
7097814044,8/24/2013,21,1,349570,8:31,2308 Adam Clayton Powell,40.81565882,-73.94355297
7097814056,8/24/2013,21,1,349570,8:32,2306 Adam Clayton Powell,40.8155883,-73.94360445
7097814068,8/24/2013,21,1,349570,8:33,2308 Adam Clayton Powell,40.81565882,-73.94355297
7097814070,8/24/2013,21,1,349570,8:37,525 Lenox Ave,40.81508483,-73.94025354
7097814081,8/24/2013,21,1,349570,8:39,2283 Adam Clayton Powell,40.81466908,-73.94405545
7097814093,8/24/2013,21,1,349570,8:40,2283 Adam Clayton Powell,40.81466908,-73.94405545
7097814100,8/24/2013,21,1,349570,8:42,2288 Adam Clayton Powell,40.81498797,-73.94404455
7097814111,8/24/2013,21,1,349570,8:50,454 Lenox Ave,40.8123585,-73.9415493
7097814123,8/24/2013,37,4,349570,9:09,467 Lenox Ave,40.81297202,-73.94179966
7097814135,8/24/2013,38,5,349570,9:14,482 Lenox Ave,40.8134124,-73.9412469
7097814147,8/24/2013,38,5,349570,9:16,475 Lenox Ave,40.8133976,-73.9417417
7097814159,8/24/2013,37,4,349570,9:20,490 Lenox Ave,40.8136363,-73.9409067
7097814160,8/24/2013,37,4,349570,9:22,490 Lenox Ave,40.8136363,-73.9409067
7097814172,8/24/2013,38,5,349570,9:45,525 Lenox Ave,40.81508483,-73.94025354
7097814184,8/24/2013,37,4,349570,9:50,2348 Adam Clayton Powell,40.81693436,-73.9426242
7097814196,8/24/2013,38,5,349570,9:53,2368 Adam Clayton Powell,40.81755711,-73.94216758
7097814202,8/24/2013,13,2,349570,11:39,609 207 St,40.86767103,-73.9210927
7097814214,8/24/2013,14,2,349570,11:47,3855 9th Ave,40.86299256,-73.91746346
7097814226,8/24/2013,14,2,349570,11:49,3855 9th Ave,40.86299256,-73.91746346
7097814238,8/24/2013,14,2,349570,11:50,3855 9th Ave,40.86299256,-73.91746346
7097814240,8/24/2013,14,2,349570,11:50,3855 9th Ave,40.86299256,-73.91746346
7097814251,8/24/2013,38,5,349570,12:00,4915 Broadway,40.86750085,-73.92201992
7097814263,8/24/2013,13,2,349570,12:04,611 W 207th St,40.86772763,-73.92112919
7097814275,8/24/2013,46,3,349570,12:24,1431 St Nicholas Ave,40.84988286,-73.93376922
7097814287,8/24/2013,46,3,349570,12:40,1402 St Nicholas Ave,40.8486556,-73.93410583
7097814299,8/24/2013,19,2,349570,12:43,1388 St Nicholas Ave,40.84822669,-73.93441696
7097814317,8/26/2013,21,1,349570,7:06,982 Columbus Ave,40.80088323,-73.9617802
7097814329,8/26/2013,21,1,349570,7:39,2672 Broadway,40.79827005,-73.96903752
7097814330,8/26/2013,21,1,349570,8:06,535 W 148th St,40.82793627,-73.94750414
7097814342,8/26/2013,21,1,349570,8:09,501 W 148th St,40.82724306,-73.94618251
7097814354,8/26/2013,21,1,349570,8:10,537 W 149th St,40.82861649,-73.94716048
7097814366,8/26/2013,19,2,349570,8:12,3626 Broadway,40.8291361,-73.94836491
7097814378,8/26/2013,84,5,349570,8:13,3626 Broadway,40.8291361,-73.94836491
7097814380,8/26/2013,21,1,349570,8:15,570 W 150th St,40.82914472,-73.94768162
7097814391,8/26/2013,21,1,349570,8:37,212 W 120th St,40.80585905,-73.9510638
7097814408,8/26/2013,21,1,349570,8:42,279 W 119th St,40.80613598,-73.95320774
7097814410,8/26/2013,21,1,349570,8:44,279 W 119th St,40.80613598,-73.95320774
7097814421,8/26/2013,21,1,349570,8:47,314 W 120th St,40.79903613,-73.93526224
7097814433,8/26/2013,21,1,349570,8:48,309 W 120th St,40.80748451,-73.95410297
7097814445,8/26/2013,21,1,349570,8:50,191 St Nicholas Ave,40.8064139,-73.9530506
7097814457,8/26/2013,21,1,349570,9:06,90-94 Convent Ave,40.83668,-73.939944
7097814469,8/26/2013,21,1,349570,9:08,110 Convent Ave,40.8172106,-73.95267023
7097814512,8/26/2013,46,3,349570,9:27,408 W 130th St,40.81433601,-73.95182458
7097814524,8/26/2013,21,1,349570,9:37,121 W 128th St,40.81002192,-73.94463853
7097814536,8/26/2013,21,1,349570,9:40,83 W 128th St,40.80968108,-73.94339266
7097814548,8/26/2013,21,1,349570,9:41,77 W 128th St,40.80961725,-73.94324533
7097814550,8/26/2013,21,1,349570,9:43,75-73 W 128th St,40.83668,-73.939944
7097814561,8/26/2013,21,1,349570,9:45,25 W 128th St,40.80875329,-73.94162337
7097814573,8/26/2013,21,1,349570,9:47,1 W 128th St,40.80871653,-73.94114533
7097814585,8/26/2013,21,1,349570,9:49,74 W 128th St,40.80926678,-73.94330419
7097814597,8/26/2013,21,1,349570,9:50,81 W 127th St,40.8089002,-73.94390129
7097814603,8/26/2013,21,1,349570,11:06,121 La Salle St,40.81406724,-73.96014865
7097814615,8/26/2013,21,1,349570,11:08,121 La Salle St,40.81406724,-73.96014865
7097814627,8/26/2013,21,1,349570,11:11,39 Claremont Ave,40.80994618,-73.96414763
7097814639,8/26/2013,21,1,349570,11:12,21 Claremont Ave,40.80930099,-73.96463951
7097814640,8/26/2013,21,1,349570,11:15,540 W 122nd St,40.81103738,-73.95946849
7097814652,8/26/2013,21,1,349570,11:17,532 W 122nd St,40.81094033,-73.95923908
7097814664,8/26/2013,21,1,349570,11:36,100 W 139th St,40.81658581,-73.93903993
7097814676,8/26/2013,21,1,349570,11:38,141 W 139th St,40.8176841,-73.94086292
7097814688,8/26/2013,21,1,349570,11:39,229 W 139th St,40.81861914,-73.94307055
7097814690,8/26/2013,21,1,349570,11:41,261 W 138th St,40.81836962,-73.94442015
7097814706,8/26/2013,21,1,349570,11:45,176 W 137th St,40.81608899,-73.94212021
7097814718,8/26/2013,21,1,349570,11:46,175 W 137th St,40.81655276,-73.94184648
7097814720,8/26/2013,21,1,349570,11:51,163 W 136th St,40.81589875,-73.94237475
7097814731,8/26/2013,21,1,349570,11:55,161 W 136th St,40.81583453,-73.9422308
7097814743,8/26/2013,19,2,349570,12:00,439 Lenox Ave,40.81224391,-73.94232933
7097814755,8/26/2013,46,3,349570,13:01,250 E 105th St,40.79003286,-73.94369708
7097814767,8/26/2013,46,3,349570,13:05,178 E 104th St,40.79035895,-73.94644117
7097814779,8/26/2013,73,5,349570,13:06,178 E 104th St,40.79035895,-73.94644117
7097814780,8/26/2013,19,2,349570,13:38,202 E 116th St,40.7978265,-73.93996679
7097814792,8/26/2013,19,2,349570,13:40,161 E 116th St,40.79863178,-73.94088181
7097814809,8/26/2013,70,5,349570,13:41,161 E 116th St,40.79863178,-73.94088181
7097814810,8/26/2013,18,2,349570,14:12,2049 2nd Ave,40.79022063,-73.94313148
7097814822,8/26/2013,16,2,349570,14:15,301 E 102nd St,40.78813415,-73.9442754
7097814834,8/26/2013,46,3,349570,14:23,2159 1st Ave,40.79332085,-73.93747817
7097814846,8/26/2013,19,2,349570,14:32,248 E 116th St,40.80385024,-73.95481367
7097814858,8/26/2013,46,3,349570,14:40,113 E 125th St,40.83668,-73.939944
7097814860,8/26/2013,46,3,349570,14:41,111 E 125th St,40.83668,-73.939944
7097814871,8/26/2013,17,2,349570,14:43,165 E 125th St,40.83668,-73.939944
7097814883,8/26/2013,16,2,349570,14:49,248 E 125th St,40.8032608,-73.93500624
7097814901,8/26/2013,18,2,349570,14:56,2295 2nd Ave,40.79831551,-73.93727001
7097814913,8/26/2013,19,2,349570,14:59,248 E 116th St,40.80385024,-73.95481367
7097814925,8/26/2013,14,2,349570,15:16,2026 2nd Ave,40.78937943,-73.94300239
7097814937,8/26/2013,19,2,349570,15:29,405 E 116th St,40.79605906,-73.93482024
7097814949,8/26/2013,18,2,349570,15:33,2039 2nd Ave,40.78997409,-73.94326992
7097814950,8/27/2013,46,3,349570,5:39,207 Central Park North,40.7999202,-73.956042
7097814962,8/27/2013,19,2,349570,6:36,2766 Broadway,40.80167358,-73.96775383
7097814974,8/27/2013,40,2,349570,6:43,1060 Amsterdam Ave,40.80463687,-73.96329451
7097814986,8/27/2013,21,1,349570,7:06,988 Columbus Ave,40.80104732,-73.96166046
7097814998,8/27/2013,21,1,349570,7:10,830 Columbus Ave,40.79604529,-73.96531068
7097815012,8/27/2013,14,2,349570,7:18,290 Columbus Ave,40.77854018,-73.97808046
7097815024,8/27/2013,19,2,349570,7:26,2568 Broadway,40.79497312,-73.97104365
7097815036,8/27/2013,21,1,349570,7:36,2686 Broadway,40.79866309,-73.96833666
7097815048,8/27/2013,21,1,349570,7:38,2796 Broadway,40.80278583,-73.96753226
7097815050,8/27/2013,21,1,349570,7:39,2802 Broadway,40.80356654,-73.96703138
7097815061,8/27/2013,21,1,349570,7:41,2848 Broadway,40.80441963,-73.96607584
7097815073,8/27/2013,21,1,349570,7:44,524 W 114th St,40.8058428,-73.96338658
7097815085,8/27/2013,21,1,349570,7:48,525 W 120th St,40.8097195,-73.95988519
7097815097,8/27/2013,21,1,349570,7:49,525 W 120th St,40.8097195,-73.95988519
7097815103,8/27/2013,21,1,349570,7:51,525 W 120th St,40.8097195,-73.95988519
7097815115,8/27/2013,21,1,349570,7:53,525 W 120th St,40.8097195,-73.95988519
7097815127,8/27/2013,21,1,349570,8:06,525 W 146th St,40.82671953,-73.9484723
7097815139,8/27/2013,21,1,349570,8:07,521 W 146th St,40.82623545,-73.94767068
7097815140,8/27/2013,21,1,349570,8:08,521 W 146th St,40.82623545,-73.94767068
7097815152,8/27/2013,21,1,349570,8:12,569 W 150th St,40.82931292,-73.94722697
7097815164,8/27/2013,21,1,349570,8:37,270 W 119th St,40.80578492,-73.95312318
7097815176,8/27/2013,21,1,349570,8:40,282 W 119th St,40.80599517,-73.95333756
7097815188,8/27/2013,21,1,349570,9:09,357 W 127th St,40.81231327,-73.95199211
7097815190,8/27/2013,21,1,349570,9:12,374 W 127th St,40.81235075,-73.95285141
7097815206,8/27/2013,21,1,349570,9:14,128 W 128th St,40.80995158,-73.94493808
7097815218,8/27/2013,21,1,349570,9:15,408 W 128th St,40.81295308,-73.95203691
7097815220,8/27/2013,21,1,349570,9:17,35 St Nicholas Ter,40.81349764,-73.95177656
7097815231,8/27/2013,21,1,349570,9:19,2 St Nicholas Ter,40.8123749,-73.95184332
7097815243,8/27/2013,21,1,349570,9:40,125 W 128th St,40.8104178,-73.94523622
7097815255,8/27/2013,21,1,349570,9:43,70 W 128th St,40.80921074,-73.94317133
7097815267,8/27/2013,21,1,349570,9:43,70 W 128th St,40.80921074,-73.94317133
7097815279,8/27/2013,21,1,349570,9:49,2153 Adam Clayton Powell,40.83668,-73.939944
7097815280,8/27/2013,40,2,349570,9:54,73 W 130th St,40.81088737,-73.94269873
7097815309,8/27/2013,21,1,349570,10:12,364 W 116th St,40.80511604,-73.957259
7097815310,8/27/2013,21,1,349570,10:15,16 Morningside Ave,40.80514484,-73.95799894
7097815322,8/27/2013,19,2,349570,10:34,2620 Broadway,40.7965664,-73.97029325
7097815334,8/27/2013,21,1,349570,11:06,314 W 77th St,40.78315592,-73.98300103
7097815346,8/27/2013,21,1,349570,11:08,318 W 77th St,40.78319844,-73.98310221
7097815358,8/27/2013,21,1,349570,11:10,58 Riverside Dr,40.78425583,-73.9832683
7097815383,8/27/2013,21,1,349570,11:38,318 W 138th St,40.81862596,-73.94618531
7097815395,8/27/2013,21,1,349570,11:40,308 W 138th St,40.8185122,-73.94592004
7097815401,8/27/2013,21,1,349570,11:41,244 W 138th St,40.81791329,-73.94456086
7097815413,8/27/2013,21,1,349570,11:44,218 W 138th St,40.81749942,-73.9435924
7097815425,8/27/2013,21,1,349570,11:47,104 W 138th St,40.81599853,-73.93962118
7097815437,8/27/2013,21,1,349570,11:49,101 W 137th St,40.81549305,-73.93988845
7097815449,8/27/2013,21,1,349570,11:50,101 W 137th St,40.81549305,-73.93988845
7097815450,8/27/2013,21,1,349570,12:10,52 W 132nd St,40.81138276,-73.94098621
7097815462,8/28/2013,19,2,349570,6:45,2831 Broadway,40.80456472,-73.96652812
7097815474,8/28/2013,21,1,349570,7:07,967 Columbus Ave,40.80006648,-73.96185832
7097815486,8/28/2013,14,2,349570,7:15,236 Columbus Ave,40.7767087,-73.97940852
7097815498,8/28/2013,21,1,349570,7:36,2642 Broadway,40.79722393,-73.96941673
7097815504,8/28/2013,21,1,349570,7:38,2652 Broadway,40.79779745,-73.96937529
7097815516,8/28/2013,21,1,349570,8:07,3920 Broadway,40.83846399,-73.94116404
7097815528,8/28/2013,21,1,349570,8:08,3924 Broadway,40.83861391,-73.94105869
7097815530,8/28/2013,21,1,349570,8:09,3928 Broadway,40.83871031,-73.9413706
7097815553,8/28/2013,21,1,349570,8:38,601 W 160th St,40.83604183,-73.94353783
7097815565,8/28/2013,21,1,349570,8:39,601 W 160th St,40.83604183,-73.94353783
7097815577,8/28/2013,21,1,349570,8:40,564 W 160th St,40.83543181,-73.94255584
7097815589,8/28/2013,71,5,349570,8:44,453 W 164th St,40.83703136,-73.93762302
7097815607,8/28/2013,21,1,349570,9:36,535 W 163rd St,40.83748064,-73.94077431
7097815619,8/28/2013,21,1,349570,9:37,539 W 162nd St,40.83695245,-73.94146994
7097815620,8/28/2013,21,1,349570,9:39,505 W 162nd St,40.83649906,-73.94043211
7097815632,8/28/2013,21,1,349570,9:43,461 W 164th St,40.83712152,-73.9379557
7097815644,8/28/2013,21,1,349570,9:45,434 W 164th St,40.83649836,-73.93775162
7097815668,8/28/2013,21,1,349570,9:52,561 W 161st St,40.83629393,-73.94181709
7097815670,8/28/2013,14,2,349570,9:56,600 W 165th St,40.83911064,-73.94120157
7097815681,8/28/2013,48,3,349570,10:01,250 Ft Washington Ave,40.84348879,-73.94112348
7097815693,8/28/2013,48,3,349570,10:02,260 Ft Washington Ave,40.84372259,-73.94093495
7097815700,8/28/2013,14,2,349570,10:45,216 Ft Washington Ave,40.84212827,-73.94129046
7097815711,8/28/2013,46,3,349570,10:54,177 Ft Washington Ave,40.84117138,-73.94277038
7097815723,8/28/2013,14,2,349570,10:56,177 Ft Washington Ave,40.84117138,-73.94277038
7097815735,8/28/2013,21,1,349570,11:36,600 W 161st St,40.83648029,-73.94310194
7097815747,8/28/2013,21,1,349570,11:38,65 Ft Washington Ave,40.83742456,-73.94449759
7097815759,8/28/2013,21,1,349570,11:38,65 Ft Washington Ave,40.83742456,-73.94449759
7097815760,8/28/2013,21,1,349570,11:40,654 W 161st St,40.83720303,-73.94516469
7097815772,8/28/2013,71,5,349570,11:41,654 W 161st St,40.83720303,-73.94516469
7097815784,8/28/2013,21,1,349570,11:41,667 W 161st St,40.83780938,-73.94542072
7097815796,8/28/2013,21,1,349570,11:43,667 W 161st St,40.83780938,-73.94542072
7097815802,8/28/2013,21,1,349570,11:46,665 W 160th St,40.83724311,-73.94601602
7097815840,8/29/2013,19,2,349570,5:45,545 W 110th St,40.80413276,-73.96591761
7097815851,8/29/2013,84,5,349570,5:46,545 W 110th St,40.80413276,-73.96591761
7097815863,8/29/2013,21,1,349570,6:38,865 Columbus Ave,40.79685121,-73.96450533
7097815875,8/29/2013,21,1,349570,6:39,865 Columbus Ave,40.79685121,-73.96450533
7097815887,8/29/2013,21,1,349570,6:41,845 Columbus Ave,40.79618671,-73.96498616
7097815899,8/29/2013,21,1,349570,6:42,845 Columbus Ave,40.79618671,-73.96498616
7097815905,8/29/2013,48,3,349570,6:51,51 W 106th St,40.79874297,-73.96145723
7097815917,8/29/2013,71,5,349570,7:02,998 Columbus Ave,40.80123395,-73.96152574
7097815929,8/29/2013,21,1,349570,7:06,998 Columbus Ave,40.80123395,-73.96152574
7097815930,8/29/2013,21,1,349570,7:07,984 Columbus Ave,40.80093793,-73.96174028
7097815942,8/29/2013,21,1,349570,7:10,912 Columbus Ave,40.7983966,-73.96359869
7097815954,8/29/2013,21,1,349570,7:12,525 Columbus Ave,40.78596235,-73.9724461
7097815966,8/29/2013,14,2,349570,7:17,520 Columbus Ave,40.78587503,-73.97273266
7097815978,8/29/2013,21,1,349570,7:40,2688 Broadway,40.79874501,-73.96827687
7097815980,8/29/2013,21,1,349570,7:42,2688 Broadway,40.79874501,-73.96827687
7097815991,8/29/2013,21,1,349570,7:43,2688 Broadway,40.79874501,-73.96827687
7097816004,8/29/2013,19,2,349570,7:48,2848 Broadway,40.80441963,-73.96607584
7097816016,8/29/2013,19,2,349570,7:57,3320 Broadway,40.81957323,-73.95494541
7097816028,8/29/2013,21,1,349570,8:06,565 W 148th St,40.82801559,-73.94802235
7097816030,8/29/2013,21,1,349570,8:07,565 W 148th St,40.82801559,-73.94802235
7097816041,8/29/2013,21,1,349570,8:10,519 W 148th St,40.82776618,-73.94709025
7097816053,8/29/2013,21,1,349570,8:11,523 W 149th St,40.82842588,-73.94670096
7097816065,8/29/2013,21,1,349570,8:12,537 W 149th St,40.82861649,-73.94716048
7097816077,8/29/2013,21,1,349570,8:16,537 W 150th St,40.82925048,-73.94672697
7097816089,8/29/2013,21,1,349570,8:36,235 W 122nd St,40.80777391,-73.95085908
7097816090,8/29/2013,21,1,349570,8:38,209 W 122nd St,40.80753035,-73.95027715
7097816120,8/29/2013,21,1,349570,8:45,149 W 121st St,40.80623832,-73.94918266
7097816132,8/29/2013,21,1,349570,8:48,267 W 121st St,40.80752876,-73.95227507
7097816144,8/29/2013,21,1,349570,8:52,109 W 120th St,40.80510377,-73.94844586
7097816156,8/29/2013,21,1,349570,8:55,119 W 119th St,40.80458031,-73.94913152
7097816168,8/29/2013,21,1,349570,9:06,96-100 Convent Ave,40.83668,-73.939944
7097816170,8/29/2013,21,1,349570,9:07,102 Convent Ave,40.81689159,-73.95289811
7097816181,8/29/2013,21,1,349570,9:10,110 Convent Ave,40.8172106,-73.95267023
7097816200,8/29/2013,21,1,349570,9:36,110 W 131st St,40.81165708,-73.94363565
7097816211,8/29/2013,21,1,349570,9:38,133 W 131st St,40.81231308,-73.94393173
7097816223,8/29/2013,21,1,349570,9:41,133 W 130th St,40.81172872,-73.94451123
7097816235,8/29/2013,21,1,349570,9:45,35-39 W 129th St,40.83668,-73.939944
7097816247,8/29/2013,21,1,349570,9:49,393 Lenox Ave,40.81076949,-73.94340815
7097816259,8/29/2013,21,1,349570,10:13,30 St Nicholas Pl,40.8281715,-73.9417299
7097816260,8/29/2013,21,1,349570,11:08,150 Claremont Ave,40.81330498,-73.96122424
7097816272,8/29/2013,21,1,349570,11:09,134 Claremont Ave,40.8129803,-73.9613758
7097816284,8/29/2013,21,1,349570,11:12,80 Claremont Ave,40.8110994,-73.9627294
7097816302,8/29/2013,21,1,349570,11:16,21 Claremont Ave,40.80930099,-73.96463951
7097816314,8/29/2013,21,1,349570,11:18,15 Claremont Ave,40.80906214,-73.96478834
7097816326,8/29/2013,21,1,349570,11:20,15 Claremont Ave,40.80906214,-73.96478834
7097816338,8/29/2013,21,1,349570,11:21,15 Claremont Ave,40.80906214,-73.96478834
7097816340,8/29/2013,21,1,349570,11:36,101 Edgecombe Ave,40.82006383,-73.94586183
7097816351,8/29/2013,21,1,349570,11:37,101 Edgecombe Ave,40.82006383,-73.94586183
7097816363,8/29/2013,21,1,349570,11:38,321 W 138th St,40.81900292,-73.94589905
7097816375,8/29/2013,21,1,349570,11:39,311 W 138th St,40.81888268,-73.94562132
7097816387,8/29/2013,21,1,349570,11:41,307 W 137th St,40.81824991,-73.94601776
7097816399,8/29/2013,21,1,349570,11:42,323 W 137th St,40.81839798,-73.94641057
7097816405,8/29/2013,71,5,349570,11:43,323 W 137th St,40.81839798,-73.94641057
7097816417,8/29/2013,21,1,349570,11:45,313 W 136th St,40.81768068,-73.94663107
7097816429,8/29/2013,21,1,349570,11:50,101 W 136th St,40.814863,-73.94034826
7097816430,8/29/2013,21,1,349570,11:52,560 Lenox Ave,40.81620405,-73.93921564
7097816442,8/29/2013,21,1,349570,11:54,107-09 W 137th St,40.83668,-73.939944
7097816454,8/29/2013,21,1,349570,11:56,137 W 137th St,40.81633855,-73.94155317
7097816466,8/29/2013,19,2,349570,13:07,211 E 106th St,40.79144332,-73.94414701
7097816478,8/29/2013,46,3,349570,13:13,250 E 105th St,40.79003286,-73.94369708
7097816480,8/29/2013,46,3,349570,13:21,156 E 116th St,40.7982479,-73.94144702
7097816491,8/29/2013,46,3,349570,13:25,306 E 116th St,40.79656004,-73.93743656
7097816508,8/29/2013,46,3,349570,13:27,326 E 116th St,40.79625997,-73.93672668
7097816510,8/29/2013,48,3,349570,13:29,2267 1st Ave,40.79628113,-73.9353164
7097816521,8/29/2013,48,3,349570,13:32,2319 1st Ave,40.7978894,-73.93413528
7097816533,8/29/2013,17,2,349570,13:39,116 E 125th St,40.80497067,-73.93906206
7097816545,8/29/2013,46,3,349570,13:40,131-135 E 125th St,40.83668,-73.939944
7097816557,8/29/2013,16,2,349570,13:49,252 E 125th St,40.80321409,-73.93489532
7097816569,8/29/2013,46,3,349570,13:56,1901 Lexington Ave,40.79995931,-73.94053294
7097816570,8/29/2013,46,3,349570,13:58,170 E 116th St,40.79825785,-73.94098558
7097816582,8/29/2013,19,2,349570,14:00,161 E 116th St,40.79863178,-73.94088181
7097816594,8/29/2013,46,3,349570,14:04,226 E 116th St,40.79726754,-73.93911367
7097816600,8/29/2013,19,2,349570,14:05,2260 1st Ave,40.79602644,-73.93527965
7097816612,8/29/2013,18,2,349570,14:09,2305 2nd Ave,40.79866675,-73.93697605
7097816624,8/29/2013,10,2,349570,14:10,2262 2nd Ave,40.79704414,-73.93737201
7097816636,8/29/2013,46,3,349570,14:12,234 E 116th St,40.79712931,-73.93878103
7097816650,8/29/2013,20,2,349570,14:23,116 E 125th St,40.80497067,-73.93906206
7097816661,8/29/2013,17,2,349570,14:25,116 E 125th St,40.80497067,-73.93906206
7097816673,8/29/2013,46,3,349570,14:27,165 E 125th St,40.83668,-73.939944
7097816697,8/30/2013,40,2,349570,5:33,157 W 111th St,40.79967138,-73.95376897
7097816703,8/30/2013,19,2,349570,5:39,545 W 110th St,40.80413276,-73.96591761
7097816715,8/30/2013,19,2,349570,5:40,2840 Broadway,40.80437476,-73.9664427
7097816727,8/30/2013,84,5,349570,5:42,2840 Broadway,40.80437476,-73.9664427
7097816739,8/30/2013,19,2,349570,6:25,2766 Broadway,40.80167358,-73.96775383
7097816740,8/30/2013,19,2,349570,6:28,545 W 110th St,40.80413276,-73.96591761
7097816752,8/30/2013,84,5,349570,6:29,545 W 110th St,40.80413276,-73.96591761
7097816764,8/30/2013,21,1,349570,6:36,885 Columbus Ave,40.79757336,-73.963982
7097816776,8/30/2013,21,1,349570,7:06,Columbus Ave,40.83668,-73.939944
7097816788,8/30/2013,21,1,349570,7:36,2644 Broadway,40.7973907,-73.96917212
7097816790,8/30/2013,71,5,349570,7:37,2644 Broadway,40.7973907,-73.96917212
7097816806,8/30/2013,21,1,349570,7:39,2686 Broadway,40.79866309,-73.96833666
7097816820,8/30/2013,21,1,349570,7:42,2688 Broadway,40.79874501,-73.96827687
7097816818,8/30/2013,21,1,349570,7:42,2688 Broadway,40.79874501,-73.96827687
7097816831,8/30/2013,21,1,349570,7:44,2748 Broadway,40.80067525,-73.96764968
7097816843,8/30/2013,21,1,349570,7:45,2758 Broadway,40.80101951,-73.9675483
7097816855,8/30/2013,19,2,349570,7:49,2840 Broadway,40.80437476,-73.9664427
7097816867,8/30/2013,21,1,349570,8:06,550 W 148th St,40.82772493,-73.94812904
7097816879,8/30/2013,21,1,349570,8:07,506 W 148th St,40.82724399,-73.94701105
7097816880,8/30/2013,21,1,349570,8:11,504 W 149th St,40.82781723,-73.94648552
7097816892,8/30/2013,21,1,349570,8:12,510 W 149th St,40.82788368,-73.94664049
7097816909,8/30/2013,21,1,349570,8:13,524 W 149th St,40.82801848,-73.94697383
7097816910,8/30/2013,21,1,349570,8:19,561 W 149th St,40.82887774,-73.94778353
7097816922,8/30/2013,21,1,349570,8:23,520 W 150th St,40.82857067,-73.94631678
7097816958,8/30/2013,21,1,349570,8:40,350 W 122nd St,40.80892759,-73.95480439
7097816960,8/30/2013,21,1,349570,9:07,357 W 127th St,40.81231327,-73.95199211
7097816971,8/30/2013,21,1,349570,9:09,368 W 127th St,40.81222059,-73.95262917
7097816983,8/30/2013,21,1,349570,9:10,376 W 127th St,40.81222133,-73.95223556
7097816995,8/30/2013,21,1,349570,9:14,106 Convent Ave,40.81706409,-73.95277539
7097817008,8/30/2013,21,1,349570,9:16,106 Convent Ave,40.81706409,-73.95277539
7097817010,8/30/2013,21,1,349570,9:36,120 W 131st St,40.81177292,-73.94390606
7097817021,8/30/2013,21,1,349570,9:40,65 W 130th St,40.81082204,-73.94227204
7097817033,8/30/2013,21,1,349570,9:44,5 W 127th St,40.8078577,-73.94142937
7097817045,8/30/2013,19,2,349570,9:58,1620 Amsterdam Ave,40.82204328,-73.95005387
7097817069,8/30/2013,21,1,349570,10:22,566 W 171st St,40.84249056,-73.93805769
7097817070,8/30/2013,21,1,349570,10:24,552 W 171st St,40.84226105,-73.93713406
7097817094,8/30/2013,19,2,349570,10:41,344 Ft Washington Ave,40.84666915,-73.93963588
7097817112,8/30/2013,14,2,349570,10:50,177 Ft Washington Ave,40.84117138,-73.94277038
7097817124,8/30/2013,51,3,349570,10:54,25 Ft Washington Ave,40.83626894,-73.94489018
7097817136,8/30/2013,21,1,349570,11:12,61 Claremont Ave,40.81044523,-73.96353577
7097817148,8/30/2013,21,1,349570,11:14,21 Claremont Ave,40.80930099,-73.96463951
7097817161,8/30/2013,21,1,349570,11:29,404 Riverside Dr,40.8065374,-73.96698528
7097817173,8/30/2013,21,1,349570,11:42,232 W 136th St,40.81634851,-73.94472443
7097817185,8/30/2013,21,1,349570,11:44,160 W 136th St,40.81542383,-73.94248731
7097817197,8/30/2013,21,1,349570,11:44,162 W 136th St,40.81544085,-73.94254055
7097817203,8/30/2013,21,1,349570,11:47,110 W 137th St,40.81554408,-73.94082642
7097817215,8/30/2013,21,1,349570,11:48,116 W 137th St,40.81552067,-73.94041843
7097817227,8/30/2013,21,1,349570,11:50,200 W 137th St,40.81652507,-73.94280533
7097817239,8/30/2013,19,2,349570,13:05,1627 Amsterdam Ave,40.82240435,-73.94939969
7097817240,8/30/2013,46,3,349570,13:13,128 W 138th St,40.8162892,-73.94031015
7097817252,8/30/2013,46,3,349570,13:14,115 W 138th St,40.81679984,-73.94105722
7097817264,8/30/2013,46,3,349570,13:21,107 W 136th St,40.81526585,-73.94088105
7097817276,8/30/2013,46,3,349570,13:42,2108 3rd Ave,40.7977962,-73.94057311
7097817288,8/30/2013,19,2,349570,13:45,157 E 116th St,40.79866592,-73.94096238
7097817290,8/30/2013,46,3,349570,13:47,170 E 116th St,40.79825785,-73.94098558
7097817306,8/30/2013,19,2,349570,13:49,248 E 116th St,40.80385024,-73.95481367
7097817318,8/30/2013,46,3,349570,13:51,350 E 116th St,40.79601591,-73.93615249
7097817320,8/30/2013,16,2,349570,13:56,250 E 125th St,40.80323744,-73.93495078
7097817331,8/30/2013,16,2,349570,14:02,252 E 125th St,40.80321409,-73.93489532
7097817343,8/30/2013,18,2,349570,14:06,2413 2nd Ave,40.80204401,-73.93448618
7097817355,8/30/2013,18,2,349570,14:08,2403 2nd Ave,40.80175138,-73.93470203
7097817367,8/30/2013,19,2,349570,14:16,161 E 116th St,40.79863178,-73.94088181
7097817379,8/30/2013,19,2,349570,14:19,218 E 116th St,40.7973856,-73.93932568
7097817380,8/30/2013,46,3,349570,14:21,210 E 116th St,40.79746731,-73.9395297
7097817392,8/30/2013,46,3,349570,14:22,218 E 116th St,40.7973856,-73.93932568
7097817409,8/30/2013,46,3,349570,14:32,322 E 116th St,40.79633033,-73.93689437
7097817410,8/30/2013,73,5,349570,14:33,322 E 116th St,40.79633033,-73.93689437
7097817422,8/30/2013,46,3,349570,14:36,350 E 116th St,40.79601591,-73.93615249
7097817434,8/30/2013,46,3,349570,14:40,357 E 116th St,40.80540266,-73.95696733
7097817446,8/30/2013,46,3,349570,14:43,353 E 116th St,40.79645943,-73.93572923
7097817458,8/31/2013,21,1,349570,6:51,885 Columbus Ave,40.79757336,-73.963982
7097817460,8/31/2013,21,1,349570,6:52,865 Columbus Ave,40.79685121,-73.96450533
7097817471,8/31/2013,21,1,349570,6:53,865 Columbus Ave,40.79685121,-73.96450533
7097817483,8/31/2013,21,1,349570,6:55,830 Columbus Ave,40.79604529,-73.96531068
7097817495,8/31/2013,21,1,349570,6:56,835 Columbus Ave,40.7959019,-73.96519219
7097817501,8/31/2013,21,1,349570,6:57,825 Columbus Ave,40.79638377,-73.96402055
7097817525,8/31/2013,21,1,349570,7:06,984 Columbus Ave,40.80093793,-73.96174028
7097817513,8/31/2013,21,1,349570,7:06,988 Columbus Ave,40.80104732,-73.96166046
7097817537,8/31/2013,21,1,349570,7:07,982 Columbus Ave,40.80088323,-73.9617802
7097817549,8/31/2013,21,1,349570,7:09,885 Columbus Ave,40.79757336,-73.963982
7097817550,8/31/2013,21,1,349570,7:10,885 Columbus Ave,40.79757336,-73.963982
7097817562,8/31/2013,21,1,349570,7:11,830-840 Columbus Ave,40.83668,-73.939944
7097817574,8/31/2013,21,1,349570,7:43,472 W 145th St,40.82483854,-73.94740453
7097817586,8/31/2013,20,2,349570,7:47,300 W 145th St,40.82270914,-73.94273349
7097817598,8/31/2013,19,2,349570,7:50,274 W 145th St,40.82237223,-73.94104841
7097817604,8/31/2013,84,5,349570,7:51,274 W 145th St,40.82237223,-73.94104841
7097817616,8/31/2013,21,1,349570,8:06,2484 Adam Clayton Powell,40.82117714,-73.939523
7097817628,8/31/2013,21,1,349570,8:08,2468 Adam Clayton Powell,40.82073377,-73.93984684
7097817630,8/31/2013,21,1,349570,8:09,2450 Adam Clayton Powell,40.82014118,-73.94028078
7097817641,8/31/2013,21,1,349570,8:13,2332 Adam Clayton Powell,40.81644071,-73.94298421
7097817653,8/31/2013,21,1,349570,8:14,2330 Adam Clayton Powell,40.81637481,-73.943032
7097817665,8/31/2013,21,1,349570,8:15,2340-46 Adam Clayton Powell,40.83668,-73.939944
7097817689,8/31/2013,21,1,349570,8:19,20 W 135th St,40.81301395,-73.93896251
7097817719,8/31/2013,21,1,349570,8:22,20 W 135th St,40.81301395,-73.93896251
7097817720,8/31/2013,21,1,349570,8:36,3507 Broadway,40.82545917,-73.95127196
7097817744,8/31/2013,21,1,349570,8:38,3425 Broadway,40.82288228,-73.9531531
7097817732,8/31/2013,21,1,349570,8:38,3421 Broadway,40.82296317,-73.95338446
7097817756,8/31/2013,21,1,349570,8:40,3351 Broadway,40.82075046,-73.95514576
7097817768,8/31/2013,21,1,349570,8:47,3072 Broadway,40.81156288,-73.96119545
7097817770,8/31/2013,19,2,349570,9:39,3552 Broadway,40.82682026,-73.95005598
7097817781,8/31/2013,14,2,349570,9:45,161 Ft Washington Ave,40.84126773,-73.94347436
7097817793,8/31/2013,14,2,349570,10:46,45 Fairview Ave,40.85777712,-73.92954295
7097817800,8/31/2013,14,2,349570,10:47,45 Fairview Ave,40.85777712,-73.92954295
7097817811,8/31/2013,14,2,349570,11:15,1469 St Nicholas Ave,40.8509843,-73.93295129
7097817823,8/31/2013,46,3,349570,12:11,97 Ft Washington Ave,40.83840268,-73.94414628
7097817835,8/31/2013,46,3,349570,12:13,97 Ft Washington Ave,40.83840268,-73.94414628
7097817847,8/31/2013,46,3,349570,12:29,600 W 178th St,40.8473636,-73.9355967
7097818852,9/5/2013,14,2,349570,10:42,1353 2nd Ave,40.76829606,-73.95884389
7097819571,9/7/2013,19,2,349570,12:06,1457 3rd Ave,40.77635023,-73.95567422
7097818840,9/5/2013,46,3,349570,10:12,1009 Park Ave,40.77912279,-73.95752274
7097818189,9/3/2013,21,1,349570,11:09,600 W 141st St,40.7791228,-73.9528305
7097819261,9/7/2013,21,1,349570,7:37,2315 Broadway,40.78700934,-73.97772692
7097819297,9/7/2013,40,2,349570,7:40,2350 Broadway,40.78778615,-73.97638546
7097819285,9/7/2013,21,1,349570,7:40,2348 Broadway,40.78792697,-73.97671557
7097819273,9/7/2013,21,1,349570,7:39,2348 Broadway,40.78792697,-73.97671557
7097819303,9/7/2013,21,1,349570,7:42,2393 Broadway,40.78947424,-73.97567913
7097819315,9/7/2013,20,2,349570,7:45,2412 Broadway,40.78988865,-73.974815
7097817884,9/3/2013,21,1,349570,7:36,2427 Broadway,40.79052083,-73.97491204
7097817896,9/3/2013,19,2,349570,7:38,2463 Broadway,40.79181019,-73.97439048
7097818440,9/4/2013,14,2,349570,7:11,700 Columbus Ave,40.79204294,-73.96863692
7097818888,9/5/2013,10,2,349570,11:38,2104 2nd Ave,40.79207166,-73.94127127
7097818918,9/6/2013,14,2,349570,7:06,730 Columbus Ave,40.79270795,-73.96774422
7097818451,9/4/2013,21,1,349570,7:36,2518 Broadway,40.79328356,-73.97267813
7097818438,9/4/2013,21,1,349570,7:09,750 Columbus Ave,40.79340906,-73.96773955
7097818463,9/4/2013,21,1,349570,7:38,2526 Broadway,40.79349403,-73.97252478
7097818864,9/5/2013,46,3,349570,11:25,1996 3rd Ave,40.79402896,-73.9433182
7097818920,9/6/2013,19,2,349570,7:38,747 Amsterdam Ave,40.79423239,-73.9701248
7097818475,9/4/2013,21,1,349570,7:40,2578 Broadway,40.79435629,-73.97189315
7097818414,9/4/2013,21,1,349570,7:06,805 Columbus Ave,40.79498771,-73.96585798
7097819224,9/7/2013,21,1,349570,7:15,805 Columbus Ave,40.79498771,-73.96585798
7097818426,9/4/2013,21,1,349570,7:08,808 Columbus Ave,40.79531924,-73.96618005
7097819236,9/7/2013,21,1,349570,7:16,808 Columbus Ave,40.79531924,-73.96618005
7097819212,9/7/2013,21,1,349570,7:13,826 Columbus Ave,40.7958802,-73.9654307
7097818372,9/4/2013,21,1,349570,6:36,835 Columbus Ave,40.7959019,-73.96519219
7097819200,9/7/2013,21,1,349570,7:12,830 Columbus Ave,40.79604529,-73.96531068
7097817860,9/3/2013,21,1,349570,6:38,845 Columbus Ave,40.79618671,-73.96498616
7097819157,9/7/2013,21,1,349570,6:39,825 Columbus Ave,40.79638377,-73.96402055
7097819170,9/7/2013,21,1,349570,6:42,825 Columbus Ave,40.79638377,-73.96402055
7097819169,9/7/2013,21,1,349570,6:41,825 Columbus Ave,40.79638377,-73.96402055
7097819145,9/7/2013,21,1,349570,6:36,865 Columbus Ave,40.79685121,-73.96450533
7097819194,9/7/2013,21,1,349570,7:11,880 Columbus Ave,40.79754352,-73.96422566
7097817859,9/3/2013,21,1,349570,6:36,885 Columbus Ave,40.79757336,-73.963982
7097819182,9/7/2013,21,1,349570,7:09,885 Columbus Ave,40.79757336,-73.963982
7097818360,9/4/2013,10,2,349570,6:33,903 Columbus Ave,40.79795821,-73.96370172
7097818876,9/5/2013,19,2,349570,11:27,179 E 116th St,40.798413,-73.94036109
7097817872,9/3/2013,21,1,349570,7:06,965 Columbus Ave,40.80000547,-73.96190396
7097819121,9/7/2013,46,3,349570,6:30,217 W 111th St,40.80068961,-73.95581714
7097819133,9/7/2013,20,2,349570,6:32,301 W 111th St,40.80131806,-73.95766833
7097818827,9/5/2013,19,2,349570,8:40,2103 Fredrick Douglas Blv,40.80292831,-73.95656851
7097819558,9/7/2013,46,3,349570,9:17,205 W 115th St,40.80303125,-73.95361721
7097818049,9/3/2013,21,1,349570,8:58,50 W 119th St,40.80310564,-73.94683424
7097818906,9/6/2013,84,5,349570,6:50,545 W 110th St,40.80413276,-73.96591761
7097818890,9/6/2013,19,2,349570,6:49,545 W 110th St,40.80413276,-73.96591761
7097818943,9/6/2013,19,2,349570,7:53,545 W 110th St,40.80413276,-73.96591761
7097818359,9/4/2013,19,2,349570,5:45,2840 Broadway,40.80437476,-73.9664427
7097818931,9/6/2013,19,2,349570,7:52,2840 Broadway,40.80437476,-73.9664427
7097818955,9/6/2013,19,2,349570,8:00,2848 Broadway,40.80441963,-73.96607584
7097818839,9/5/2013,19,2,349570,8:56,2850 Broadway,40.80462068,-73.96626641
7097818402,9/4/2013,17,2,349570,6:55,1060 Amsterdam Ave,40.80463687,-73.96329451
7097818396,9/4/2013,84,5,349570,6:53,1060 Amsterdam Ave,40.80463687,-73.96329451
7097818384,9/4/2013,19,2,349570,6:52,1060 Amsterdam Ave,40.80463687,-73.96329451
7097819110,9/6/2013,46,3,349570,11:44,108 E 125th St,40.80504895,-73.9392475
7097819091,9/6/2013,46,3,349570,11:37,108 E 125th St,40.80504895,-73.9392475
7097819108,9/6/2013,46,3,349570,11:40,104 E 125th St,40.80509506,-73.93935672
7097817999,9/3/2013,21,1,349570,8:49,208 W 119th St,40.80526224,-73.95220943
7097818803,9/5/2013,38,5,349570,8:15,2880 Broadway,40.8054706,-73.96522734
7097818013,9/3/2013,21,1,349570,8:52,276 W 119th St,40.80591711,-73.9535254
7097818001,9/3/2013,21,1,349570,8:50,182 St Nicholas Ave,40.8060312,-73.95237106
7097817975,9/3/2013,21,1,349570,8:40,364 W 121st St,40.80855605,-73.95566208
7097818104,9/3/2013,21,1,349570,9:15,19 W 128th St,40.80893355,-73.94169303
7097817951,9/3/2013,21,1,349570,8:37,352 W 122nd St,40.80894744,-73.95485568
7097818141,9/3/2013,21,1,349570,9:42,56 W 128th St,40.80907159,-73.94321849
7097818130,9/3/2013,21,1,349570,9:40,60 W 128th St,40.80914827,-73.94340641
7097818116,9/3/2013,21,1,349570,9:36,70 W 128th St,40.80921074,-73.94317133
7097818128,9/3/2013,21,1,349570,9:37,70 W 128th St,40.80921074,-73.94317133
7097817963,9/3/2013,21,1,349570,8:38,341 W 122nd St,40.80921534,-73.95426743
7097818153,9/3/2013,21,1,349570,9:48,230 W 129th St,40.81158602,-73.94688639
7097818165,9/3/2013,21,1,349570,9:49,236 W 129th St,40.81161747,-73.94696039
7097818177,9/3/2013,21,1,349570,9:50,240 W 129th St,40.81163844,-73.94700973
7097819492,9/7/2013,21,1,349570,8:27,2186 5th Ave,40.81189995,-73.93836567
7097819509,9/7/2013,21,1,349570,8:29,2196 5th Ave,40.81223196,-73.93812354
7097819029,9/6/2013,38,5,349570,9:43,490 Lenox Ave,40.8136363,-73.9409067
7097818098,9/3/2013,21,1,349570,9:13,25 Convent Ave,40.81367196,-73.9527803
7097819546,9/7/2013,21,1,349570,8:40,2284 Adam Clayton Powell,40.81484649,-73.94414855
7097819534,9/7/2013,20,2,349570,8:39,2284 Adam Clayton Powell,40.81484649,-73.94414855
7097818323,9/3/2013,21,1,349570,11:41,101 W 136th St,40.814863,-73.94034826
7097818086,9/3/2013,21,1,349570,9:11,48 Convent Ave,40.81491282,-73.95336389
7097819522,9/7/2013,21,1,349570,8:38,2286 Adam Clayton Powell,40.81491723,-73.94409655
7097819510,9/7/2013,21,1,349570,8:36,2288 Adam Clayton Powell,40.81498797,-73.94404455
7097819042,9/6/2013,38,5,349570,10:17,2295 Adam Clayton Powell,40.81509351,-73.94374345
7097819455,9/7/2013,21,1,349570,8:20,2304 Adam Clayton Powell,40.81551777,-73.94365592
7097819443,9/7/2013,21,1,349570,8:19,2306 Adam Clayton Powell,40.8155883,-73.94360445
7097819431,9/7/2013,21,1,349570,8:18,2306 Adam Clayton Powell,40.8155883,-73.94360445
7097819420,9/7/2013,21,1,349570,8:17,2308 Adam Clayton Powell,40.81565882,-73.94355297
7097818311,9/3/2013,21,1,349570,11:39,174 W 136th St,40.8156829,-73.94292485
7097819017,9/6/2013,46,3,349570,9:34,549 Lenox Ave,40.81582314,-73.93971577
7097819005,9/6/2013,38,5,349570,9:33,553 Lenox Ave,40.816274,-73.9397369
7097818300,9/3/2013,21,1,349570,11:38,262 W 136th St,40.81669209,-73.94554975
7097818293,9/3/2013,21,1,349570,11:36,268 W 136th St,40.8167659,-73.94570955
7097818992,9/6/2013,38,5,349570,9:30,587 Lenox Ave,40.8173752,-73.938581
7097819418,9/7/2013,21,1,349570,8:16,2368 Adam Clayton Powell,40.81755711,-73.94216758
7097819406,9/7/2013,21,1,349570,8:15,2370 Adam Clayton Powell,40.81762248,-73.94211958
7097819390,9/7/2013,21,1,349570,8:14,2376 Adam Clayton Powell,40.81781859,-73.94197558
7097819388,9/7/2013,21,1,349570,8:12,2446 Adam Clayton Powell,40.81991536,-73.94044623
7097818232,9/3/2013,21,1,349570,11:22,540 W 136th St,40.82013266,-73.9533063
7097819376,9/7/2013,21,1,349570,8:11,2450 Adam Clayton Powell,40.82014118,-73.94028078
7097819364,9/7/2013,21,1,349570,8:10,2452 Adam Clayton Powell,40.82025409,-73.94019805
7097819352,9/7/2013,21,1,349570,8:10,2454 Adam Clayton Powell,40.82036699,-73.94011532
7097819340,9/7/2013,21,1,349570,8:08,2469 Adam Clayton Powell,40.82060031,-73.93972134
7097818244,9/3/2013,21,1,349570,11:25,1590 Amsterdam Ave,40.8213883,-73.95083877
7097819054,9/6/2013,46,3,349570,10:25,2495 Adam Clayton Powell,40.82142486,-73.93912
7097819339,9/7/2013,21,1,349570,8:06,2495 Adam Clayton Powell,40.82142486,-73.93912
7097818797,9/5/2013,19,2,349570,7:17,274 W 145th St,40.82237223,-73.94104841
7097819080,9/6/2013,71,5,349570,10:32,274 W 145th St,40.82237223,-73.94104841
7097819078,9/6/2013,19,2,349570,10:31,274 W 145th St,40.82237223,-73.94104841
7097819066,9/6/2013,40,2,349570,10:29,227 W 145th St,40.82246275,-73.94029474
7097818281,9/3/2013,71,5,349570,11:31,1635 Amsterdam Ave,40.82261833,-73.94940599
7097818270,9/3/2013,21,1,349570,11:30,1635 Amsterdam Ave,40.82261833,-73.94940599
7097818268,9/3/2013,71,5,349570,11:28,1635 Amsterdam Ave,40.82261833,-73.94940599
7097818256,9/3/2013,21,1,349570,11:27,1635 Amsterdam Ave,40.82261833,-73.94940599
7097818335,9/3/2013,21,1,349570,11:44,2547 Adam Clayton Powell,40.82358151,-73.9375503
7097818190,9/3/2013,21,1,349570,11:11,610 W 141st St,40.82389425,-73.95255534
7097818220,9/3/2013,73,5,349570,11:15,620 W 141st St,40.82415842,-73.95354559
7097818219,9/3/2013,21,1,349570,11:14,620 W 141st St,40.82415842,-73.95354559
7097818207,9/3/2013,21,1,349570,11:12,620 W 141st St,40.82415842,-73.95354559
7097818980,9/6/2013,19,2,349570,9:09,748 St Nicholas Ave,40.82540961,-73.94332658
7097818979,9/6/2013,19,2,349570,8:58,550 W 145th St,40.82576057,-73.94909216
7097819560,9/7/2013,46,3,349570,10:29,3559 Broadway,40.82702529,-73.95012914
7097817940,9/3/2013,21,1,349570,8:09,510 W 148th St,40.82729995,-73.94713802
7097817938,9/3/2013,21,1,349570,8:08,518 W 148th St,40.82740896,-73.94739696
7097817926,9/3/2013,21,1,349570,8:06,544 W 148th St,40.82766287,-73.94797522
7097818773,9/5/2013,14,2,349570,6:21,617 W 155th St,40.83359747,-73.94708798
7097818529,9/4/2013,21,1,349570,8:36,4 Ft Washington Ave,40.83539511,-73.94403386
7097818487,9/4/2013,21,1,349570,8:06,3842 Broadway,40.83601386,-73.94334267
7097818050,9/3/2013,21,1,349570,9:06,106-08 Convent Ave,40.83668,-73.939944
7097818554,9/4/2013,21,1,349570,9:37,30-36 Sickles St,40.83668,-73.939944
7097818542,9/4/2013,21,1,349570,9:36,41682 Sickles St,40.83668,-73.939944
7097818347,9/4/2013,40,2,349570,5:37,230-238 W 111th St,40.83668,-73.939944
7097818815,9/5/2013,46,3,349570,8:19,504-510 W 110th St,40.83668,-73.939944
7097818761,9/5/2013,19,2,349570,5:55,2808-02 Broadway,40.83668,-73.939944
7097818967,9/6/2013,40,2,349570,8:20,2955 Broadway,40.83668,-73.939944
7097819250,9/7/2013,40,2,349570,7:24,101-103 W 69th St,40.83668,-73.939944
7097819248,9/7/2013,40,2,349570,7:21,101-103 Columbus Ave,40.83668,-73.939944
7097818517,9/4/2013,46,3,349570,8:13,548 W 163rd St,40.83729651,-73.94154528
7097818505,9/4/2013,71,5,349570,8:10,1061 St Nicholas Ave,40.83735058,-73.94048963
7097818499,9/4/2013,48,3,349570,8:09,1061 St Nicholas Ave,40.83735058,-73.94048963
7097818530,9/4/2013,46,3,349570,9:05,125 Nagle Ave,40.86074211,-73.9268162
7097818578,9/4/2013,21,1,349570,9:41,107 Ellwood St,40.86128842,-73.92898501
7097818566,9/4/2013,21,1,349570,9:39,108 Ellwood St,40.86151076,-73.92957597
7097818785,9/5/2013,46,3,349570,6:53,195 Nagle Ave,40.86169084,-73.92410457
7097818580,9/4/2013,21,1,349570,9:46,62 Thayer St,40.8632728,-73.92705207
7097818608,9/4/2013,21,1,349570,9:50,80 Arden St,40.8633454,-73.92836561
7097818591,9/4/2013,21,1,349570,9:48,108 Thayer St,40.86386212,-73.92742844
7097818610,9/4/2013,21,1,349570,10:00,3966 10th Ave,40.86759094,-73.91710461
7097818645,9/4/2013,21,1,349570,10:17,500 W 215th St,40.86949772,-73.9152879
7097818670,9/4/2013,21,1,349570,11:41,221 Seaman Ave,40.87085381,-73.91870177
7097818748,9/4/2013,21,1,349570,11:56,510 W 218th St,40.87121431,-73.91488184
7097818736,9/4/2013,21,1,349570,11:53,510 W 218th St,40.87121431,-73.91488184
7097818682,9/4/2013,21,1,349570,11:42,245 Seaman Ave,40.87149277,-73.91807935
7097818724,9/4/2013,21,1,349570,11:52,520 W 218th St,40.87153442,-73.91562755
7097818694,9/4/2013,21,1,349570,11:44,270 Seaman Ave,40.87236792,-73.91775891
7097818700,9/4/2013,21,1,349570,11:47,33 Indian Rd,40.8723732,-73.91915034
