summons_number,issue_date,violation_code,violation_category,issuer_code,time_format,address,Lat,Long
7937990636,8/1/13,40,2,353164,12:52,8 E 1st St,40.724743,-73.99178
7937990661,8/1/13,17,2,353164,13:17,181 Mercer St,40.726032,-73.9975
7937990697,8/1/13,20,2,353164,14:21,27 W 4th St,40.73296,-74.00231
7937990703,8/1/13,69,5,353164,14:28,704 Broadway,40.72863,-73.99398
7937990739,8/1/13,20,2,353164,14:55,29 W 4th St,40.73297,-74.00232
7937990752,8/1/13,20,2,353164,15:30,35 W 4th St,40.733,-74.00234
7937990764,8/1/13,20,2,353164,15:31,50 W 4th St,40.72892,-73.995415
7937990806,8/1/13,14,2,353164,17:29,324 Lafayette St,40.725506,-73.99508
7937990855,8/1/13,20,2,353164,17:52,316 Mott St,40.72488,-73.99402
7937990648,8/1/13,16,2,353164,12:57,300 Bowery,40.724537,-73.99254
7937990650,8/1/13,16,2,353164,13:02,302-4 Mott St,40.72476,-73.99408
7937990673,8/1/13,16,2,353164,13:34,250 Mercer St,40.7283,-73.995415
7937990685,8/1/13,20,2,353164,14:16,14 W 4th St,40.728752,-73.99508
7937990715,8/1/13,38,5,353164,14:40,6 Washington Pl,40.72935,-73.99456
7937990740,8/1/13,20,2,353164,15:22,10 Washington Pl,40.729458,-73.99479
7937990776,8/1/13,14,2,353164,16:14,45 W 4th St,40.73305,-74.00239
7937990788,8/1/13,16,2,353164,17:23,68 Bleecker St,40.72631,-73.995544
7937990790,8/1/13,16,2,353164,17:26,65 Bleecker St,40.72612,-73.994896
7937990820,8/1/13,16,2,353164,17:39,306 Mott St,40.724792,-73.994064
7937990831,8/1/13,20,2,353164,17:43,284 Mott St,40.724327,-73.99426
7937990843,8/1/13,20,2,353164,17:46,298 Mulberry St,40.72499,-73.99481
7937990892,8/3/13,38,5,353164,12:42,172 Ludlow St,40.72162,-73.987495
7937990909,8/3/13,14,2,353164,12:54,151 E Houston St,40.723133,-73.98945
7937990946,8/3/13,20,2,353164,13:18,36 Bleecker St,40.725643,-73.99395
7937990971,8/3/13,16,2,353164,13:36,306 Mott St,40.724792,-73.994064
7937991008,8/3/13,14,2,353164,13:48,308 Elizabeth St,40.724686,-73.99328
7937991033,8/3/13,14,2,353164,14:11,87 E Houston St,40.72415,-73.99282
7937991045,8/3/13,14,2,353164,14:16,284 Mott St,40.724327,-73.99426
7937991070,8/3/13,16,2,353164,14:47,306 Mott St,40.724792,-73.994064
7937991100,8/3/13,46,3,353164,14:59,68 Bleecker St,40.72631,-73.995544
7937991136,8/3/13,20,2,353164,16:18,1 W 3rd St,40.72788,-73.99474
7937991150,8/3/13,38,5,353164,16:30,1 Washington Pl,40.729065,-73.99373
7937991173,8/3/13,38,5,353164,17:36,566 Laguardia Pl,40.72936,-73.99793
7937991124,8/3/13,37,4,353164,16:10,566 Laguardia Pl,40.72936,-73.99793
7937991161,8/3/13,71,5,353164,17:27,245 Greene St,40.730003,-73.9952
7937991185,8/3/13,38,5,353164,17:40,566 Laguardia Pl,40.72936,-73.99793
7937990922,8/3/13,14,2,353164,13:10,89 E Houston St,40.724125,-73.99274
7937990934,8/3/13,14,2,353164,13:12,87 E Houston St,40.72415,-73.99282
7937990960,8/3/13,20,2,353164,13:29,36 Bleecker St,40.725643,-73.99395
7937990995,8/3/13,20,2,353164,13:45,32 Bleecker St,40.7256,-73.993805
7937991010,8/3/13,20,2,353164,13:52,334 Bowery,40.725857,-73.99206
7937991021,8/3/13,16,2,353164,14:06,302-4 Mott St,40.72476,-73.99408
7937991057,8/3/13,70,5,353164,14:18,284 Mott St,40.724327,-73.99426
7937991069,8/3/13,71,5,353164,14:21,284 Mott St,40.724327,-73.99426
7937991240,8/4/13,20,2,353164,10:33,174 Forsyth St,40.721313,-73.99128
7937991252,8/4/13,53,3,353164,10:41,224 Elizabeth St,40.722816,-73.99404
7937991276,8/4/13,19,2,353164,11:04,269 Bowery,40.724045,-73.99256
7937991331,8/4/13,14,2,353164,12:27,87 E Houston St,40.72415,-73.99282
7937991343,8/4/13,40,2,353164,12:35,15 Stanton St,40.72248,-73.99213
7937991379,8/4/13,40,2,353164,12:44,211 Bowery,40.72156,-73.99348
7937991422,8/4/13,14,2,353164,14:02,97 Rivington St,40.720066,-73.98851
7937991458,8/4/13,71,5,353164,14:12,115 Norfolk St,40.719193,-73.98704
7937991460,8/4/13,16,2,353164,14:18,95 Clinton St,40.718525,-73.98544
7937991471,8/4/13,16,2,353164,14:21,91 Clinton St,40.718636,-73.98538
7937991495,8/4/13,20,2,353164,14:31,141 Ludlow St,40.720467,-73.988235
7937991501,8/4/13,20,2,353164,14:55,174 Forsyth St,40.721313,-73.99128
7937991525,8/4/13,10,2,353164,15:01,183 Chrystie St,40.721447,-73.99221
7937991537,8/4/13,14,2,353164,16:02,180 Bowery,40.720604,-73.994
7937991288,8/4/13,14,2,353164,11:08,296 Bowery,40.724392,-73.992584
7937991306,8/4/13,71,5,353164,12:00,7 Great Jones St,40.727425,-73.99404
7937991320,8/4/13,40,2,353164,12:21,299 Bowery,40.72463,-73.992355
7937991355,8/4/13,71,5,353164,12:37,11 Stanton St,40.72256,-73.99239
7937991367,8/4/13,40,2,353164,12:42,213 Bowery,40.721607,-73.99346
7937991410,8/4/13,20,2,353164,13:57,149 Essex St,40.720634,-73.987206
7937991434,8/4/13,70,5,353164,14:09,109 Norfolk St,40.718964,-73.98716
7937991446,8/4/13,20,2,353164,14:10,109 Norfolk St,40.718964,-73.98716
7937991483,8/4/13,16,2,353164,14:23,50 Clinton St,40.719727,-73.984665
7937991513,8/4/13,20,2,353164,14:57,174 Forsyth St,40.721313,-73.99128
7932310120,8/5/13,48,3,353164,13:21,167 Chrystie St,40.72073,-73.992584
7932310088,8/5/13,14,2,353164,12:49,181 E Houston St,40.72271,-73.9881
7932310090,8/5/13,38,5,353164,12:58,169 Allen St,40.7211,-73.989624
7932310106,8/5/13,38,5,353164,13:01,163 Allen St,40.721268,-73.98953
7932310155,8/5/13,20,2,353164,13:41,190 Elizabeth St,40.721558,-73.99454
7932310179,8/5/13,20,2,353164,13:57,278 Mott St,40.724148,-73.99435
7932310192,8/5/13,40,2,353164,14:07,219 Mott St,40.72215,-73.99533
7932310210,8/5/13,20,2,353164,14:14,6 Spring St,40.72104,-73.9942
7932310222,8/5/13,20,2,353164,14:42,262 Mott St,40.723667,-73.99455
7932310258,8/5/13,20,2,353164,15:02,222 Lafayette St,40.722084,-73.997406
7932310271,8/5/13,14,2,353164,16:09,222 Bowery,40.72194,-73.993484
7932310283,8/5/13,20,2,353164,16:48,226 Lafayette St,40.722168,-73.99733
7932310295,8/5/13,69,5,353164,16:53,518 Broadway,40.722668,-73.99903
7932310301,8/5/13,20,2,353164,17:31,132 Crosby St,40.724773,-73.99629
7932310325,8/5/13,20,2,353164,17:49,10 Prince St,40.72255,-73.99388
7932310349,8/5/13,38,5,353164,17:55,195 Bowery,40.721233,-73.99361
7932310076,8/5/13,20,2,353164,12:41,152 Ludlow St,40.72093,-73.98785
7932310118,8/5/13,40,2,353164,13:12,190 Forsyth St,40.72204,-73.99091
7932310143,8/5/13,20,2,353164,13:33,6 Spring St,40.72104,-73.9942
7932310180,8/5/13,20,2,353164,14:02,252 Mott St,40.72337,-73.99469
7932310234,8/5/13,20,2,353164,14:44,284 Mott St,40.724327,-73.99426
7932310246,8/5/13,20,2,353164,14:49,112 Crosby St,40.72408,-73.99687
7932310260,8/5/13,20,2,353164,16:02,39 Spring St,40.72185,-73.99587
7932310313,8/5/13,20,2,353164,17:47,12 Prince St,40.722607,-73.99402
7932310416,8/6/13,69,5,353164,13:39,676 Broadway,40.72756,-73.99489
7932310441,8/6/13,37,4,353164,14:15,1 University Pl,40.73069,-73.9955
7932310465,8/6/13,20,2,353164,14:27,274 Mercer St,40.729183,-73.99465
7932310489,8/6/13,20,2,353164,15:06,3 University Pl,40.730804,-73.99539
7932310507,8/6/13,38,5,353164,15:23,14 Washington Pl,40.729633,-73.99515
7932310568,8/6/13,20,2,353164,17:12,508 Laguardia Pl,40.727974,-73.99912
7932310600,8/6/13,38,5,353164,17:34,548 Laguardia Pl,40.728886,-73.99835
7932310374,8/6/13,16,2,353164,12:38,188 Ludlow St,40.722107,-73.98724
7932310398,8/6/13,14,2,353164,13:12,298 Bowery,40.724464,-73.99256
7932310404,8/6/13,14,2,353164,13:19,302 Elizabeth St,40.72464,-73.9933
7932310428,8/6/13,84,5,353164,14:01,13-19 University Pl,40.73119,-73.99505
7932310430,8/6/13,37,4,353164,14:10,49 E 8th St,40.73155,-73.99453
7932310453,8/6/13,37,4,353164,14:19,32 Waverly Pl,40.73035,-73.99495
7932310490,8/6/13,37,4,353164,15:09,14 University Pl,40.73147,-73.99499
7932310519,8/6/13,37,4,353164,15:27,14 Washington Pl,40.729633,-73.99515
7932310544,8/6/13,71,5,353164,16:41,496 Laguardia Pl,40.727867,-73.999214
7932310581,8/6/13,38,5,353164,17:27,510 Laguardia Pl,40.727993,-73.99911
7932310593,8/6/13,71,5,353164,17:31,520 Laguardia Pl,40.728134,-73.998985
7937991628,8/12/13,20,2,353164,13:58,174 Orchard St,40.721497,-73.98843
7937991630,8/12/13,20,2,353164,14:13,156 Ludlow St,40.721096,-73.98776
7937991653,8/12/13,37,4,353164,14:27,188 Allen St,40.721783,-73.98891
7937991720,8/12/13,20,2,353164,16:19,134 Orchard St,40.719948,-73.98922
7937991732,8/12/13,16,2,353164,16:26,108-110 Norfolk St,40.71889,-73.98704
7937991756,8/12/13,38,5,353164,16:50,142 Ludlow St,40.720512,-73.98806
7937991793,8/12/13,71,5,353164,17:30,161 Orchard St,40.72103,-73.98882
7937991800,8/12/13,38,5,353164,17:37,130 Orchard St,40.7198,-73.989296
7937991574,8/12/13,71,5,353164,12:32,98 Suffolk St,40.718395,-73.98632
7937991586,8/12/13,71,5,353164,12:45,195 Stanton St,40.7198,-73.98325
7937991598,8/12/13,38,5,353164,13:06,149 Ludlow St,40.720802,-73.98807
7937991641,8/12/13,37,4,353164,14:21,188 Allen St,40.721783,-73.98891
7937991665,8/12/13,71,5,353164,14:38,203 E Houston St,40.72245,-73.98726
7937991677,8/12/13,20,2,353164,14:39,203 E Houston St,40.72245,-73.98726
7937991689,8/12/13,20,2,353164,14:42,193-195 E Houston St,40.72257,-73.98764
7937991690,8/12/13,38,5,353164,14:47,111 Stanton St,40.721058,-73.98739
7937991707,8/12/13,38,5,353164,15:24,164 Ludlow St,40.721375,-73.98762
7937991719,8/12/13,20,2,353164,16:11,182 Eldridge St,40.720573,-73.99065
7937991744,8/12/13,37,4,353164,16:34,131 Essex St,40.719887,-73.987595
7937991768,8/12/13,16,2,353164,16:56,188 Ludlow St,40.722107,-73.98724
7937991770,8/12/13,38,5,353164,17:05,188 Ludlow St,40.722107,-73.98724
7937991781,8/12/13,14,2,353164,17:22,203 Allen St,40.722763,-73.9888
7937991859,8/13/13,19,2,353164,13:10,205 Allen St,40.722744,-73.98881
7937991860,8/13/13,20,2,353164,13:22,53 Stanton St,40.72196,-73.990364
7937991872,8/13/13,20,2,353164,13:35,193 Chrystie St,40.72181,-73.99203
7937991884,8/13/13,20,2,353164,14:07,195 Chrystie St,40.72188,-73.99199
7937991896,8/13/13,20,2,353164,14:11,201 Chrystie St,40.7221,-73.99188
7937991926,8/13/13,40,2,353164,16:27,190 Forsyth St,40.72204,-73.99091
7937991940,8/13/13,20,2,353164,17:18,201 Chrystie St,40.7221,-73.99188
7937991902,8/13/13,20,2,353164,14:16,53 Stanton St,40.72196,-73.990364
7937991914,8/13/13,38,5,353164,15:29,169 Allen St,40.7211,-73.989624
7937991938,8/13/13,10,2,353164,16:36,183 Chrystie St,40.721447,-73.99221
7937991951,8/13/13,16,2,353164,17:41,263 Mulberry St,40.72369,-73.99562
7937992037,8/15/13,75,5,353164,14:18,228 Elizabeth St,40.72294,-73.99399
7937992049,8/15/13,20,2,353164,14:38,36 Bleecker St,40.725643,-73.99395
7937992062,8/15/13,20,2,353164,14:55,8 Prince St,40.722492,-73.993744
7937992074,8/15/13,20,2,353164,14:58,198 Elizabeth St,40.72185,-73.994415
7937992086,8/15/13,20,2,353164,15:00,192 Elizabeth St,40.72163,-73.99451
7937992104,8/15/13,20,2,353164,15:49,52 Prince St,40.72345,-73.996056
7937992116,8/15/13,20,2,353164,16:11,6 Rivington St,40.721565,-73.9931
7937992128,8/15/13,16,2,353164,16:25,196 Mott St,40.721157,-73.995575
7937992141,8/15/13,20,2,353164,17:22,284 Lafayette St,40.724228,-73.99612
7937991975,8/15/13,71,5,353164,12:55,170 Ludlow St,40.721558,-73.987526
7937991987,8/15/13,53,3,353164,13:22,224 Elizabeth St,40.722816,-73.99404
7937991999,8/15/13,20,2,353164,13:26,240 Elizabeth St,40.723293,-73.99384
7937992001,8/15/13,20,2,353164,13:37,260 Elizabeth St,40.72389,-73.99361
7937992013,8/15/13,20,2,353164,13:45,298 Mulberry St,40.72499,-73.99481
7937992050,8/15/13,20,2,353164,14:42,306 Mott St,40.724792,-73.994064
7937992130,8/15/13,14,2,353164,16:46,47 E Houston St,40.72481,-73.99469
7937992463,8/16/13,38,5,353164,14:23,100 Suffolk St,40.71847,-73.98628
7937992505,8/16/13,14,2,353164,16:31,97 Rivington St,40.720066,-73.98851
7937992517,8/16/13,20,2,353164,16:41,173 Ludlow St,40.721657,-73.98763
7937992530,8/16/13,14,2,353164,16:51,200 Orchard St,40.721737,-73.9883
7937992554,8/16/13,38,5,353164,17:23,177 Orchard St,40.721558,-73.98855
7937992578,8/16/13,38,5,353164,17:47,188 Ludlow St,40.722107,-73.98724
7937992396,8/16/13,71,5,353164,12:53,99 Suffolk St,40.718693,-73.98633
7937992402,8/16/13,37,4,353164,13:09,142 Ludlow St,40.720512,-73.98806
7937992414,8/16/13,51,3,353164,13:35,100 Stanton St,40.721355,-73.98797
7937992426,8/16/13,71,5,353164,13:47,138 Ludlow St,40.720345,-73.988144
7937992438,8/16/13,16,2,353164,13:52,104 Rivington St,40.720055,-73.98808
7937992440,8/16/13,16,2,353164,13:55,104 Rivington St,40.720055,-73.98808
7937992451,8/16/13,74,5,353164,14:00,104 Rivington St,40.720055,-73.98808
7937992475,8/16/13,37,4,353164,14:51,80-82 Clinton St,40.718838,-73.98512
7937992487,8/16/13,38,5,353164,15:00,137 Rivington St,40.719433,-73.98641
7937992529,8/16/13,38,5,353164,16:45,188 Ludlow St,40.722107,-73.98724
7937992542,8/16/13,20,2,353164,17:15,158 Ludlow St,40.72118,-73.98772
7937992566,8/16/13,38,5,353164,17:30,130 Orchard St,40.7198,-73.989296
7937992864,8/17/13,38,5,353164,12:45,78 Clinton St,40.718903,-73.98509
7937992876,8/17/13,38,5,353164,12:56,131 Rivington St,40.719536,-73.986755
7937992888,8/17/13,38,5,353164,13:07,172 Ludlow St,40.72162,-73.987495
7937992906,8/17/13,38,5,353164,13:35,189 Allen St,40.722916,-73.98873
7937992920,8/17/13,38,5,353164,13:45,189 Allen St,40.722916,-73.98873
7937992943,8/17/13,14,2,353164,13:59,95 Delancey St,40.71879,-73.98918
7937992955,8/17/13,37,4,353164,14:03,95 Delancey St,40.71879,-73.98918
7937992979,8/17/13,38,5,353164,14:15,95 Orchard St,40.71834,-73.9902
7937992992,8/17/13,37,4,353164,14:31,19 Orchard St,40.715454,-73.991684
7937993005,8/17/13,37,4,353164,14:38,23 Essex St,40.715477,-73.98987
7937993017,8/17/13,37,4,353164,15:40,55 Orchard St,40.716724,-73.99103
7937993066,8/17/13,14,2,353164,16:09,91 Allen St,40.719242,-73.990585
7937993091,8/17/13,14,2,353164,16:49,61 Delancey St,40.719307,-73.99089
7937992840,8/17/13,16,2,353164,12:40,95 Clinton St,40.718525,-73.98544
7937992852,8/17/13,16,2,353164,12:42,93 Clinton St,40.71858,-73.98541
7937992890,8/17/13,38,5,353164,13:17,138 Orchard St,40.7201,-73.98914
7937992918,8/17/13,38,5,353164,13:40,201 Allen St,40.722786,-73.98879
7937992931,8/17/13,38,5,353164,13:53,143 Orchard St,40.72029,-73.989204
7937992980,8/17/13,37,4,353164,14:19,75-79 Orchard St,40.717564,-73.9906
7937993029,8/17/13,37,4,353164,15:45,75-79 Orchard St,40.717564,-73.9906
7937993030,8/17/13,38,5,353164,15:56,252 Broome St,40.718075,-73.989876
7937993054,8/17/13,14,2,353164,16:07,93 Allen St,40.719166,-73.99062
7937993078,8/17/13,40,2,353164,16:41,81 Ludlow St,40.71794,-73.989525
7937993080,8/17/13,37,4,353164,16:45,95 Delancey St,40.71879,-73.98918
7937993108,8/17/13,37,4,353164,16:56,48 Delancey St,40.719612,-73.99151
7937993110,8/17/13,37,4,353164,17:25,47 Delancey St,40.719444,-73.99133
7937993121,8/17/13,37,4,353164,17:42,75-79 Orchard St,40.717564,-73.9906
7937993261,8/18/13,19,2,353164,11:24,274 Bowery,40.723656,-73.99286
7937993273,8/18/13,14,2,353164,11:41,202 Mott St,40.721413,-73.99547
7937993285,8/18/13,14,2,353164,11:45,180 Mott St,40.720448,-73.99585
7937993297,8/18/13,14,2,353164,12:25,180 Mott St,40.720448,-73.99585
7937993303,8/18/13,14,2,353164,12:39,89A E Houston St.,40.724094,-73.99266
7937993406,8/18/13,14,2,353164,13:22,200 Allen St,40.7219,-73.98888
7937993467,8/18/13,20,2,353164,14:44,147 Essex St,40.720554,-73.98725
7937993479,8/18/13,20,2,353164,15:05,141 Ludlow St,40.720467,-73.988235
7937993492,8/18/13,14,2,353164,16:12,85A Kenmare St,40.721268,-73.99667
7937993194,8/18/13,20,2,353164,10:34,109 Norfolk St,40.718964,-73.98716
7937993200,8/18/13,20,2,353164,10:39,105 Clinton St,40.718254,-73.98558
7937993212,8/18/13,16,2,353164,10:42,93 Clinton St,40.71858,-73.98541
7937993224,8/18/13,20,2,353164,10:50,109 Norfolk St,40.718964,-73.98716
7937993236,8/18/13,71,5,353164,10:50,109 Norfolk St,40.718964,-73.98716
7937993250,8/18/13,71,5,353164,11:14,58 E 1st St,40.723698,-73.989296
7937993364,8/18/13,71,5,353164,13:02,30 Bond St,40.726536,-73.99378
7937993376,8/18/13,51,3,353164,13:07,50 Bond St,40.726295,-73.99328
7937993388,8/18/13,14,2,353164,13:19,205 Allen St,40.722744,-73.98881
7937993390,8/18/13,14,2,353164,13:21,205 Allen St,40.722744,-73.98881
7937993431,8/18/13,20,2,353164,14:30,107 Essex St,40.71908,-73.98801
7937993443,8/18/13,20,2,353164,14:32,107 Clinton St,40.7182,-73.98561
7937993455,8/18/13,16,2,353164,14:37,49 Clinton St,40.719788,-73.98479
7937993480,8/18/13,14,2,353164,16:07,180 Mott St,40.720448,-73.99585
7937993509,8/21/13,37,4,353164,13:14,61 Clinton St,40.719463,-73.984955
7937993583,8/21/13,16,2,353164,13:39,122 Norfolk St,40.71934,-73.98681
7937993595,8/21/13,16,2,353164,13:41,115 Norfolk St,40.719193,-73.98704
7937993613,8/21/13,16,2,353164,13:46,154 Rivington St,40.71928,-73.98552
7937993637,8/21/13,37,4,353164,15:03,170 Delancey St,40.717903,-73.9854
7937993649,8/21/13,38,5,353164,15:05,176 Delancey St,40.7178,-73.98506
7937993674,8/21/13,38,5,353164,15:17,131 Rivington St,40.719536,-73.986755
7937993686,8/21/13,38,5,353164,16:24,188 Ludlow St,40.722107,-73.98724
7937993698,8/21/13,20,2,353164,16:27,179 Ludlow St,40.72184,-73.98753
7937993704,8/21/13,37,4,353164,16:33,150 Ludlow St,40.720848,-73.98789
7937993716,8/21/13,71,5,353164,17:16,170 Ludlow St,40.721558,-73.987526
7937993728,8/21/13,16,2,353164,17:25,188 Ludlow St,40.722107,-73.98724
7937993730,8/21/13,38,5,353164,17:37,139 Ludlow St,40.720383,-73.98828
7937993510,8/21/13,16,2,353164,13:15,57 Clinton St,40.71957,-73.9849
7937993522,8/21/13,37,4,353164,13:17,43 Clinton St,40.71995,-73.9847
7937993534,8/21/13,20,2,353164,13:27,150 Stanton St,40.720585,-73.98543
7937993546,8/21/13,20,2,353164,13:29,138 Stanton St,40.720787,-73.98611
7937993560,8/21/13,24,2,353164,13:34,153 Norfolk St,40.72004,-73.9866
7937993650,8/21/13,38,5,353164,15:07,168 Delancey St,40.717937,-73.985504
7937993662,8/21/13,14,2,353164,15:12,101 Norfolk St,40.718655,-73.98731
7937993789,8/22/13,46,3,353164,12:46,35 E 1st St,40.724094,-73.99054
7937993790,8/22/13,14,2,353164,12:56,11 E 1st St,40.72458,-73.99169
7937993819,8/22/13,31,2,353164,13:39,670 Broadway,40.727345,-73.99507
7937993844,8/22/13,38,5,353164,14:56,2 Washington Pl,40.728973,-73.99381
7937993868,8/22/13,37,4,353164,16:16,566 Laguardia Pl,40.72936,-73.99793
7937993870,8/22/13,38,5,353164,16:29,13 E 8th St,40.731976,-73.99554
7937993893,8/22/13,37,4,353164,17:00,130 7th Ave S,40.734383,-74.00245
7937993900,8/22/13,37,4,353164,17:21,135 W 3rd St,40.73064,-74.00041
7937993807,8/22/13,20,2,353164,13:01,324 Bowery,40.725468,-73.9922
7937993820,8/22/13,16,2,353164,14:49,250 Mercer St,40.7283,-73.995415
7937993923,8/22/13,20,2,353164,17:54,60 W 13th St,40.736076,-73.99608
7937993984,8/23/13,38,5,353164,12:59,150 Orchard St,40.720573,-73.9889
7937994022,8/23/13,40,2,353164,13:49,205 Mott St,40.721615,-73.995544
7937994034,8/23/13,75,5,353164,14:01,226 Elizabeth St,40.722878,-73.99402
7937994060,8/23/13,16,2,353164,14:18,306 Mott St,40.724792,-73.994064
7937994071,8/23/13,16,2,353164,14:20,302-4 Mott St,40.72476,-73.99408
7937994083,8/23/13,20,2,353164,14:32,170 Elizabeth St,40.720924,-73.99478
7937994113,8/23/13,42,4,353164,16:23,568 Broadway,40.724243,-73.997696
7937994149,8/23/13,20,2,353164,16:39,68 Prince St,40.72379,-73.99688
7937994150,8/23/13,20,2,353164,16:41,70 Prince St,40.723827,-73.99697
7937994162,8/23/13,16,2,353164,16:43,97 Crosby St,40.72351,-73.99718
7937994174,8/23/13,16,2,353164,16:50,85 Spring St,40.722923,-73.998436
7937994198,8/23/13,16,2,353164,17:45,292 Lafayette St,40.724453,-73.995926
7937994204,8/23/13,71,5,353164,17:50,32 Prince St,40.723,-73.994965
7937994216,8/23/13,20,2,353164,17:54,2 Prince St,40.722317,-73.993324
7937993996,8/23/13,38,5,353164,13:06,88 Rivington St,40.720318,-73.988945
7937994009,8/23/13,20,2,353164,13:28,174 Forsyth St,40.721313,-73.99128
7937994010,8/23/13,20,2,353164,13:29,174 Forsyth St,40.721313,-73.99128
7937994058,8/23/13,16,2,353164,14:16,306 Mott St,40.724792,-73.994064
7937994101,8/23/13,16,2,353164,15:56,76 Crosby St,40.7228,-73.99795
7937994125,8/23/13,31,2,353164,16:28,587 Broadway,40.724834,-73.99737
7937994137,8/23/13,20,2,353164,16:35,110 Crosby St,40.724007,-73.99693
7937994186,8/23/13,20,2,353164,17:06,120 Crosby St,40.724377,-73.99663
7937994472,8/24/13,82,5,353164,12:54,174 Orchard St,40.721497,-73.98843
7937994484,8/24/13,20,2,353164,12:56,174 Orchard St,40.721497,-73.98843
7937994538,8/24/13,40,2,353164,13:40,300 Elizabeth St,40.724625,-73.99331
7937994551,8/24/13,37,4,353164,13:59,334 Bowery,40.725857,-73.99206
7937994563,8/24/13,38,5,353164,14:01,334 Bowery,40.725857,-73.99206
7937994605,8/24/13,38,5,353164,14:58,540 Broadway,40.723347,-73.99845
7937994617,8/24/13,70,5,353164,15:03,577 Broadway,40.724537,-73.99762
7937994629,8/24/13,14,2,353164,15:18,87 E Houston St,40.72415,-73.99282
7937994630,8/24/13,20,2,353164,15:27,192 Elizabeth St,40.72163,-73.99451
7937994642,8/24/13,20,2,353164,15:30,168 Elizabeth St,40.720867,-73.994804
7937994654,8/24/13,14,2,353164,16:07,202 Bowery,40.721386,-73.9937
7937994678,8/24/13,14,2,353164,16:12,218 Bowery,40.721806,-73.99354
7937994708,8/24/13,20,2,353164,16:21,306 Elizabeth St,40.72467,-73.993286
7937994721,8/24/13,38,5,353164,17:12,530 Laguardia Pl,40.7284,-73.998764
7937994757,8/24/13,38,5,353164,17:22,500 Laguardia Pl,40.7279,-73.99918
7937994460,8/24/13,38,5,353164,12:51,191 Orchard St,40.721687,-73.98848
7937994496,8/24/13,10,2,353164,13:12,183 Chrystie St,40.721447,-73.99221
7937994514,8/24/13,53,3,353164,13:29,224 Elizabeth St,40.722816,-73.99404
7937994526,8/24/13,20,2,353164,13:32,265 Elizabeth St,40.72368,-73.99384
7937994540,8/24/13,51,3,353164,13:55,50 Bond St,40.726295,-73.99328
7937994666,8/24/13,14,2,353164,16:09,204 Bowery,40.721436,-73.993675
7937994680,8/24/13,14,2,353164,16:13,220 Bowery,40.721874,-73.993515
7937994691,8/24/13,20,2,353164,16:17,250 Elizabeth St,40.72359,-73.99373
7937994745,8/24/13,37,4,353164,17:18,510 Laguardia Pl,40.727993,-73.99911
7937994769,8/24/13,37,4,353164,17:24,502 Laguardia Pl,40.72792,-73.99917
7937994770,8/24/13,37,4,353164,17:28,502 Laguardia Pl,40.72792,-73.99917
7937994800,8/26/13,38,5,353164,12:42,189 Allen St,40.722916,-73.98873
7937994812,8/26/13,37,4,353164,12:44,189 Allen St,40.722916,-73.98873
7937994850,8/26/13,16,2,353164,13:43,7 Rivington St,40.72135,-73.99278
7937994873,8/26/13,20,2,353164,14:06,26 Prince St,40.722893,-73.99472
7937994885,8/26/13,20,2,353164,14:07,19 Prince St,40.722824,-73.99424
7937994897,8/26/13,20,2,353164,14:13,210 Elizabeth St,40.722294,-73.99425
7937994915,8/26/13,39,4,353164,14:23,240 Bowery,40.722557,-73.99326
7937994939,8/26/13,20,2,353164,14:50,170 Elizabeth St,40.720924,-73.99478
7937994940,8/26/13,20,2,353164,14:56,250 Mott St,40.72331,-73.99471
7937994976,8/26/13,14,2,353164,15:39,180 Mott St,40.720448,-73.99585
7937995002,8/26/13,14,2,353164,16:07,200 Bowery,40.721333,-73.99371
7937995014,8/26/13,14,2,353164,16:10,222 Bowery,40.72194,-73.993484
7937995038,8/26/13,71,5,353164,17:13,217 Mott St,40.72207,-73.99536
7937994824,8/26/13,20,2,353164,13:05,1 Rivington St,40.721577,-73.99353
7937994836,8/26/13,53,3,353164,13:17,224 Elizabeth St,40.722816,-73.99404
7937994848,8/26/13,38,5,353164,13:36,180 Bowery,40.720604,-73.994
7937994903,8/26/13,39,4,353164,14:20,215 Bowery,40.72164,-73.99345
7937994927,8/26/13,39,4,353164,14:26,243 Bowery,40.722683,-73.993065
7937994952,8/26/13,16,2,353164,15:01,306 Mott St,40.724792,-73.994064
7937994964,8/26/13,16,2,353164,15:02,302-4 Mott St,40.72476,-73.99408
7937995026,8/26/13,14,2,353164,16:13,214 Bowery,40.72167,-73.99358
7937995040,8/26/13,20,2,353164,17:19,32 Prince St,40.723,-73.994965
7937995051,8/26/13,20,2,353164,17:27,284 Lafayette St,40.724228,-73.99612
7937995063,8/26/13,17,2,353164,17:49,270 Lafayette St,40.723797,-73.99647
7937995142,8/27/13,40,2,353164,13:03,43 E 1st St,40.723988,-73.99029
7937995154,8/27/13,14,2,353164,13:09,11 E 1st St,40.72458,-73.99169
7937995178,8/27/13,14,2,353164,13:36,89A E Houston St,40.724094,-73.99266
7937995191,8/27/13,51,3,353164,14:16,81 Greene St,40.72361,-74.00061
7937995208,8/27/13,20,2,353164,14:30,194 Mercer St,40.72632,-73.997086
7937995210,8/27/13,20,2,353164,14:31,200 Mercer St,40.726513,-73.996925
7937995233,8/27/13,20,2,353164,14:46,122 Spring St,40.723667,-74.000244
7937995245,8/27/13,20,2,353164,14:54,112 Prince St,40.725018,-73.9995
7937995269,8/27/13,20,2,353164,14:56,120 Prince St,40.725193,-73.999855
7937995270,8/27/13,20,2,353164,14:59,130 Greene St,40.7251,-73.99918
7937995294,8/27/13,20,2,353164,15:07,206 Mercer St,40.726715,-73.99676
7937995350,8/27/13,16,2,353164,16:49,250 Mercer St,40.7283,-73.995415
7937995361,8/27/13,20,2,353164,17:46,29 Waverly Pl,40.730423,-73.994835
7937995117,8/27/13,37,4,353164,12:43,176 Ludlow St,40.72174,-73.987434
7937995129,8/27/13,37,4,353164,12:47,172 Ludlow St,40.72162,-73.987495
7937995130,8/27/13,37,4,353164,12:57,188 Allen St,40.721783,-73.98891
7937995166,8/27/13,14,2,353164,13:35,87 E Houston St,40.72415,-73.99282
7937995180,8/27/13,20,2,353164,14:00,170 Mercer St,40.72555,-73.997734
7937995221,8/27/13,20,2,353164,14:34,210 Mercer St,40.72689,-73.996605
7937995257,8/27/13,20,2,353164,14:55,116 Prince St,40.725105,-73.99967
7937995282,8/27/13,20,2,353164,15:01,135 Greene St,40.725292,-73.99919
7937995300,8/27/13,71,5,353164,15:11,232 Mercer St,40.72764,-73.99598
7937995324,8/27/13,14,2,353164,15:28,68 W 3rd St,40.729473,-73.99832
7937995348,8/27/13,14,2,353164,16:20,68 W 3rd St,40.729473,-73.99832
7937995543,8/28/13,16,2,353164,15:00,250 Mercer St,40.7283,-73.995415
7937995531,8/28/13,40,2,353164,14:52,57 Bond St,40.72612,-73.99318
7937995452,8/28/13,16,2,353164,14:00,306 Mott St,40.724792,-73.994064
7937995440,8/28/13,20,2,353164,13:51,24 Bond St,40.72661,-73.99393
7937995439,8/28/13,38,5,353164,13:36,352 Bowery,40.72648,-73.99184
7937995427,8/28/13,16,2,353164,13:15,188 Ludlow St,40.722107,-73.98724
7937995397,8/28/13,20,2,353164,13:08,165 Ludlow St,40.721413,-73.987755
7937995609,8/28/13,16,2,353164,17:15,400 Lafayette St,40.72818,-73.99296
7937995592,8/28/13,42,4,353164,17:10,704 Broadway,40.72863,-73.99398
7937995580,8/28/13,69,5,353164,16:26,13B E 4th St,40.728058,-73.9934
7937995579,8/28/13,42,4,353164,15:48,689 Broadway,40.728107,-73.9946
7937995567,8/28/13,69,5,353164,15:44,678 Broadway,40.72763,-73.99483
7937995520,8/28/13,20,2,353164,14:45,39 Bond St,40.72633,-73.99362
7937995518,8/28/13,20,2,353164,14:42,48 Bond St,40.726322,-73.99333
7937995506,8/28/13,71,5,353164,14:37,54 Bond St,40.72625,-73.99318
7937995490,8/28/13,20,2,353164,14:36,54 Bond St,40.72625,-73.99318
7937995488,8/28/13,19,2,353164,14:15,316 Bowery,40.725136,-73.99232
7937995476,8/28/13,20,2,353164,14:09,299 Bowery,40.72463,-73.992355
7937995415,8/28/13,16,2,353164,13:13,188 Ludlow St,40.722107,-73.98724
7937995403,8/28/13,20,2,353164,13:12,179 Ludlow St,40.72184,-73.98753
7937995750,8/29/13,38,5,353164,15:05,125 Orchard St,40.719566,-73.98957
7937995737,8/29/13,10,2,353164,14:19,87 Rivington St,40.72022,-73.98901
7937995725,8/29/13,37,4,353164,14:15,137 Allen St,40.719685,-73.990364
7937995713,8/29/13,38,5,353164,14:09,169 Allen St,40.7211,-73.989624
7937995695,8/29/13,16,2,353164,13:54,188 Ludlow St,40.722107,-73.98724
7937995660,8/29/13,38,5,353164,13:17,105 Stanton St,40.721176,-73.98777
7937995634,8/29/13,10,2,353164,12:46,98 Suffolk St,40.718395,-73.98632
7937995841,8/29/13,38,5,353164,17:40,106 Forsyth St,40.718697,-73.99262
7937995830,8/29/13,37,4,353164,17:37,104 Forsyth St,40.718586,-73.99268
7937995816,8/29/13,14,2,353164,16:45,90 Delancey St,40.718998,-73.98948
7937995804,8/29/13,37,4,353164,16:35,90-96 Stanton St,40.721508,-73.98847
7937995798,8/29/13,38,5,353164,16:22,157 Allen St,40.72144,-73.98944
7937995786,8/29/13,20,2,353164,15:23,58 Rivington St,40.72075,-73.99037
7937995774,8/29/13,38,5,353164,15:15,188 Ludlow St,40.722107,-73.98724
7937995762,8/29/13,37,4,353164,15:08,157 Orchard St,40.720863,-73.98891
7937995749,8/29/13,10,2,353164,14:20,92 Rivington St,40.720245,-73.98871
7937995701,8/29/13,14,2,353164,14:03,157 E Houston St,40.723053,-73.9892
7937995683,8/29/13,38,5,353164,13:28,188 Ludlow St,40.722107,-73.98724
7937995671,8/29/13,38,5,353164,13:22,172 Ludlow St,40.72162,-73.987495
7937995658,8/29/13,20,2,353164,13:14,132 Ludlow St,40.720093,-73.988266
7937995646,8/29/13,38,5,353164,12:54,168 Rivington St,40.71906,-73.984795
7937996080,8/30/13,16,2,353164,16:53,306 Mott St,40.724792,-73.994064
7937996079,8/30/13,40,2,353164,16:50,266 Elizabeth St,40.724068,-73.99353
7937996043,8/30/13,14,2,353164,16:03,241 Bowery,40.722626,-73.99309
7937996018,8/30/13,39,4,353164,15:04,250 Bowery,40.72293,-73.993126
7937996006,8/30/13,39,4,353164,14:54,221 Bowery,40.72193,-73.99334
7937995932,8/30/13,20,2,353164,13:39,1 Rivington St,40.721577,-73.99353
7937995920,8/30/13,37,4,353164,13:33,137 Allen St,40.719685,-73.990364
7937995919,8/30/13,10,2,353164,13:09,92 Rivington St,40.720245,-73.98871
7937995890,8/30/13,37,4,353164,13:01,120 Orchard St,40.71942,-73.98949
7937995877,8/30/13,38,5,353164,12:43,141 Ludlow St,40.720467,-73.988235
7937996110,8/30/13,20,2,353164,17:52,4 Rivington St,40.721676,-73.99348
7937996109,8/30/13,39,4,353164,17:07,243 Bowery,40.722683,-73.993065
7937996092,8/30/13,20,2,353164,16:58,262 Mott St,40.723667,-73.99455
7937996055,8/30/13,39,4,353164,16:06,250 Bowery,40.72293,-73.993126
7937996020,8/30/13,20,2,353164,15:11,279 Mott St,40.724182,-73.994484
7937995993,8/30/13,16,2,353164,14:43,229 Chrystie St,40.7227,-73.99158
7937995981,8/30/13,46,3,353164,14:36,250 Bowery,40.72293,-73.993126
7937995970,8/30/13,16,2,353164,14:25,7 Rivington St,40.72135,-73.99278
7937995968,8/30/13,20,2,353164,14:19,202 Elizabeth St,40.722,-73.99436
7937995956,8/30/13,46,3,353164,14:03,248 Bowery,40.722874,-73.99315
7937995944,8/30/13,74,5,353164,13:53,217 Bowery,40.721737,-73.99341
7937995907,8/30/13,10,2,353164,13:06,87 Rivington St,40.72022,-73.98901
7937995889,8/30/13,38,5,353164,12:55,161 Orchard St,40.72103,-73.98882
7937996407,8/31/13,14,2,353164,17:56,218 Bowery,40.721806,-73.99354
7937996390,8/31/13,20,2,353164,17:12,26 Prince St,40.722893,-73.99472
7937996377,8/31/13,39,4,353164,16:58,270 Bowery,40.723534,-73.992905
7937996365,8/31/13,37,4,353164,16:27,23 2nd Ave,40.724457,-73.99077
7937996341,8/31/13,37,4,353164,16:09,207 Bowery,40.721474,-73.99351
7937996316,8/31/13,16,2,353164,15:39,11 Rivington St,40.721325,-73.99269
7937996304,8/31/13,16,2,353164,15:31,179 Mott St,40.720375,-73.99603
7937996286,8/31/13,16,2,353164,14:43,306 Mott St,40.724792,-73.994064
7937996249,8/31/13,14,2,353164,13:49,87 E Houston St,40.72415,-73.99282
7937996195,8/31/13,20,2,353164,13:13,223-225 Bowery,40.722027,-73.9933
7937996171,8/31/13,14,2,353164,12:47,192 Allen St,40.72182,-73.9889
7937996160,8/31/13,38,5,353164,12:39,176 Ludlow St,40.72174,-73.987434
7937996158,8/31/13,38,5,353164,12:36,95 Stanton St,40.721363,-73.98839
7937996389,8/31/13,20,2,353164,17:07,238 Elizabeth St,40.723236,-73.99387
7937996353,8/31/13,20,2,353164,16:16,58 Rivington St,40.72075,-73.99037
7937996330,8/31/13,14,2,353164,16:06,200 Bowery,40.721333,-73.99371
7937996328,8/31/13,39,4,353164,15:47,250 Bowery,40.72293,-73.993126
7937996274,8/31/13,14,2,353164,14:37,89A E Houston St,40.724094,-73.99266
7937996262,8/31/13,39,4,353164,14:28,241 Bowery,40.722626,-73.99309
7937996250,8/31/13,39,4,353164,14:27,240 Bowery,40.722557,-73.99326
7937996237,8/31/13,14,2,353164,13:43,8 E 1st St,40.724743,-73.99178
7937996213,8/31/13,16,2,353164,13:32,306 Mott St,40.724792,-73.994064
7937996201,8/31/13,14,2,353164,13:30,47 E Houston St,40.72481,-73.99469
7937996183,8/31/13,48,3,353164,12:57,195 Chrystie St,40.72188,-73.99199
7937996687,9/3/13,37,4,353164,17:18,63 Orchard St,40.717094,-73.99084
7937996675,9/3/13,38,5,353164,17:02,139 Ludlow St,40.720383,-73.98828
7937996638,9/3/13,38,5,353164,16:05,243 Broome St,40.71785,-73.989525
7937996596,9/3/13,37,4,353164,14:09,174 Orchard St,40.721497,-73.98843
7937996572,9/3/13,37,4,353164,13:53,131 Rivington St,40.719536,-73.986755
7937996511,9/3/13,20,2,353164,13:17,137 Ludlow St,40.7203,-73.98832
7937996500,9/3/13,38,5,353164,13:07,131 Rivington St,40.719536,-73.986755
7937996699,9/3/13,20,2,353164,17:20,57 Orchard St,40.716816,-73.99098
7937996663,9/3/13,38,5,353164,16:22,153 Orchard St,40.720695,-73.98899
7937996651,9/3/13,38,5,353164,16:17,135 Orchard St,40.719967,-73.989365
7937996640,9/3/13,51,3,353164,16:13,121 Orchard St,40.719406,-73.989655
7937996626,9/3/13,37,4,353164,15:07,337 Grand St,40.716957,-73.99009
7937996614,9/3/13,16,2,353164,14:46,188 Ludlow St,40.722107,-73.98724
7937996602,9/3/13,38,5,353164,14:41,188 Allen St,40.721783,-73.98891
7937996584,9/3/13,38,5,353164,14:01,164 Ludlow St,40.721375,-73.98762
7937996560,9/3/13,10,2,353164,13:47,153 Rivington St,40.71919,-73.98562
7937996559,9/3/13,37,4,353164,13:44,101 Clinton St,40.71836,-73.98553
7937996547,9/3/13,10,2,353164,13:38,106 Suffolk St,40.71869,-73.98617
7937996535,9/3/13,10,2,353164,13:36,102 Suffolk St,40.718544,-73.986244
7937996523,9/3/13,16,2,353164,13:31,106 Norfolk St,40.718826,-73.987076
7937996493,9/3/13,10,2,353164,13:03,116 Suffolk St,40.71906,-73.98598
7937996481,9/3/13,37,4,353164,12:55,43 Clinton St,40.71995,-73.9847
7937996470,9/3/13,37,4,353164,12:45,121 Norfolk St,40.71942,-73.986916
7937996468,9/3/13,37,4,353164,12:40,126 Rivington St,40.719715,-73.98696
7937996973,9/4/13,20,2,353164,17:02,45 Spring St,40.72196,-73.996124
7937996961,9/4/13,20,2,353164,16:54,146 Elizabeth St,40.72011,-73.99509
7937996900,9/4/13,20,2,353164,15:49,39 Spring St,40.72185,-73.99587
7937996894,9/4/13,20,2,353164,15:47,41 Spring St,40.721886,-73.99596
7937996870,9/4/13,16,2,353164,14:34,7 Rivington St,40.72135,-73.99278
7937996821,9/4/13,46,3,353164,13:38,148 Forsyth St,40.7202,-73.99185
7937996810,9/4/13,20,2,353164,13:35,174 Forsyth St,40.721313,-73.99128
7937996780,9/4/13,51,3,353164,12:59,148 Orchard St,40.72049,-73.988945
7937996778,9/4/13,38,5,353164,12:51,142 Ludlow St,40.720512,-73.98806
7937996766,9/4/13,38,5,353164,12:48,149 Ludlow St,40.720802,-73.98807
7937996985,9/4/13,16,2,353164,17:47,354A Broome St,40.71927,-73.99383
7937996924,9/4/13,20,2,353164,16:02,195 Chrystie St,40.72188,-73.99199
7937996845,9/4/13,48,3,353164,13:50,229 Chrystie St,40.7227,-73.99158
7937996833,9/4/13,48,3,353164,13:44,167 Chrystie St,40.72073,-73.992584
7937996808,9/4/13,10,2,353164,13:31,45 Rivington St,40.720726,-73.990685
7937996754,9/4/13,38,5,353164,12:42,85 Stanton St,40.7215,-73.98885
7937997278,9/5/13,20,2,353164,17:35,45 Spring St,40.72196,-73.996124
7937997266,9/5/13,20,2,353164,17:33,41 Spring St,40.721886,-73.99596
7937997205,9/5/13,20,2,353164,15:31,16 Spring St,40.721313,-73.994865
7937997199,9/5/13,20,2,353164,15:22,230 Elizabeth St,40.722996,-73.993965
7937997187,9/5/13,10,2,353164,15:17,9 Bleecker St,40.725525,-73.9931
7937997138,9/5/13,20,2,353164,14:39,190 Elizabeth St,40.721558,-73.99454
7937997126,9/5/13,82,5,353164,14:38,190 Elizabeth St,40.721558,-73.99454
7937997114,9/5/13,20,2,353164,14:17,4 Rivington St,40.721676,-73.99348
7937997102,9/5/13,16,2,353164,13:49,177 Chrystie St,40.72123,-73.992325
7937997084,9/5/13,48,3,353164,13:41,173 Chrystie St,40.72103,-73.99243
7937997035,9/5/13,14,2,353164,12:47,201 E Houston St,40.722473,-73.987335
7937997291,9/5/13,20,2,353164,17:47,1 Rivington St,40.721577,-73.99353
7937997280,9/5/13,20,2,353164,17:37,209 Mulberry St,40.721855,-73.99638
7937997242,9/5/13,20,2,353164,16:18,176 Elizabeth St,40.7211,-73.99471
7937997229,9/5/13,14,2,353164,16:10,85 Kenmare St,40.721264,-73.996666
7937997217,9/5/13,14,2,353164,16:07,52 Kenmare St,40.720802,-73.99566
7937997175,9/5/13,20,2,353164,15:14,316 Mott St,40.72488,-73.99402
7937997163,9/5/13,20,2,353164,15:12,308 Mott St,40.72481,-73.99406
7937997151,9/5/13,16,2,353164,15:10,306 Mott St,40.724792,-73.994064
7937997096,9/5/13,40,2,353164,13:47,165 Chrystie St,40.72063,-73.99264
7937997060,9/5/13,10,2,353164,13:17,7 Rivington St,40.72135,-73.99278
7937997059,9/5/13,14,2,353164,13:02,151 E Houston St,40.723133,-73.98945
7937997047,9/5/13,19,2,353164,12:59,203 Allen St,40.722763,-73.9888
7937997679,9/6/13,40,2,353164,14:52,288 Elizabeth St,40.72453,-73.99335
7937997667,9/6/13,16,2,353164,14:49,306 Mott St,40.724792,-73.994064
7937997643,9/6/13,37,4,353164,14:26,352 Bowery,40.72648,-73.99184
7937997620,9/6/13,46,3,353164,13:49,39 E 1st St,40.72404,-73.99042
7937997849,9/6/13,37,4,353164,17:46,334 Bowery,40.725857,-73.99206
7937997837,9/6/13,20,2,353164,17:38,350 Bowery,40.72645,-73.991844
7937997825,9/6/13,38,5,353164,17:34,338 Bowery,40.726032,-73.992
7937997813,9/6/13,20,2,353164,17:29,53 Bond St,40.726166,-73.99328
7937997801,9/6/13,20,2,353164,17:27,35 Bond St,40.726376,-73.99372
7937997795,9/6/13,20,2,353164,17:24,30 Bond St,40.726536,-73.99378
7937997746,9/6/13,20,2,353164,15:58,40 Bond St,40.726418,-73.99353
7937997722,9/6/13,20,2,353164,15:42,219 Bowery,40.721832,-73.99338
7937997709,9/6/13,19,2,353164,15:39,312 Bowery,40.724934,-73.99239
7937997680,9/6/13,20,2,353164,14:55,310 Elizabeth St,40.724705,-73.99327
7937997760,9/6/13,20,2,353164,16:11,159 Crosby St,40.725433,-73.99557
7937997758,9/6/13,16,2,353164,16:05,65 Bleecker St,40.72612,-73.994896
7937997734,9/6/13,20,2,353164,15:46,327 Bowery,40.725723,-73.99196
7937997710,9/6/13,20,2,353164,15:41,217 Bowery,40.721737,-73.99341
7937997631,9/6/13,38,5,353164,13:54,23 2nd Ave,40.724457,-73.99077
7937997590,9/6/13,14,2,353164,13:37,153 E Houston St,40.723118,-73.9894
7937997588,9/6/13,38,5,353164,12:56,188 Allen St,40.721783,-73.98891
7937997576,9/6/13,38,5,353164,12:55,196 Allen St,40.721863,-73.988884
7937997564,9/6/13,38,5,353164,12:53,203 Allen St,40.722763,-73.9888
7937997552,9/6/13,51,3,353164,12:41,146 Orchard St,40.720406,-73.98898
7937998362,9/7/13,37,4,353164,17:24,320 Bleecker St,40.733055,-74.00414
7937998350,9/7/13,38,5,353164,17:20,82 Christopher St,40.7334,-74.00386
7937998349,9/7/13,38,5,353164,17:14,75 Christopher St,40.733635,-74.00305
7937998313,9/7/13,20,2,353164,16:37,10 W 9th St,40.73295,-73.9963
7937998301,9/7/13,38,5,353164,16:27,5 University Pl,40.73092,-73.99529
7937998283,9/7/13,16,2,353164,15:04,88 W 3rd St,40.729847,-73.99907
7937998260,9/7/13,37,4,353164,14:10,14 Washington Pl,40.729633,-73.99515
7937998258,9/7/13,77,6,353164,14:00,6 E 4th St,40.728237,-73.994026
7937998246,9/7/13,70,5,353164,13:49,670 Broadway,40.727345,-73.99507
7937998234,9/7/13,37,4,353164,13:47,670 Broadway,40.727345,-73.99507
7937998179,9/7/13,71,5,353164,13:24,56 Bleecker St,40.72602,-73.99496
7937998155,9/7/13,14,2,353164,13:12,241 Bowery,40.722626,-73.99309
7937998131,9/7/13,19,2,353164,13:06,226-228 Bowery,40.722076,-73.99344
7937998120,9/7/13,20,2,353164,12:46,58 Rivington St,40.72075,-73.99037
7937998090,9/7/13,38,5,353164,12:36,150 Ludlow St,40.720848,-73.98789
7937998398,9/7/13,38,5,353164,17:53,161 W 4th St,40.731888,-74.00118
7937998386,9/7/13,71,5,353164,17:46,57 Grove St,40.733162,-74.00339
7937998374,9/7/13,38,5,353164,17:40,51 7th Ave S,40.731346,-74.00402
7937998337,9/7/13,14,2,353164,17:07,35 Christopher St,40.73381,-74.001854
7937998325,9/7/13,19,2,353164,17:06,35 Christopher St,40.73381,-74.001854
7937998295,9/7/13,20,2,353164,16:05,55 Washington Sq,40.732853,-74.00147
7937998271,9/7/13,38,5,353164,14:24,566A Laguardia Pl,40.72936,-73.99793
7937998209,9/7/13,38,5,353164,13:37,338 Bowery,40.726032,-73.992
7937998180,9/7/13,14,2,353164,13:29,304 Elizabeth St,40.724655,-73.99329
7937998167,9/7/13,20,2,353164,13:17,262 Elizabeth St,40.72395,-73.993576
7937998143,9/7/13,14,2,353164,13:11,235 Bowery,40.72246,-73.99315
7937998118,9/7/13,71,5,353164,12:44,58 Rivington St,40.72075,-73.99037
7937998106,9/7/13,20,2,353164,12:43,58 Rivington St,40.72075,-73.99037
7937998520,9/8/13,20,2,353164,11:54,223-225 Bowery,40.722027,-73.9933
7937998519,9/8/13,40,2,353164,11:50,224 Elizabeth St,40.722816,-73.99404
7937998507,9/8/13,14,2,353164,11:45,241 Bowery,40.722626,-73.99309
7937998477,9/8/13,70,5,353164,11:17,49 Bond St,40.72621,-73.99338
7937998465,9/8/13,40,2,353164,11:10,19 Bond St,40.726566,-73.99411
7937998416,9/8/13,20,2,353164,10:36,174 Forsyth St,40.721313,-73.99128
7937998738,9/8/13,14,2,353164,16:24,10 Kenmare St,40.720387,-73.99441
7937998702,9/8/13,71,5,353164,16:05,101 Crosby St,40.723663,-73.997055
7937998684,9/8/13,16,2,353164,15:08,75 Spring St,40.722645,-73.99779
7937998660,9/8/13,14,2,353164,14:53,628 Broadway,40.726086,-73.99613
7937998659,9/8/13,71,5,353164,14:49,644 Broadway,40.726517,-73.995766
7937998635,9/8/13,14,2,353164,14:02,201 E Houston St,40.722473,-73.987335
7937998623,9/8/13,40,2,353164,13:59,188 Ludlow St,40.722107,-73.98724
7937998600,9/8/13,40,2,353164,13:23,164 Ludlow St,40.721375,-73.98762
7937998570,9/8/13,10,2,353164,13:10,87 Rivington St,40.72022,-73.98901
7937998544,9/8/13,20,2,353164,12:38,223-225 Bowery,40.722027,-73.9933
7937998714,9/8/13,14,2,353164,16:11,13 Cleveland Pl,40.72148,-73.997314
7937998696,9/8/13,71,5,353164,16:02,120 Crosby St,40.724377,-73.99663
7937998672,9/8/13,16,2,353164,15:06,75 Spring St,40.722645,-73.99779
7937998647,9/8/13,14,2,353164,14:05,201 E Houston St,40.722473,-73.987335
7937998532,9/8/13,71,5,353164,12:25,26 Bond St,40.726585,-73.99388
7937998489,9/8/13,14,2,353164,11:33,87 E Houston St,40.72415,-73.99282
7937998428,9/8/13,40,2,353164,10:45,173 Elizabeth St,40.72116,-73.994835
7937999056,9/14/13,38,5,353164,17:47,632 Broadway,40.72617,-73.99606
7937999044,9/14/13,38,5,353164,17:39,2 Bond St,40.72698,-73.994675
7937999019,9/14/13,16,2,353164,16:48,69 Spring St,40.722515,-73.99748
7937998982,9/14/13,38,5,353164,16:20,579 Broadway,40.724598,-73.99757
7937998921,9/14/13,40,2,353164,15:00,274 Mercer St,40.729183,-73.99465
7937998908,9/14/13,37,4,353164,14:20,1 W 3rd St,40.72788,-73.99474
7937998854,9/14/13,38,5,353164,13:59,2 Bond St,40.72698,-73.994675
7937998842,9/14/13,40,2,353164,13:51,1 Great Jones St,40.732353,-74.00175
7937998817,9/14/13,20,2,353164,13:32,350 Bowery,40.72645,-73.991844
7937998805,9/14/13,70,5,353164,13:28,334 Bowery,40.725857,-73.99206
7937998763,9/14/13,14,2,353164,13:09,304 Elizabeth St,40.724655,-73.99329
7937998751,9/14/13,10,2,353164,13:03,33 Bleecker St,40.725628,-73.99347
7937999068,9/14/13,38,5,353164,17:54,588 Broadway,40.72487,-73.99717
7937999032,9/14/13,20,2,353164,17:25,41 Bleecker St,40.72566,-73.99359
7937998994,9/14/13,37,4,353164,16:29,561 Broadway,40.72405,-73.99803
7937998970,9/14/13,38,5,353164,15:26,65 Bleecker St,40.72612,-73.994896
7937998969,9/14/13,37,4,353164,15:23,65 Bleecker St,40.72612,-73.994896
7937998945,9/14/13,37,4,353164,15:17,645 Broadway,40.72665,-73.99583
7937998910,9/14/13,37,4,353164,14:52,566 Laguardia Pl,40.72936,-73.99793
7937998891,9/14/13,38,5,353164,14:14,68 Bleecker St,40.72631,-73.995544
7937998880,9/14/13,37,4,353164,14:08,64 Bleecker St,40.726208,-73.99534
7937998878,9/14/13,38,5,353164,14:06,64 Bleecker St,40.726208,-73.99534
7937998799,9/14/13,40,2,353164,13:24,57 Bond St,40.72612,-73.99318
7937998787,9/14/13,14,2,353164,13:16,11 E 1st St,40.72458,-73.99169
7937998775,9/14/13,14,2,353164,13:14,8 E 1st St,40.724743,-73.99178
7937999433,9/15/13,19,2,353164,16:29,276 Bowery,40.723717,-73.992836
7937999391,9/15/13,19,2,353164,15:29,269 Bowery,40.724045,-73.99256
7937999378,9/15/13,16,2,353164,15:12,106 Rivington St,40.720024,-73.987976
7937999366,9/15/13,20,2,353164,15:03,109 Norfolk St,40.718964,-73.98716
7937999330,9/15/13,20,2,353164,13:11,174 Forsyth St,40.721313,-73.99128
7937999317,9/15/13,40,2,353164,12:59,38 Delancey St,40.719727,-73.99188
7937999275,9/15/13,14,2,353164,12:29,180 Mott St,40.720448,-73.99585
7937999251,9/15/13,40,2,353164,12:19,2 Spring St,40.7209,-73.99386
7937999240,9/15/13,40,2,353164,11:50,214 Bowery,40.72167,-73.99358
7937999214,9/15/13,71,5,353164,11:27,290 Elizabeth St,40.724545,-73.99334
7937999196,9/15/13,71,5,353164,11:15,50 Bond St,40.726295,-73.99328
7937999172,9/15/13,16,2,353164,10:58,302-4 Mott St,40.72476,-73.99408
7937999160,9/15/13,71,5,353164,10:53,262 Mott St,40.723667,-73.99455
7937999123,9/15/13,14,2,353164,10:36,180 Mott St,40.720448,-73.99585
7937999111,9/15/13,20,2,353164,10:25,174 Forsyth St,40.721313,-73.99128
7937999100,9/15/13,20,2,353164,10:24,174 Forsyth St,40.721313,-73.99128
7937999093,9/15/13,10,2,353164,10:17,100 Rivington St,40.720123,-73.988304
7937999421,9/15/13,14,2,353164,16:27,87 E Houston St,40.72415,-73.99282
7937999354,9/15/13,20,2,353164,14:13,141 Ludlow St,40.720467,-73.988235
7937999287,9/15/13,14,2,353164,12:31,180 Mott St,40.720448,-73.99585
7937999238,9/15/13,53,3,353164,11:44,224 Elizabeth St,40.722816,-73.99404
7937999202,9/15/13,71,5,353164,11:20,306 Bowery,40.724754,-73.992455
7937999135,9/15/13,14,2,353164,10:37,180 Mott St,40.720448,-73.99585
7937999342,9/15/13,20,2,353164,13:12,174 Forsyth St,40.721313,-73.99128
7937999329,9/15/13,20,2,353164,13:10,174 Forsyth St,40.721313,-73.99128
7937999305,9/15/13,46,3,353164,12:54,108 Forsyth St,40.718803,-73.99257
7937999688,9/16/13,20,2,353164,17:51,36 Bleecker St,40.725643,-73.99395
7937999639,9/16/13,37,4,353164,16:33,566 Laguardia Pl,40.72936,-73.99793
7937999597,9/16/13,37,4,353164,14:58,14 Washington Pl,40.729633,-73.99515
7937999573,9/16/13,38,5,353164,14:53,32 Waverly Pl,40.73035,-73.99495
7937999500,9/16/13,71,5,353164,14:07,1 Washington Pl,40.729065,-73.99373
7937999470,9/16/13,16,2,353164,12:59,68 E 1st St,40.723484,-73.98879
7937999445,9/16/13,10,2,353164,12:44,62 Rivington St,40.720684,-73.990166
7937999676,9/16/13,42,4,353164,17:10,588 Broadway,40.72487,-73.99717
7937999664,9/16/13,42,4,353164,17:07,580 Broadway,40.724617,-73.997375
7937999652,9/16/13,10,2,353164,16:58,106 Prince St,40.7249,-73.99926
7937999627,9/16/13,20,2,353164,15:54,29 W 4th St,40.73297,-74.00232
7937999615,9/16/13,38,5,353164,15:45,14 Washington Pl,40.729633,-73.99515
7937999585,9/16/13,37,4,353164,14:56,14 Washington Pl,40.729633,-73.99515
7937999536,9/16/13,17,2,353164,14:31,204 Mercer St,40.726624,-73.99683
7937999524,9/16/13,71,5,353164,14:26,75 Bleecker St,40.726585,-73.99583
7937999512,9/16/13,69,5,353164,14:21,650 Broadway,40.72671,-73.995605
7937999494,9/16/13,38,5,353164,13:44,1 Great Jones St,40.732353,-74.00175
7937999482,9/16/13,14,2,353164,13:04,8 E 1st St,40.724743,-73.99178
7937999469,9/16/13,14,2,353164,12:52,151 E Houston St,40.723133,-73.98945
7937999457,9/16/13,38,5,353164,12:48,169 Allen St,40.7211,-73.989624
7937999974,9/18/13,71,5,353164,12:43,172 Ludlow St,40.72162,-73.987495
7938296570,9/18/13,16,2,353164,17:53,183 Mott St,40.720585,-73.99595
7938296430,9/18/13,71,5,353164,14:19,296 Elizabeth St,40.72459,-73.99332
7938296429,9/18/13,71,5,353164,14:16,296 Elizabeth St,40.72459,-73.99332
7937999950,9/18/13,82,5,353164,12:39,165 Ludlow St,40.721413,-73.987755
7938296569,9/18/13,14,2,353164,17:52,180 Mott St,40.720448,-73.99585
7938296454,9/18/13,20,2,353164,14:33,166 Crosby St,40.725582,-73.99562
7938296405,9/18/13,71,5,353164,14:06,4 E 1st St,40.72488,-73.99211
7938296399,9/18/13,48,3,353164,14:02,22 E 1st St,40.724453,-73.9911
7938296375,9/18/13,14,2,353164,13:49,151 E Houston St,40.723133,-73.98945
7937999998,9/18/13,40,2,353164,13:09,8 E 1st St,40.724743,-73.99178
7937999986,9/18/13,20,2,353164,12:55,177 Ludlow St,40.72178,-73.987564
7937999962,9/18/13,20,2,353164,12:41,165 Ludlow St,40.721413,-73.987755
7391082284,9/19/13,20,2,353164,17:53,47 W 13th St,40.736,-73.995605
7391082272,9/19/13,20,2,353164,17:21,13 W 13th St,40.735558,-73.99455
7391082260,9/19/13,20,2,353164,17:19,13 W 13th St,40.735558,-73.99455
7391082247,9/19/13,20,2,353164,16:16,43A W 13th St,40.73596,-73.99551
7391082211,9/19/13,20,2,353164,15:32,60 W 13th St,40.736076,-73.99608
7391082193,9/19/13,37,4,353164,15:23,510 6th Ave,40.736664,-73.99726
7391082132,9/19/13,37,4,353164,14:18,14 Washington Pl,40.729633,-73.99515
7391082107,9/19/13,20,2,353164,13:47,383 Lafayette St,40.727577,-73.99331
7391082077,9/19/13,20,2,353164,13:34,25 Bond St,40.726494,-73.99396
7391082041,9/19/13,77,6,353164,13:06,300 Bowery,40.724537,-73.99254
7391082296,9/19/13,38,5,353164,17:56,498 6th Ave,40.736374,-73.997475
7391082259,9/19/13,20,2,353164,16:18,34 W 13th St,40.735733,-73.99526
7391082235,9/19/13,20,2,353164,16:14,47 W 13th St,40.736,-73.995605
7391082223,9/19/13,20,2,353164,16:13,60 W 13th St,40.736076,-73.99608
7391082200,9/19/13,20,2,353164,15:27,47 W 13th St,40.736,-73.995605
7391082181,9/19/13,14,2,353164,15:19,65 W 14th St,40.736927,-73.99566
7391082170,9/19/13,38,5,353164,14:40,56 W 8th St,40.733105,-73.99851
7391082168,9/19/13,37,4,353164,14:38,48 W 8th St,40.733025,-73.998314
7391082156,9/19/13,37,4,353164,14:35,27 W 8th St,40.732887,-73.997696
7391082144,9/19/13,38,5,353164,14:31,29 W 8th St,40.73293,-73.9978
7391082119,9/19/13,69,5,353164,14:03,676 Broadway,40.72756,-73.99489
7391082090,9/19/13,38,5,353164,13:39,334 Bowery,40.725857,-73.99206
7391082089,9/19/13,20,2,353164,13:37,52 Bond St,40.726273,-73.99323
7391082065,9/19/13,31,2,353164,13:23,68 Bleecker St,40.72631,-73.995544
7391082053,9/19/13,19,2,353164,13:08,89A E Houston St,40.724094,-73.99266
7391082030,9/19/13,48,3,353164,13:03,4 E 1st St,40.72488,-73.99211
7391082028,9/19/13,38,5,353164,12:40,156 Allen St,40.720837,-73.98935
7391082806,9/20/13,20,2,353164,17:38,316 Mott St,40.72488,-73.99402
7391082739,9/20/13,31,2,353164,15:59,589 Broadway,40.724895,-73.997314
7391082727,9/20/13,38,5,353164,15:52,69 Prince St,40.723938,-73.99694
7391082715,9/20/13,20,2,353164,15:03,275 Mott St,40.724064,-73.99454
7391082697,9/20/13,16,2,353164,14:58,306 Mott St,40.724792,-73.994064
7391082650,9/20/13,71,5,353164,14:46,296 Elizabeth St,40.72459,-73.99332
7391082648,9/20/13,20,2,353164,14:41,260 Elizabeth St,40.72389,-73.99361
7391082636,9/20/13,14,2,353164,14:31,87 E Houston St,40.72415,-73.99282
7391082570,9/20/13,20,2,353164,13:59,1 Rivington St,40.721577,-73.99353
7391082557,9/20/13,46,3,353164,13:43,172 Forsyth St,40.721226,-73.991325
7391082545,9/20/13,40,2,353164,13:39,208 Forsyth St,40.722355,-73.990746
7391082533,9/20/13,20,2,353164,12:39,132 Ludlow St,40.720093,-73.988266
7391082818,9/20/13,20,2,353164,17:40,309 Mott St,40.724846,-73.994194
7391082788,9/20/13,20,2,353164,17:31,304 Mulberry St,40.72504,-73.99479
7391082776,9/20/13,20,2,353164,16:46,137 Greene St,40.72532,-73.99917
7391082764,9/20/13,20,2,353164,16:43,142 Greene St,40.725277,-73.99903
7391082740,9/20/13,84,5,353164,16:06,575 Broadway,40.72448,-73.997665
7391082703,9/20/13,20,2,353164,15:01,278 Mott St,40.724148,-73.99435
7391082685,9/20/13,17,2,353164,14:55,29 Bleecker St,40.72561,-73.99341
7391082673,9/20/13,10,2,353164,14:52,5 Bleecker St,40.72551,-73.99304
7391082661,9/20/13,14,2,353164,14:49,306 Elizabeth St,40.72467,-73.993286
7391082600,9/20/13,14,2,353164,14:21,275 Mott St,40.724064,-73.99454
7391082594,9/20/13,71,5,353164,14:09,219 Mott St,40.72215,-73.99533
7391083215,9/21/13,16,2,353164,14:28,306 Mott St,40.724792,-73.994064
7391083197,9/21/13,38,5,353164,14:12,666 Broadway,40.7272,-73.99519
7391083173,9/21/13,20,2,353164,13:34,344 Bowery,40.726295,-73.991905
7391083161,9/21/13,14,2,353164,13:27,11 E 1st St,40.72458,-73.99169
7391083150,9/21/13,37,4,353164,13:24,23 2nd Ave,40.724457,-73.99077
7391083112,9/21/13,20,2,353164,13:10,47 2nd Ave,40.725384,-73.9901
7391083094,9/21/13,71,5,353164,13:03,86 E 4th St,40.726112,-73.989395
7391083082,9/21/13,40,2,353164,13:00,88 E 4th St,40.726074,-73.9893
7391083290,9/21/13,38,5,353164,16:27,7 Great Jones St,40.727425,-73.99404
7391083276,9/21/13,38,5,353164,16:16,1 W 3rd St,40.72788,-73.99474
7391083227,9/21/13,38,5,353164,14:33,65 Bleecker St,40.72612,-73.994896
7391083355,9/21/13,37,4,353164,17:36,1 Bond St,40.726887,-73.99475
7391083252,9/21/13,38,5,353164,15:28,32 Waverly Pl,40.73035,-73.99495
7391083239,9/21/13,37,4,353164,14:36,68 Bleecker St,40.72631,-73.995544
7391083148,9/21/13,38,5,353164,13:21,23 2nd Ave,40.724457,-73.99077
7391083124,9/21/13,38,5,353164,13:14,41 2nd Ave,40.72508,-73.99032
7391083100,9/21/13,53,3,353164,13:07,50 2nd Ave,40.72545,-73.98988
7391083070,9/21/13,38,5,353164,12:54,133 E 4th St,40.725395,-73.987366
7391083069,9/21/13,38,5,353164,12:42,188 Ludlow St,40.722107,-73.98724
7391083744,9/28/13,20,2,353164,17:31,196 Elizabeth St,40.72178,-73.994446
7391083720,9/28/13,71,5,353164,17:25,237 Elizabeth St,40.723087,-73.99408
7391083707,9/28/13,14,2,353164,17:12,89A E Houston St,40.724094,-73.99266
7391083689,9/28/13,37,4,353164,16:56,149 Allen St,40.721664,-73.98932
7391083665,9/28/13,20,2,353164,16:50,174 Forsyth St,40.721313,-73.99128
7391083653,9/28/13,20,2,353164,16:49,174 Forsyth St,40.721313,-73.99128
7391083630,9/28/13,20,2,353164,16:03,236 Elizabeth St,40.723175,-73.9939
7391083616,9/28/13,14,2,353164,15:50,298 Bowery,40.724464,-73.99256
7391083604,9/28/13,71,5,353164,15:48,298 Bowery,40.724464,-73.99256
7391083586,9/28/13,14,2,353164,14:47,302 Elizabeth St,40.72464,-73.9933
7391083574,9/28/13,20,2,353164,14:44,300 Elizabeth St,40.724625,-73.99331
7391083513,9/28/13,20,2,353164,14:17,20 Spring St,40.721394,-73.99507
7391083483,9/28/13,40,2,353164,13:23,184 Eldridge St,40.720642,-73.990616
7391083458,9/28/13,14,2,353164,13:09,151 E Houston St,40.723133,-73.98945
7391083434,9/28/13,38,5,353164,12:58,138 Ludlow St,40.720345,-73.988144
7391083756,9/28/13,20,2,353164,17:32,192 Elizabeth St,40.72163,-73.99451
7391083732,9/28/13,71,5,353164,17:29,198 Elizabeth St,40.72185,-73.994415
7391083690,9/28/13,38,5,353164,17:01,189 Allen St,40.722916,-73.98873
7391083677,9/28/13,37,4,353164,16:55,149 Allen St,40.721664,-73.98932
7391083628,9/28/13,16,2,353164,15:56,306 Mott St,40.724792,-73.994064
7391083598,9/28/13,14,2,353164,15:44,87 E Houston St,40.72415,-73.99282
7391083550,9/28/13,16,2,353164,14:38,302-4 Mott St,40.72476,-73.99408
7391083501,9/28/13,16,2,353164,14:04,168-170 Forsyth St,40.721043,-73.991425
7391083446,9/28/13,14,2,353164,13:06,153 E Houston St,40.723118,-73.9894
7391083884,10/2/13,10,2,353164,14:14,8 Rivington St,40.721455,-73.99273
7391083793,10/2/13,38,5,353164,12:50,167 Allen St,40.721153,-73.98959
7391084049,10/2/13,20,2,353164,17:55,206 Elizabeth St,40.72215,-73.9943
7391083999,10/2/13,37,4,353164,16:17,188 Allen St,40.721783,-73.98891
7391083987,10/2/13,16,2,353164,15:16,229 Chrystie St,40.7227,-73.99158
7391083975,10/2/13,74,5,353164,14:43,24 Prince St,40.72285,-73.99461
7391083963,10/2/13,71,5,353164,14:42,24 Prince St,40.72285,-73.99461
7391083951,10/2/13,20,2,353164,14:40,32 Prince St,40.723,-73.994965
7391083940,10/2/13,20,2,353164,14:38,250 Mott St,40.72331,-73.99471
7391083896,10/2/13,20,2,353164,14:19,195 Chrystie St,40.72188,-73.99199
7391084037,10/2/13,16,2,353164,17:25,306 Mott St,40.724792,-73.994064
7391084001,10/2/13,20,2,353164,17:14,284 Lafayette St,40.724228,-73.99612
7391083938,10/2/13,20,2,353164,14:36,262 Mott St,40.723667,-73.99455
7391083926,10/2/13,20,2,353164,14:35,284 Mott St,40.724327,-73.99426
7391083914,10/2/13,20,2,353164,14:33,284 Mott St,40.724327,-73.99426
7391083902,10/2/13,19,2,353164,14:27,269 Bowery,40.724045,-73.99256
7391083872,10/2/13,10,2,353164,14:08,30 Prince St,40.72298,-73.99492
7391083860,10/2/13,46,3,353164,13:51,293 Lafayette St,40.724354,-73.99584
7391083859,10/2/13,20,2,353164,13:45,284 Lafayette St,40.724228,-73.99612
7391083823,10/2/13,20,2,353164,13:36,112 Crosby St,40.72408,-73.99687
7391083811,10/2/13,46,3,353164,13:03,208 Forsyth St,40.722355,-73.990746
7391083800,10/2/13,82,5,353164,13:01,208 Forsyth St,40.722355,-73.990746
7391084311,10/3/13,17,2,353164,17:47,31 Bleecker St,40.725616,-73.99344
7391084281,10/3/13,20,2,353164,16:48,33 Bleecker St,40.725628,-73.99347
7391084268,10/3/13,42,4,353164,16:00,736 Broadway,40.72972,-73.99306
7391084256,10/3/13,16,2,353164,14:53,250 Mercer St,40.7283,-73.995415
7391084190,10/3/13,20,2,353164,14:23,25 Bond St,40.726494,-73.99396
7391084165,10/3/13,20,2,353164,14:07,303 Bowery,40.724903,-73.992256
7391084130,10/3/13,37,4,353164,13:39,356 Bowery,40.726532,-73.99182
7391084086,10/3/13,14,2,353164,13:06,29 E 2nd St,40.725117,-73.990944
7391084074,10/3/13,38,5,353164,12:53,126 E 4th St,40.7254,-73.98767
7391084116,10/3/13,20,2,353164,13:34,344 Bowery,40.726295,-73.991905
7391084300,10/3/13,20,2,353164,17:45,302-4 Mott St,40.72476,-73.99408
7391084293,10/3/13,16,2,353164,16:51,306 Mott St,40.724792,-73.994064
7391084244,10/3/13,20,2,353164,14:38,301 Mulberry St,40.725014,-73.99496
7391084232,10/3/13,20,2,353164,14:37,304 Mulberry St,40.72504,-73.99479
7391084219,10/3/13,20,2,353164,14:29,383 Lafayette St,40.727577,-73.99331
7391084207,10/3/13,20,2,353164,14:25,22 Bond St,40.726635,-73.99398
7391084177,10/3/13,40,2,353164,14:12,310 Bowery,40.7249,-73.99241
7391084153,10/3/13,16,2,353164,14:03,312 Bowery,40.724934,-73.99239
7391084128,10/3/13,20,2,353164,13:37,350 Bowery,40.72645,-73.991844
7391084852,10/4/13,16,2,353164,17:41,183 Mott St,40.720585,-73.99595
7391084839,10/4/13,70,5,353164,17:08,170 Mercer St,40.72555,-73.997734
7391084827,10/4/13,20,2,353164,17:04,160 Mercer St,40.725246,-73.997986
7391084815,10/4/13,71,5,353164,17:02,160 Mercer St,40.725246,-73.997986
7391084750,10/4/13,20,2,353164,15:22,250 Mott St,40.72331,-73.99471
7391084748,10/4/13,20,2,353164,15:20,280 Mott St,40.72421,-73.994316
7391084694,10/4/13,20,2,353164,15:03,247 Mulberry St,40.723087,-73.995895
7391084682,10/4/13,20,2,353164,15:01,44 Prince St,40.723263,-73.99561
7391084670,10/4/13,20,2,353164,14:39,28 Prince St,40.72294,-73.99482
7391084657,10/4/13,20,2,353164,14:18,24 Prince St,40.72285,-73.99461
7391084645,10/4/13,20,2,353164,14:10,10 Spring St,40.72118,-73.994545
7391084621,10/4/13,48,3,353164,13:38,179 Chrystie St,40.721302,-73.99229
7391084608,10/4/13,20,2,353164,12:54,137 E Houston St,40.72334,-73.99017
7391084591,10/4/13,71,5,353164,12:48,189 Allen St,40.722916,-73.98873
7391084580,10/4/13,37,4,353164,12:43,163 Allen St,40.721268,-73.98953
7391084797,10/4/13,20,2,353164,16:17,108 Crosby St,40.723934,-73.996994
7391084785,10/4/13,20,2,353164,16:16,116 Crosby St,40.724228,-73.99675
7391084773,10/4/13,20,2,353164,16:13,130 Crosby St,40.72471,-73.996346
7391084761,10/4/13,16,2,353164,15:29,270 Lafayette St,40.723797,-73.99647
7391084700,10/4/13,16,2,353164,15:07,281 Lafayette St,40.72395,-73.99618
7391084610,10/4/13,20,2,353164,13:01,49 Stanton St,40.722015,-73.99055
7391085133,10/5/13,20,2,353164,16:25,190 Elizabeth St,40.721558,-73.99454
7391085091,10/5/13,14,2,353164,16:08,202 Bowery,40.721386,-73.9937
7391085066,10/5/13,20,2,353164,15:53,210 Elizabeth St,40.722294,-73.99425
7391084992,10/5/13,71,5,353164,14:11,296 Elizabeth St,40.72459,-73.99332
7391084943,10/5/13,67,3,353164,13:27,310 Bowery,40.7249,-73.99241
7391084918,10/5/13,14,2,353164,13:09,87 E Houston St,40.72415,-73.99282
7391084890,10/5/13,40,2,353164,12:51,241 Eldridge St,40.72226,-73.989944
7391084888,10/5/13,37,4,353164,12:43,167 Allen St,40.721153,-73.98959
7391085170,10/5/13,20,2,353164,17:49,33 Bleecker St,40.725628,-73.99347
7391085145,10/5/13,20,2,353164,16:27,198 Elizabeth St,40.72185,-73.994415
7391085121,10/5/13,20,2,353164,16:22,172 Elizabeth St,40.72098,-73.99476
7391085110,10/5/13,14,2,353164,16:11,199 Bowery,40.7213,-73.993576
7391085108,10/5/13,14,2,353164,16:09,200 Bowery,40.721333,-73.99371
7391085080,10/5/13,14,2,353164,16:07,218 Bowery,40.721806,-73.99354
7391085078,10/5/13,20,2,353164,15:57,232 Elizabeth St,40.723057,-73.99394
7391085042,10/5/13,37,4,353164,15:03,185 Mulberry St,40.720825,-73.99679
7391085030,10/5/13,20,2,353164,14:54,211 Elizabeth St,40.722378,-73.99436
7391085029,10/5/13,20,2,353164,14:51,192 Elizabeth St,40.72163,-73.99451
7391085017,10/5/13,20,2,353164,14:23,172 Elizabeth St,40.72098,-73.99476
7391085005,10/5/13,20,2,353164,14:16,245 Elizabeth St,40.723255,-73.99401
7391084980,10/5/13,46,3,353164,14:03,33 Bond St,40.726402,-73.99377
7391084979,10/5/13,37,4,353164,13:58,356 Bowery,40.726532,-73.99182
7391084967,10/5/13,16,2,353164,13:46,306 Mott St,40.724792,-73.994064
7391085571,10/6/13,14,2,353164,16:10,60 Kenmare St,40.72094,-73.99606
7391085560,10/6/13,14,2,353164,16:08,58 Kenmare St,40.72085,-73.995804
7391085558,10/6/13,71,5,353164,15:30,175 Mott St,40.720203,-73.9961
7391085492,10/6/13,20,2,353164,14:36,105 Clinton St,40.718254,-73.98558
7391085479,10/6/13,16,2,353164,13:27,229 Chrystie St,40.7227,-73.99158
7391085467,10/6/13,71,5,353164,13:23,229 Chrystie St,40.7227,-73.99158
7391085390,10/6/13,40,2,353164,12:32,55 Spring St,40.722176,-73.996666
7391085327,10/6/13,71,5,353164,11:36,238 Elizabeth St,40.723236,-73.99387
7391085315,10/6/13,16,2,353164,11:23,306 Mott St,40.724792,-73.994064
7391085297,10/6/13,19,2,353164,11:09,351 Bowery,40.726448,-73.9917
7391085285,10/6/13,71,5,353164,11:01,7 Great Jones St,40.727425,-73.99404
7391085250,10/6/13,71,5,353164,10:52,232 Mercer St,40.72764,-73.99598
7391085248,10/6/13,71,5,353164,10:50,232 Mercer St,40.72764,-73.99598
7391085534,10/6/13,16,2,353164,15:06,100 Rivington St,40.720123,-73.988304
7391085522,10/6/13,16,2,353164,15:04,108 Rivington St,40.71999,-73.98787
7391085510,10/6/13,20,2,353164,15:01,147 Essex St,40.720554,-73.98725
7391085509,10/6/13,40,2,353164,14:43,99 Suffolk St,40.718693,-73.98633
7391085443,10/6/13,16,2,353164,13:12,302-4 Mott St,40.72476,-73.99408
7391085418,10/6/13,40,2,353164,12:39,88 Crosby St,40.72323,-73.99759
7391085388,10/6/13,40,2,353164,12:27,200 Mulberry St,40.721516,-73.99637
7391085352,10/6/13,71,5,353164,12:03,18 Spring St,40.72135,-73.994965
7391085340,10/6/13,20,2,353164,11:51,174 Forsyth St,40.721313,-73.99128
7391085339,10/6/13,70,5,353164,11:42,9 Stanton St,40.7226,-73.99253
7391085303,10/6/13,71,5,353164,11:15,40 Bond St,40.726418,-73.99353
7391085819,10/7/13,38,5,353164,17:05,209 Bowery,40.72152,-73.99349
7391085777,10/7/13,20,2,353164,15:20,247 Elizabeth St,40.723297,-73.993996
7391085765,10/7/13,20,2,353164,15:19,262 Elizabeth St,40.72395,-73.993576
7391085753,10/7/13,20,2,353164,15:11,260 Mott St,40.72361,-73.99458
7391085730,10/7/13,20,2,353164,15:06,48 Mott St,40.715473,-73.998505
7391085728,10/7/13,20,2,353164,15:02,40 Prince St,40.723175,-73.99539
7391085650,10/7/13,51,3,353164,14:00,4 Spring St,40.72097,-73.994026
7391085649,10/7/13,38,5,353164,13:17,161 Allen St,40.721325,-73.9895
7391085625,10/7/13,38,5,353164,12:54,189 Allen St,40.722916,-73.98873
7391085613,10/7/13,38,5,353164,12:50,169 Allen St,40.7211,-73.989624
7391085601,10/7/13,38,5,353164,12:47,167 Allen St,40.721153,-73.98959
7391085856,10/7/13,16,2,353164,17:51,10 Delancey St,40.72023,-73.993546
7391085844,10/7/13,20,2,353164,17:45,1 Rivington St,40.721577,-73.99353
7391085832,10/7/13,20,2,353164,17:43,4 Rivington St,40.721676,-73.99348
7391085820,10/7/13,20,2,353164,17:07,4 Rivington St,40.721676,-73.99348
7391085807,10/7/13,14,2,353164,17:01,196 Bowery,40.721264,-73.993744
7391085741,10/7/13,20,2,353164,15:08,252 Mott St,40.72337,-73.99469
7391085716,10/7/13,40,2,353164,14:57,55 Spring St,40.722176,-73.996666
7391085704,10/7/13,20,2,353164,14:54,57 Spring St,40.72223,-73.996796
7391085686,10/7/13,20,2,353164,14:35,252 Elizabeth St,40.72365,-73.9937
7391085674,10/7/13,16,2,353164,14:22,306 Mott St,40.724792,-73.994064
7391085662,10/7/13,20,2,353164,14:13,52 Prince St,40.72345,-73.996056
7391085595,10/7/13,38,5,353164,12:38,161 Allen St,40.721325,-73.9895
7391085583,10/7/13,70,5,353164,12:35,161 Allen St,40.721325,-73.9895
7391086113,10/8/13,31,2,353164,16:14,100 John St,40.708176,-74.00656
7391086083,10/8/13,31,2,353164,15:58,55 Fulton St,40.70844,-74.00473
7391086071,10/8/13,71,5,353164,15:55,55 Fulton St,40.70844,-74.00473
7391086009,10/8/13,10,2,353164,14:40,203 Grand St,40.719006,-73.99654
7391085984,10/8/13,14,2,353164,14:31,180 Mott St,40.720448,-73.99585
7391085960,10/8/13,20,2,353164,13:35,26 Prince St,40.722893,-73.99472
7391085947,10/8/13,40,2,353164,13:21,2 Spring St,40.7209,-73.99386
7391085935,10/8/13,71,5,353164,13:17,196 Bowery,40.721264,-73.993744
7391086150,10/8/13,31,2,353164,17:48,111 John St,40.707706,-74.00572
7391086149,10/8/13,69,5,353164,17:42,75 Nassau St,40.709713,-74.00833
7391086137,10/8/13,69,5,353164,17:11,55 Fulton St,40.70844,-74.00473
7391086125,10/8/13,69,5,353164,16:18,111 John St,40.707706,-74.00572
7391086101,10/8/13,69,5,353164,16:11,99 John St,40.70802,-74.00609
7391086095,10/8/13,17,2,353164,16:04,123 William St,40.70908,-74.006996
7391086022,10/8/13,16,2,353164,14:55,5 Mott St,40.713654,-73.99873
7391085996,10/8/13,69,5,353164,14:36,154 Mott St,40.719334,-73.99629
7391085972,10/8/13,20,2,353164,13:37,250 Mott St,40.72331,-73.99471
7391085923,10/8/13,20,2,353164,13:03,181 Chrystie St,40.721375,-73.99225
7391085900,10/8/13,38,5,353164,12:47,90-96 Stanton St,40.721508,-73.98847
7391085893,10/8/13,37,4,353164,12:44,95 Stanton St,40.721363,-73.98839
7391086447,10/9/13,20,2,353164,17:34,500 6th Ave,40.736423,-73.99744
7391086435,10/9/13,20,2,353164,17:27,105 W 13th St,40.736805,-73.99751
7391086423,10/9/13,37,4,353164,17:09,8 W 14th St,40.73608,-73.99394
7391086381,10/9/13,37,4,353164,16:26,25 W 14th St,40.73641,-73.99442
7391086356,10/9/13,84,5,353164,16:15,3 W 13th St,40.735428,-73.99424
7391086332,10/9/13,20,2,353164,16:06,500 6th Ave,40.736423,-73.99744
7391086320,10/9/13,37,4,353164,14:59,434 6th Ave,40.734737,-73.998665
7391086228,10/9/13,14,2,353164,13:28,11 E 1st St,40.72458,-73.99169
7391086198,10/9/13,38,5,353164,13:08,189 Allen St,40.722916,-73.98873
7391086411,10/9/13,37,4,353164,17:06,9 W 14th St,40.7362,-73.99393
7391086393,10/9/13,37,4,353164,17:01,25 W 14th St,40.73641,-73.99442
7391086370,10/9/13,37,4,353164,16:23,22 W 14th St,40.736263,-73.99438
7391086368,10/9/13,37,4,353164,16:19,22 W 14th St,40.736263,-73.99438
7391086344,10/9/13,20,2,353164,16:10,30 W 13th St,40.73568,-73.99513
7391086319,10/9/13,37,4,353164,14:48,65 W 8th St,40.73332,-73.99871
7391086307,10/9/13,38,5,353164,14:40,23-25 W 8th St,40.7328,-73.99749
7391086290,10/9/13,37,4,353164,14:38,24 W 8th St,40.73265,-73.99743
7391086289,10/9/13,37,4,353164,14:36,17 W 8th St,40.73267,-73.997185
7391086277,10/9/13,31,2,353164,14:15,740 Broadway,40.729877,-73.99293
7391086265,10/9/13,69,5,353164,14:14,735 Broadway,40.72986,-73.99311
7391086253,10/9/13,69,5,353164,13:51,676 Broadway,40.72756,-73.99489
7391086241,10/9/13,31,2,353164,13:46,9 Great Jones St,40.727383,-73.99396
7391086230,10/9/13,20,2,353164,13:39,55 Bond St,40.726143,-73.99323
7391086204,10/9/13,40,2,353164,13:13,43 E 1st St,40.723988,-73.99029
7391086186,10/9/13,38,5,353164,12:52,138 Ludlow St,40.720345,-73.988144
7391086903,10/10/13,40,2,353164,17:19,41-45 Pine St,40.70705,-74.00927
7391086861,10/10/13,14,2,353164,16:10,110 William St,40.708736,-74.00716
7391086812,10/10/13,69,5,353164,15:41,55 Fulton St,40.70844,-74.00473
7391086800,10/10/13,42,4,353164,15:05,108 John St,40.70776,-74.00596
7391086794,10/10/13,31,2,353164,15:01,80 John St,40.708485,-74.00706
7391086782,10/10/13,14,2,353164,14:46,121 Fulton St,40.709976,-74.007126
7391086770,10/10/13,14,2,353164,14:44,112 Fulton St,40.70984,-74.00712
7391086757,10/10/13,20,2,353164,13:54,45 Spring St,40.72196,-73.996124
7391086745,10/10/13,46,3,353164,13:12,285 Lafayette St,40.724083,-73.99606
7391086897,10/10/13,42,4,353164,17:01,75 Wall St,40.705494,-74.00798
7391086850,10/10/13,69,5,353164,16:03,59 Nassau St,40.709167,-74.008865
7391086848,10/10/13,69,5,353164,16:00,80 Nassau St,40.709778,-74.00809
7391086836,10/10/13,42,4,353164,15:57,88 Nassau St,40.710037,-74.007835
7391086824,10/10/13,14,2,353164,15:54,102-104 Fulton St,40.70958,-74.006615
7391086769,10/10/13,31,2,353164,14:03,156 Mott St,40.71942,-73.996254
7391086721,10/10/13,14,2,353164,12:55,235 Bowery,40.72246,-73.99315
7391086710,10/10/13,71,5,353164,12:48,172 Forsyth St,40.721226,-73.991325
7391086708,10/10/13,71,5,353164,12:46,174 Forsyth St,40.721313,-73.99128
7391086691,10/10/13,20,2,353164,12:45,174 Forsyth St,40.721313,-73.99128
7391087208,10/11/13,37,4,353164,17:14,291 Mercer St,40.73007,-73.99407
7391087191,10/11/13,38,5,353164,17:12,295 Mercer St,40.730103,-73.99405
7391087180,10/11/13,31,2,353164,17:03,712 Broadway,40.728855,-73.99379
7391087178,10/11/13,20,2,353164,16:41,164 Crosby St,40.725544,-73.99564
7391087154,10/11/13,31,2,353164,15:23,64 Bleecker St,40.726208,-73.99534
7391087142,10/11/13,31,2,353164,15:09,653 Broadway,40.726936,-73.99559
7391087129,10/11/13,69,5,353164,15:01,65 Bleecker St,40.72612,-73.994896
7391087117,10/11/13,71,5,353164,14:19,645 Broadway,40.72665,-73.99583
7391087105,10/11/13,69,5,353164,14:17,645 Broadway,40.72665,-73.99583
7391087051,10/11/13,20,2,353164,13:59,164 Crosby St,40.725544,-73.99564
7391087026,10/11/13,84,5,353164,13:53,318 Lafayette St,40.725323,-73.995224
7391087014,10/11/13,14,2,353164,13:52,318 Lafayette St,40.725323,-73.995224
7391086988,10/11/13,14,2,353164,13:39,87 E Houston St,40.72415,-73.99282
7391087166,10/11/13,31,2,353164,15:30,54 Bleecker St,40.725956,-73.99483
7391087130,10/11/13,31,2,353164,15:05,644 Broadway,40.726517,-73.995766
7391087099,10/11/13,31,2,353164,14:13,648 Broadway,40.726646,-73.99566
7391087075,10/11/13,38,5,353164,14:05,64 Bleecker St,40.726208,-73.99534
7391087063,10/11/13,20,2,353164,14:02,165 Crosby St,40.72553,-73.99549
7391087040,10/11/13,70,5,353164,13:57,164 Crosby St,40.725544,-73.99564
7391087038,10/11/13,20,2,353164,13:56,164 Crosby St,40.725544,-73.99564
7391087002,10/11/13,14,2,353164,13:44,302 Elizabeth St,40.72464,-73.9933
7391086990,10/11/13,20,2,353164,13:42,300 Elizabeth St,40.724625,-73.99331
7391086976,10/11/13,40,2,353164,13:36,266 Bowery,40.723415,-73.99294
