Issuer_id,1_AM_14_,1_AM_38_,1_AM_69_,1_AM_21_,1_AM_37_,1_AM_20_,1_AM_31_,1_AM_16_,1_AM_46_,1_AM_40_,1_AM_47_,1_AM_19_,1_AM_42_,1_AM_71_,1_AM_17_,1_PM_14_,1_PM_38_,1_PM_69_,1_PM_21_,1_PM_37_,1_PM_20_,1_PM_31_,1_PM_16_,1_PM_46_,1_PM_40_,1_PM_47_,1_PM_19_,1_PM_42_,1_PM_71_,1_PM_17_,2_AM_14_,2_AM_38_,2_AM_69_,2_AM_21_,2_AM_37_,2_AM_20_,2_AM_31_,2_AM_16_,2_AM_46_,2_AM_40_,2_AM_47_,2_AM_19_,2_AM_42_,2_AM_71_,2_AM_17_,2_PM_14_,2_PM_38_,2_PM_69_,2_PM_21_,2_PM_37_,2_PM_20_,2_PM_31_,2_PM_16_,2_PM_46_,2_PM_40_,2_PM_47_,2_PM_19_,2_PM_42_,2_PM_71_,2_PM_17_,3_AM_14_,3_AM_38_,3_AM_69_,3_AM_21_,3_AM_37_,3_AM_20_,3_AM_31_,3_AM_16_,3_AM_46_,3_AM_40_,3_AM_47_,3_AM_19_,3_AM_42_,3_AM_71_,3_AM_17_,3_PM_14_,3_PM_38_,3_PM_69_,3_PM_21_,3_PM_37_,3_PM_20_,3_PM_31_,3_PM_16_,3_PM_46_,3_PM_40_,3_PM_47_,3_PM_19_,3_PM_42_,3_PM_71_,3_PM_17_,4_AM_14_,4_AM_38_,4_AM_69_,4_AM_21_,4_AM_37_,4_AM_20_,4_AM_31_,4_AM_16_,4_AM_46_,4_AM_40_,4_AM_47_,4_AM_19_,4_AM_42_,4_AM_71_,4_AM_17_,4_PM_14_,4_PM_38_,4_PM_69_,4_PM_21_,4_PM_37_,4_PM_20_,4_PM_31_,4_PM_16_,4_PM_46_,4_PM_40_,4_PM_47_,4_PM_19_,4_PM_42_,4_PM_71_,4_PM_17_,5_AM_14_,5_AM_38_,5_AM_69_,5_AM_21_,5_AM_37_,5_AM_20_,5_AM_31_,5_AM_16_,5_AM_46_,5_AM_40_,5_AM_47_,5_AM_19_,5_AM_42_,5_AM_71_,5_AM_17_,5_PM_14_,5_PM_38_,5_PM_69_,5_PM_21_,5_PM_37_,5_PM_20_,5_PM_31_,5_PM_16_,5_PM_46_,5_PM_40_,5_PM_47_,5_PM_19_,5_PM_42_,5_PM_71_,5_PM_17_,6_AM_14_,6_AM_38_,6_AM_69_,6_AM_21_,6_AM_37_,6_AM_20_,6_AM_31_,6_AM_16_,6_AM_46_,6_AM_40_,6_AM_47_,6_AM_19_,6_AM_42_,6_AM_71_,6_AM_17_,6_PM_14_,6_PM_38_,6_PM_69_,6_PM_21_,6_PM_37_,6_PM_20_,6_PM_31_,6_PM_16_,6_PM_46_,6_PM_40_,6_PM_47_,6_PM_19_,6_PM_42_,6_PM_71_,6_PM_17_,7_AM_14_,7_AM_38_,7_AM_69_,7_AM_21_,7_AM_37_,7_AM_20_,7_AM_31_,7_AM_16_,7_AM_46_,7_AM_40_,7_AM_47_,7_AM_19_,7_AM_42_,7_AM_71_,7_AM_17_,7_PM_14_,7_PM_38_,7_PM_69_,7_PM_21_,7_PM_37_,7_PM_20_,7_PM_31_,7_PM_16_,7_PM_46_,7_PM_40_,7_PM_47_,7_PM_19_,7_PM_42_,7_PM_71_,7_PM_17_
355212,53,22,46,145,1,89,13,18,0,1,65,15,1,4,12,13,7,17,0,4,6,10,2,0,0,23,7,5,2,5,99,34,80,155,3,42,16,8,0,2,126,26,1,11,17,13,4,16,0,3,8,3,2,0,1,11,0,3,0,2,82,32,90,119,0,36,17,8,0,1,122,25,6,5,10,10,5,18,0,5,6,6,1,0,1,23,0,1,1,3,99,13,112,175,4,42,18,7,1,4,113,34,2,6,11,1,1,8,0,2,0,2,1,0,0,3,0,2,0,0,89,21,100,167,0,43,20,9,0,7,127,26,0,3,25,2,2,2,0,3,1,2,1,0,0,2,2,0,0,0,53,48,13,119,0,77,19,28,0,7,50,18,0,5,14,6,4,0,0,0,1,0,0,0,0,1,0,0,1,0,12,0,0,0,0,2,0,1,1,4,0,2,0,1,7,14,0,0,0,0,5,0,0,0,5,0,2,0,3,2
355218,95,9,0,291,0,58,0,61,4,17,0,12,0,9,8,1,2,0,0,0,2,0,7,3,1,0,1,0,0,1,75,6,0,337,1,42,0,47,7,21,0,7,0,9,1,6,0,0,1,0,0,0,1,0,0,0,0,0,0,0,66,7,0,66,0,52,0,57,9,23,0,9,0,9,8,0,0,0,0,0,0,0,0,0,0,0,0,0,0,0,6,0,0,25,0,4,0,9,0,2,0,1,0,1,0,0,0,0,0,0,0,0,0,0,0,0,0,0,0,0,68,8,0,284,0,20,0,36,4,34,0,6,0,11,5,0,0,0,1,0,0,0,0,0,0,0,0,0,0,0,75,54,0,162,1,50,0,68,5,64,0,11,0,14,12,0,0,0,0,0,0,0,0,0,0,0,4,0,0,1,100,0,0,0,0,75,0,3,10,161,0,19,0,17,42,8,0,0,0,0,3,0,0,1,7,0,4,0,0,1
358857,0,0,13,0,0,0,9,0,0,1,1,0,2,0,0,71,32,115,0,18,6,256,5,3,18,23,22,35,3,13,4,0,39,0,0,0,20,0,0,2,4,3,2,1,0,71,22,89,0,16,17,215,5,15,13,30,18,45,6,13,0,0,0,0,0,0,0,0,0,0,0,0,0,0,0,66,9,85,0,6,15,210,8,6,9,16,19,43,5,7,9,0,18,0,0,1,18,0,1,0,4,1,2,0,2,69,35,111,0,24,11,261,3,15,14,20,15,38,9,13,1,0,10,0,0,0,2,0,0,2,3,0,1,0,0,63,23,110,0,15,12,248,6,11,15,20,17,35,4,12,47,15,29,10,2,1,63,0,12,24,44,11,5,5,2,25,37,14,0,14,2,41,0,7,13,7,7,3,3,3,3,0,0,0,0,0,0,0,0,10,0,0,0,0,0,12,0,0,0,0,2,0,0,5,22,0,3,0,0,1
358204,7,0,1,0,0,0,10,0,0,0,1,0,0,0,0,206,3,37,0,1,12,260,22,13,4,7,7,24,2,5,10,0,1,0,0,4,4,0,0,0,0,0,1,1,0,213,8,39,0,7,18,238,10,14,12,5,8,21,5,4,0,0,0,0,0,0,0,0,0,0,0,0,0,0,0,177,3,52,0,3,13,335,4,16,6,6,11,30,4,9,0,0,0,0,0,0,0,0,0,0,0,0,0,0,0,180,22,37,0,11,22,287,1,24,9,10,8,19,11,7,0,0,0,0,0,0,0,0,0,0,0,0,0,0,0,165,5,37,0,3,15,224,11,11,4,2,5,32,3,6,30,19,7,0,0,0,7,0,3,1,3,0,1,3,0,8,14,1,0,5,0,6,0,1,0,0,0,0,0,0,17,0,0,0,0,0,0,0,3,1,0,0,0,1,1,42,0,0,0,0,2,0,5,10,6,0,2,0,1,0
357338,29,0,7,0,0,0,1,0,7,2,0,4,2,2,2,168,31,57,1,17,46,41,127,37,10,0,5,38,15,52,142,1,13,5,0,0,4,5,14,2,0,5,7,1,19,132,29,37,0,25,16,14,151,62,3,0,9,15,12,40,64,0,9,0,0,0,0,3,11,3,0,1,1,3,15,154,41,40,0,23,42,18,147,44,11,0,9,15,9,41,205,0,14,0,0,0,5,6,47,6,0,10,6,6,26,192,25,44,0,19,22,19,91,55,6,0,14,30,10,26,167,0,22,0,0,0,2,9,26,3,0,7,10,4,17,212,20,61,0,24,9,28,88,47,8,0,2,30,6,28,0,0,0,0,0,0,0,0,0,0,0,0,0,0,0,192,287,23,0,185,5,72,15,16,32,0,7,9,40,54,0,0,0,0,0,0,0,0,0,0,0,0,0,0,0,0,0,0,0,0,0,0,0,0,0,0,0,0,0,0
357086,127,24,64,23,14,22,13,164,25,16,0,12,17,10,29,43,27,10,0,23,18,18,64,13,6,0,5,2,11,20,102,5,46,8,1,5,11,40,16,6,0,5,18,5,13,121,39,25,0,46,26,62,139,21,22,0,7,23,15,41,108,4,35,2,3,1,11,50,23,5,0,5,22,3,19,89,13,25,0,32,12,30,153,23,8,0,9,9,7,25,143,5,56,3,3,8,10,70,26,13,0,6,18,4,21,96,44,22,0,51,48,35,154,21,14,0,18,35,17,35,112,9,70,1,1,6,8,68,12,6,0,11,19,2,22,140,12,36,0,13,12,21,146,28,5,0,11,51,8,58,8,4,0,1,3,0,2,0,0,1,0,0,0,0,0,81,103,8,0,51,55,106,40,2,49,0,1,1,28,22,96,0,0,0,0,4,0,1,2,17,0,4,0,22,42,101,6,0,0,0,14,0,7,3,50,0,4,0,39,47
330291,104,0,0,281,0,44,0,0,65,34,0,15,0,6,4,2,11,0,3,0,0,0,0,6,3,0,1,0,0,0,95,4,0,233,0,46,0,2,56,33,0,16,0,9,3,7,26,0,4,0,4,0,0,21,4,0,2,0,3,0,117,11,0,211,0,40,0,2,71,22,0,14,0,6,4,0,0,0,4,0,0,0,0,0,1,0,0,0,0,0,87,3,0,240,0,42,0,0,53,27,0,15,0,4,3,0,0,0,7,0,0,0,0,1,2,0,2,0,0,0,111,13,0,237,0,49,0,3,75,34,0,16,0,9,4,4,6,0,1,1,5,0,0,7,5,0,2,0,1,0,21,120,0,283,0,68,0,0,10,83,0,11,0,10,6,0,1,0,0,0,2,0,2,1,1,0,2,0,0,0,4,0,0,0,0,48,0,0,9,64,0,5,0,6,1,1,0,0,0,0,1,0,0,0,1,0,1,0,0,0
350423,9,34,0,0,0,31,0,0,0,5,0,0,0,2,3,34,288,23,0,0,86,2,3,6,11,4,6,0,29,30,0,0,0,6,0,1,0,0,0,0,0,0,0,0,0,45,248,29,11,0,85,14,9,4,13,4,6,0,37,32,0,0,0,0,0,0,0,0,0,0,0,0,0,0,0,40,273,40,0,0,79,10,2,0,18,15,10,0,34,19,0,0,0,0,0,0,0,0,0,0,0,0,0,0,0,38,279,29,0,0,85,7,1,4,8,5,2,0,21,13,3,12,1,0,0,7,0,0,0,0,0,0,0,1,3,28,290,24,0,0,72,9,2,8,15,13,2,0,37,30,6,19,1,1,0,25,0,2,0,2,0,1,0,4,4,32,424,2,0,0,68,3,19,0,35,1,3,0,54,58,0,0,0,0,0,0,0,0,0,0,0,0,0,0,0,0,0,0,0,0,0,0,0,0,0,0,0,0,0,0
350424,29,1,9,2,0,1,31,0,7,1,16,3,0,1,0,128,6,12,0,0,11,211,9,7,3,19,8,0,6,5,13,2,11,0,0,4,22,0,2,2,8,3,1,0,1,167,5,15,0,0,8,197,6,10,3,29,8,0,3,3,16,2,7,1,0,1,12,2,2,3,13,9,0,2,2,92,8,14,0,0,1,151,11,6,1,15,8,1,6,7,36,2,14,0,0,2,40,2,1,0,13,8,0,1,3,90,4,29,0,0,2,132,1,12,0,19,15,1,0,1,25,3,11,7,1,0,24,0,1,1,14,7,0,0,1,161,5,22,0,0,12,207,4,17,2,16,17,0,1,3,19,11,3,11,0,8,22,9,2,1,2,4,0,0,1,15,0,2,0,0,1,21,0,1,0,0,1,0,0,0,0,0,0,0,0,0,0,0,0,0,0,0,0,0,0,0,0,0,0,0,0,0,0,0,0,0,0,0,0,0
350425,51,14,0,206,0,21,0,9,22,13,0,6,0,12,5,8,2,0,0,0,3,0,2,5,11,0,0,0,1,0,68,11,0,161,5,16,0,9,20,23,0,10,0,7,5,2,0,0,0,2,1,0,9,4,4,0,0,0,0,0,46,32,0,93,1,23,0,9,18,31,0,7,0,12,3,6,2,0,0,0,3,0,7,5,5,0,0,0,0,0,49,25,0,160,2,24,0,7,23,23,0,14,0,6,1,4,4,0,0,0,3,0,10,5,5,0,0,0,0,0,45,21,0,104,0,18,0,12,16,32,0,16,0,6,0,0,0,0,0,0,0,0,0,2,0,0,0,0,0,0,14,44,0,97,0,5,0,3,3,23,0,7,0,2,4,0,0,0,0,0,0,0,0,0,0,0,1,0,0,0,9,0,0,0,0,1,0,2,2,5,0,1,0,1,1,0,0,0,0,0,0,0,0,0,0,0,0,0,0,0
346409,233,3,90,11,0,6,25,2,20,2,39,8,4,1,4,2,0,1,0,0,0,1,0,0,0,0,0,0,0,0,221,2,93,7,0,1,20,8,22,1,42,16,0,3,4,2,0,2,0,0,0,0,0,0,0,1,0,0,0,0,201,0,84,5,1,4,28,1,31,0,54,12,5,0,6,0,0,0,0,0,0,0,0,0,0,1,0,1,0,0,236,4,93,4,1,2,30,0,15,2,60,18,5,4,7,2,0,1,0,0,0,2,0,0,0,0,0,1,0,0,254,5,106,6,1,10,37,1,20,1,83,6,9,2,4,0,0,0,0,0,1,0,0,0,0,0,0,0,0,0,27,2,7,0,0,0,4,1,3,1,6,10,0,0,1,0,0,0,0,0,0,0,0,0,0,0,0,0,0,0,0,0,0,0,0,0,0,0,0,0,0,0,0,0,0,0,0,0,0,0,0,0,0,0,0,0,0,0,0,0
330692,191,18,62,68,8,47,41,39,5,26,29,14,0,10,3,7,0,10,5,5,6,10,0,0,0,2,2,0,2,0,199,15,81,53,14,40,32,28,8,29,67,21,0,5,7,35,3,12,0,6,3,8,4,2,4,5,0,0,1,0,184,13,88,0,10,18,19,16,4,17,44,9,0,7,2,8,0,9,0,5,0,10,2,3,0,2,2,0,0,0,175,9,71,49,12,36,32,19,4,21,52,13,0,11,1,32,1,18,2,4,2,15,7,4,9,6,9,0,1,1,192,22,88,57,11,27,28,25,3,23,56,16,0,9,3,20,0,16,0,9,3,10,1,4,6,6,6,0,1,0,23,17,39,2,5,8,7,5,2,21,9,2,0,12,0,43,15,25,0,8,6,9,28,4,20,22,7,0,7,2,32,0,0,0,0,7,0,1,8,48,9,11,0,2,1,33,0,0,0,0,8,0,10,11,50,4,24,0,7,3
355453,180,9,18,46,0,89,0,168,69,2,69,2,0,16,15,5,0,37,0,0,0,5,0,2,0,12,0,14,7,2,155,5,27,73,1,40,0,133,70,0,70,9,0,8,13,3,0,25,0,0,0,3,0,0,0,10,0,5,2,1,151,4,20,29,0,47,1,106,48,0,62,4,0,11,14,4,0,10,0,0,0,1,9,6,1,4,1,2,1,0,146,6,29,67,0,30,1,121,50,1,80,5,2,6,12,1,1,2,0,0,7,0,13,8,0,0,0,1,1,1,166,10,19,59,0,44,1,95,66,1,81,11,0,9,22,0,0,0,0,0,0,0,0,0,0,0,0,0,0,0,35,12,11,45,0,6,4,94,32,1,66,0,0,5,14,3,0,0,0,0,0,4,1,0,0,2,0,0,0,0,5,0,0,0,0,0,0,6,1,0,0,0,0,0,2,2,0,0,0,0,2,0,4,0,0,0,0,0,0,4
355156,132,3,1,429,0,59,1,32,14,28,0,30,0,10,3,8,1,0,22,0,9,0,1,1,3,0,4,0,1,0,38,2,0,62,1,6,0,14,1,4,0,10,0,1,0,2,0,0,2,0,0,0,2,0,0,0,0,0,0,0,151,16,10,70,2,22,1,48,11,26,0,36,0,7,1,14,0,0,0,0,4,0,0,1,9,0,11,0,1,1,59,1,1,222,0,11,0,8,7,13,0,17,0,1,0,6,0,0,10,0,1,1,0,5,3,0,7,0,1,0,109,3,3,375,2,28,1,32,15,19,0,27,0,8,2,1,1,0,19,0,2,2,0,0,2,0,3,0,0,0,96,42,1,134,6,102,0,52,11,37,0,30,0,17,4,25,12,0,0,4,10,0,3,3,7,0,8,0,1,4,103,0,0,0,0,87,0,1,17,94,0,66,0,16,9,21,0,0,0,0,9,0,0,6,14,0,29,0,1,0
349570,43,102,0,568,3,52,0,21,24,34,0,64,0,28,4,26,6,0,9,5,6,0,41,54,11,0,48,0,9,6,23,57,0,645,2,26,0,4,18,30,0,52,0,26,2,18,7,0,23,1,2,0,22,47,14,0,45,0,4,8,30,18,0,363,0,12,0,5,14,18,0,50,0,14,4,12,7,0,2,3,9,0,19,29,11,0,16,0,6,3,35,25,0,490,5,14,0,5,29,15,0,62,0,20,7,11,3,0,11,1,11,0,26,38,14,0,41,0,3,3,41,52,0,750,0,17,0,5,25,28,0,82,0,22,6,24,5,0,12,4,10,0,30,78,17,0,48,0,3,3,31,148,0,550,8,31,0,7,46,51,0,90,0,20,1,5,8,0,0,1,3,0,3,29,3,0,22,0,3,1,0,0,0,0,0,0,0,0,0,0,0,0,0,0,0,0,0,0,0,0,0,0,0,0,0,0,0,0,0,0
342966,215,0,1,4,0,5,176,1,7,57,35,9,0,1,1,17,0,0,0,0,6,11,3,39,22,0,6,0,4,0,360,1,3,9,0,4,291,1,33,108,45,12,0,3,5,51,0,0,0,0,5,21,2,36,34,1,8,0,0,0,300,0,4,7,0,6,191,6,24,55,35,7,0,2,5,35,0,0,0,0,7,24,2,48,40,1,10,0,1,0,292,0,0,10,0,6,195,10,24,69,38,10,0,2,5,22,0,0,0,0,3,6,10,16,7,2,4,0,0,0,293,1,1,1,0,8,226,1,8,65,34,16,0,0,8,14,0,0,0,0,5,15,2,14,15,2,2,0,2,0,44,0,0,0,0,4,30,2,16,7,3,7,0,0,0,24,0,0,0,0,0,23,4,4,1,3,1,0,0,0,0,0,0,0,0,0,0,0,0,0,0,0,0,0,0,0,0,0,0,0,0,0,0,0,0,0,0,0,0,0
349576,37,0,64,0,0,0,4,0,0,3,4,0,15,3,0,45,1,154,0,0,0,53,0,0,6,15,1,113,9,2,69,0,61,0,0,0,4,0,0,0,23,2,34,0,0,112,2,162,0,2,2,87,0,0,4,33,2,132,3,1,57,0,111,0,0,1,8,0,1,2,17,1,35,1,1,72,3,140,0,0,1,55,0,1,7,24,1,124,5,4,38,0,59,0,0,0,7,0,0,1,19,1,28,3,1,65,0,142,0,0,1,50,0,1,3,16,2,115,1,0,71,0,114,0,0,0,18,0,0,2,14,0,48,3,1,63,0,168,0,0,1,58,0,0,3,15,5,109,4,0,35,230,25,0,53,2,12,1,0,5,16,1,3,24,0,16,73,9,0,41,2,2,0,0,4,6,0,4,11,0,0,0,0,0,0,0,0,0,0,1,0,0,0,1,0,31,0,0,0,0,0,0,6,0,10,0,0,0,9,1
352036,27,10,35,289,0,101,116,12,6,1,36,5,0,8,4,44,7,50,1,0,53,119,3,11,2,17,3,3,4,7,20,11,33,220,2,26,68,1,1,0,55,7,0,7,6,27,7,25,3,1,22,67,2,7,0,13,4,3,1,2,39,20,57,64,0,25,107,7,16,4,63,10,3,5,6,25,4,43,0,2,18,91,2,7,1,20,2,7,4,7,33,9,54,209,0,25,81,1,1,1,41,9,3,10,6,15,3,23,4,0,24,54,1,8,1,15,4,1,2,5,20,19,20,197,2,20,73,4,2,5,36,5,0,11,3,1,2,9,3,0,16,26,0,10,0,5,2,1,2,4,74,105,15,219,0,27,73,20,11,19,48,5,0,11,17,33,12,4,0,1,9,26,2,2,8,13,2,2,1,6,34,0,0,0,0,2,0,11,3,10,0,30,0,4,46,98,0,0,0,0,16,0,19,6,36,0,21,0,17,51
357771,8,0,3,0,0,0,4,0,0,0,3,1,0,0,0,326,1,13,0,1,4,225,26,25,1,30,6,8,1,2,0,0,0,0,0,0,0,0,0,0,0,0,0,0,0,324,4,15,0,0,3,274,20,41,1,23,2,5,0,1,0,0,0,0,0,0,0,0,0,0,0,0,0,0,0,276,2,11,0,0,1,260,10,27,0,20,6,4,0,2,0,0,0,0,0,0,0,0,0,0,0,0,0,0,0,319,0,9,0,0,3,261,22,37,1,29,7,5,0,4,0,0,0,0,0,0,0,0,0,0,0,0,0,0,0,285,6,21,0,1,4,255,19,30,2,18,0,7,0,6,22,19,6,0,0,1,6,1,3,0,5,0,0,0,0,57,21,1,0,0,1,18,6,17,1,2,3,0,1,0,14,0,0,0,0,0,0,0,2,1,0,1,0,0,1,41,0,0,0,0,0,0,3,13,1,0,3,0,2,0
356964,1,3,0,0,1,18,0,18,2,0,0,0,0,1,3,99,17,4,0,21,182,15,296,27,2,0,3,6,4,5,0,0,0,0,0,0,0,0,0,0,0,0,0,0,0,107,20,0,0,8,144,1,277,32,8,0,0,0,7,2,0,0,0,0,0,0,0,0,0,0,0,0,0,0,0,82,18,0,0,16,123,1,258,26,7,0,5,0,6,5,0,0,0,0,0,0,0,0,0,0,0,0,0,0,0,112,12,3,0,20,147,1,285,19,4,0,6,0,4,11,0,0,0,0,0,0,0,0,0,0,0,0,0,0,0,68,17,0,0,6,120,0,166,19,3,0,4,0,4,2,5,6,0,3,0,3,0,3,0,0,0,0,0,0,2,0,2,0,0,0,0,0,0,0,0,0,0,0,0,0,0,0,0,0,0,0,0,0,0,0,0,0,0,0,0,0,0,0,0,0,0,0,0,0,0,0,0,0,0,0
358126,21,122,1,151,154,12,0,38,0,10,0,6,0,6,1,11,71,1,1,101,6,0,3,2,3,0,4,0,6,0,30,147,2,229,145,8,0,35,0,5,0,6,1,5,0,22,92,0,8,124,8,0,9,0,4,0,8,0,4,0,23,157,2,2,130,5,0,86,1,9,0,8,0,6,1,25,81,0,0,129,9,0,2,5,23,0,9,0,13,0,33,141,3,197,102,6,0,38,1,11,0,7,1,8,0,4,60,1,2,65,2,0,6,0,11,0,3,0,9,1,34,135,0,199,120,3,0,36,1,7,0,3,0,4,0,12,76,0,0,76,2,0,2,1,10,0,2,0,3,0,9,260,0,22,138,4,0,5,0,7,0,0,0,20,2,1,54,0,0,36,4,0,0,1,4,0,1,0,6,0,0,0,0,0,0,0,0,0,0,0,0,0,0,0,0,0,0,0,0,0,0,0,0,0,0,0,0,0,0,0
358128,41,30,52,46,19,7,8,7,1,6,12,2,9,14,0,110,36,195,0,87,0,73,25,0,11,45,7,119,28,1,29,50,44,39,18,3,4,1,0,2,12,5,11,21,0,125,27,223,2,75,0,79,14,6,14,53,5,132,33,3,27,26,35,0,17,1,4,0,3,6,7,1,6,35,0,119,22,202,0,51,1,74,18,7,5,55,7,129,30,0,28,14,41,28,11,1,3,1,1,2,9,0,9,25,0,125,18,191,0,56,3,57,17,6,11,39,5,121,27,2,16,18,12,13,11,1,2,0,1,2,2,2,6,1,0,119,33,190,0,65,0,76,24,5,5,39,6,107,28,0,23,115,31,1,35,0,6,6,4,4,29,3,9,18,1,7,36,9,0,43,0,9,3,0,5,0,1,2,8,0,32,0,0,0,0,6,0,2,5,35,0,5,0,59,1,20,0,0,0,0,1,0,1,8,24,0,8,0,25,0
355205,72,88,9,200,57,53,4,16,5,39,0,27,0,30,18,16,56,8,0,63,15,3,15,1,29,0,12,3,12,5,41,72,1,223,58,24,0,10,2,44,0,15,0,30,6,5,58,0,3,45,15,0,6,2,15,0,13,0,8,1,31,70,12,33,55,17,1,11,2,30,0,9,1,28,8,17,68,7,0,69,18,2,21,4,22,0,21,3,7,5,29,88,0,203,62,28,0,8,4,29,0,30,0,20,6,10,59,0,12,77,13,0,6,5,20,0,19,0,13,9,25,76,1,177,40,10,0,9,3,50,0,10,0,17,6,2,51,0,14,44,14,0,1,2,8,0,4,0,10,0,11,11,0,0,3,8,0,0,1,8,0,0,0,4,1,0,3,0,0,1,0,0,0,0,1,0,0,0,0,0,34,0,0,0,0,50,0,20,1,110,0,67,0,29,52,17,0,0,0,0,24,0,16,1,59,0,34,0,13,43
359336,3,21,0,0,11,3,0,1,0,1,0,2,0,2,0,9,117,0,0,96,8,0,2,17,10,0,4,0,13,0,3,13,0,6,11,1,0,1,1,2,0,1,0,1,0,7,116,0,0,106,4,0,1,10,15,0,4,0,6,1,2,0,0,0,0,0,0,0,1,3,0,0,0,2,0,5,57,0,0,66,2,0,0,7,18,0,6,0,17,0,0,0,0,0,0,0,0,0,0,0,0,0,0,0,0,9,87,0,0,76,3,0,3,14,8,0,2,0,16,2,0,0,0,0,0,0,0,0,0,0,0,0,0,0,0,8,87,0,0,96,9,0,9,14,18,0,7,0,10,0,0,85,0,0,19,5,0,0,2,11,0,1,0,10,1,0,27,0,0,16,2,0,1,1,1,0,0,0,8,0,0,0,0,0,0,0,0,0,0,0,0,0,0,0,0,0,0,0,0,0,0,0,0,0,0,0,0,0,0,0
346330,212,0,0,18,0,39,70,60,12,6,20,12,0,5,14,91,0,0,0,0,42,23,59,6,6,4,5,0,2,23,180,0,3,15,0,54,71,59,10,12,24,8,0,7,18,131,0,0,0,0,49,27,71,10,1,3,8,0,7,23,167,0,4,0,0,26,60,60,9,9,19,5,0,4,19,86,0,0,0,0,30,11,61,4,5,4,9,0,2,22,184,0,0,19,0,33,57,49,8,7,16,12,0,2,8,7,0,0,0,0,1,2,0,1,0,0,1,0,0,0,197,0,2,24,0,24,62,43,13,6,16,11,0,4,11,85,0,0,0,0,21,16,45,4,3,4,5,0,2,15,225,78,0,115,0,78,32,95,12,15,3,14,0,4,21,24,0,1,0,0,33,13,33,5,4,2,1,0,2,2,5,0,0,0,0,3,0,0,1,2,0,1,0,0,6,30,0,0,0,0,30,0,8,4,2,0,5,0,1,3
358607,2,1,9,1,1,0,5,0,0,0,0,0,2,3,0,48,49,61,0,40,9,136,1,8,9,8,4,23,6,9,0,0,0,0,0,0,0,0,0,0,0,0,0,0,0,70,60,116,0,29,20,152,4,3,10,23,8,36,13,10,0,0,0,0,0,0,0,0,0,0,0,0,0,0,0,52,63,111,0,45,16,166,1,9,4,27,7,31,13,12,0,0,0,0,0,0,0,0,0,0,0,0,0,0,0,73,48,99,0,26,17,156,8,12,6,26,6,26,11,8,0,0,0,0,0,0,0,0,0,0,0,0,0,0,0,57,57,119,0,27,18,167,7,9,5,22,7,35,9,9,13,13,9,4,3,0,7,0,0,2,2,1,0,3,1,5,17,2,0,5,0,8,0,0,0,0,0,0,2,1,0,0,0,0,0,0,0,0,0,0,0,0,0,0,0,0,0,0,0,0,0,0,0,0,0,0,0,0,0,0
350433,37,22,0,319,2,52,0,2,8,172,0,17,0,23,0,4,1,0,0,0,4,0,0,4,3,0,0,0,1,0,45,51,0,383,0,56,0,5,12,174,0,16,0,19,0,1,0,0,3,0,1,0,0,19,6,0,3,0,1,0,35,34,0,379,1,48,0,6,11,167,0,8,0,29,0,9,0,0,0,0,0,0,0,0,6,0,0,0,0,0,45,60,0,324,1,36,0,6,29,153,0,8,0,25,1,3,3,0,2,1,0,0,1,25,11,0,0,0,0,0,54,40,0,352,0,27,0,6,9,166,0,16,0,18,0,0,0,0,3,0,0,0,0,0,0,0,0,0,0,0,32,50,0,298,1,9,0,0,4,101,0,8,0,30,2,0,1,0,0,0,0,0,0,0,7,0,3,0,2,0,73,0,0,0,0,72,0,1,4,181,0,21,0,16,0,0,0,0,0,0,0,0,0,0,5,0,0,0,0,0
358603,4,0,31,0,0,0,6,0,0,0,9,1,2,1,0,85,32,68,0,17,7,155,6,13,12,39,9,49,6,7,5,6,17,0,3,0,1,0,0,0,5,1,0,0,0,90,27,124,0,34,1,153,13,5,9,55,12,66,3,9,13,6,71,0,4,0,5,0,2,3,15,0,17,3,1,99,25,91,0,25,1,155,7,6,5,27,10,67,13,4,9,3,89,0,0,0,9,0,0,2,13,1,11,1,0,103,24,101,0,24,2,200,5,11,6,36,11,69,8,11,0,0,0,0,0,0,0,0,0,0,0,0,0,0,0,109,39,88,0,32,5,171,5,6,6,52,15,72,9,10,50,58,30,3,13,0,30,4,6,12,51,12,4,9,3,15,41,16,0,20,0,31,0,4,17,29,2,5,8,1,5,0,0,0,0,0,0,0,1,3,0,0,0,0,2,8,0,0,0,0,0,0,3,0,6,0,2,0,2,0
358214,7,0,0,0,0,0,8,0,1,0,0,0,0,2,0,187,23,36,0,10,10,264,10,14,6,17,9,26,3,9,16,0,0,0,0,1,1,0,2,0,0,0,1,0,0,178,26,53,0,32,11,244,10,17,12,21,11,26,6,8,0,0,0,0,0,0,0,0,0,0,0,0,0,0,0,157,23,30,0,18,7,245,6,14,13,10,7,23,9,10,0,0,0,0,0,0,0,0,0,0,0,0,0,0,0,182,22,23,0,11,12,215,3,14,7,17,11,23,9,9,9,0,1,0,0,0,5,0,0,1,1,0,3,1,0,164,31,30,0,34,12,186,6,5,5,9,14,29,14,3,21,8,2,0,0,1,5,0,1,0,1,3,0,0,0,12,12,1,0,5,0,10,0,2,2,1,4,1,1,0,2,0,0,0,0,0,0,0,1,3,0,1,0,3,0,37,0,0,0,0,1,0,5,7,4,0,5,0,1,0
358608,21,10,0,35,2,5,1,13,1,5,0,3,0,1,2,65,53,1,0,67,12,0,41,10,29,0,14,0,7,5,25,8,0,163,13,16,0,3,2,9,0,3,0,1,0,101,102,0,34,113,31,1,81,17,36,1,21,0,20,1,49,45,0,0,38,3,0,19,2,16,2,10,0,8,5,73,68,0,0,70,23,2,95,11,17,1,12,0,8,0,48,10,0,90,10,3,0,6,3,1,4,3,0,4,0,95,104,0,1,98,32,2,91,18,42,0,28,0,8,12,9,2,0,42,0,0,0,0,0,2,0,1,0,2,1,99,103,0,0,121,27,3,86,14,40,1,19,0,22,6,0,0,0,0,0,0,0,0,0,0,0,0,0,0,0,67,139,0,0,128,30,27,103,18,48,2,10,0,24,6,0,0,0,0,0,0,0,0,0,0,0,0,0,0,0,0,0,0,0,0,0,0,0,0,0,0,0,0,0,0
331510,0,0,0,0,0,0,0,0,0,0,0,0,0,0,0,188,13,13,0,8,96,48,79,14,39,0,34,0,7,22,1,0,0,2,0,2,0,2,0,1,0,0,0,0,0,181,13,5,3,7,121,46,85,17,29,0,32,0,10,21,0,0,0,0,0,0,0,0,0,0,0,0,0,0,0,173,11,6,0,17,97,41,85,23,27,0,33,0,5,17,0,0,0,0,0,0,0,0,0,0,0,0,0,0,0,194,10,2,0,10,112,43,98,11,46,0,32,1,11,21,0,0,0,0,0,0,0,0,0,0,0,0,0,0,0,207,11,6,0,7,103,53,96,20,43,0,38,1,6,14,0,0,0,0,0,0,0,0,0,0,0,0,0,0,0,14,0,0,0,1,4,0,3,0,2,0,3,0,1,7,0,0,0,0,0,0,0,0,0,0,0,0,0,0,0,0,0,0,0,0,0,0,0,0,0,0,0,0,0,0
350439,1,65,1,0,0,4,0,0,5,3,0,1,0,7,0,26,19,48,6,0,4,98,1,4,4,5,17,2,0,11,3,58,0,4,0,1,0,0,4,4,0,2,0,0,0,84,36,45,0,0,7,47,0,2,3,8,9,0,1,2,3,45,0,0,1,1,0,1,1,4,0,5,0,1,0,72,39,25,0,0,7,75,2,11,9,3,26,0,0,3,7,42,0,16,0,1,0,1,1,5,0,5,0,0,0,78,55,17,2,0,1,46,6,10,10,5,11,0,1,5,4,39,0,0,0,0,0,2,3,7,0,5,0,1,1,44,66,29,0,0,1,74,1,11,10,3,12,1,1,7,0,13,0,0,0,0,0,1,1,1,0,0,0,0,0,7,15,1,0,0,1,1,1,0,2,1,0,0,2,0,0,0,0,0,0,0,0,0,0,0,0,0,0,0,0,0,0,0,0,0,0,0,0,0,0,0,0,0,0,0
355619,1,1,0,17,3,1,0,0,4,1,0,0,0,1,1,114,22,11,2,8,115,11,93,126,17,0,12,0,12,12,6,4,2,14,0,4,1,0,7,1,0,0,0,0,1,85,26,9,15,4,121,9,83,162,15,0,15,0,15,7,6,4,1,0,2,3,0,2,12,4,0,0,0,0,0,75,26,6,0,11,115,9,44,117,12,0,5,1,5,14,4,8,4,0,0,3,0,6,7,1,0,0,0,0,0,67,28,3,0,6,125,1,87,119,10,0,12,0,6,11,0,0,0,0,0,0,0,0,0,0,0,0,0,0,0,85,23,7,0,8,128,15,76,148,20,0,8,0,12,11,4,5,0,1,1,3,1,3,5,0,0,0,0,0,5,1,0,0,0,0,0,1,1,0,1,0,0,0,0,1,15,0,0,0,0,37,0,0,3,12,0,5,0,2,0,32,0,0,0,0,29,0,0,6,11,0,10,0,5,0
355492,13,5,0,163,0,33,0,2,26,62,0,6,0,13,1,0,0,0,6,0,0,0,0,8,1,0,0,0,0,0,24,13,0,205,0,32,0,4,23,68,0,8,0,22,1,0,0,0,6,0,1,0,0,4,1,0,1,0,0,0,14,13,0,70,1,34,0,4,13,75,0,2,0,15,2,0,0,0,5,0,0,0,0,0,0,0,0,0,1,0,20,6,0,181,0,50,0,2,30,73,0,6,0,14,1,0,2,0,1,0,1,0,0,1,0,0,0,0,0,0,15,7,0,118,0,20,0,3,29,70,0,12,0,11,0,3,0,0,8,0,1,0,0,2,0,0,0,0,0,0,0,0,0,0,0,0,0,0,0,0,0,0,0,0,0,0,0,0,0,0,0,0,0,0,0,0,0,0,0,0,0,0,0,0,0,0,0,0,0,0,0,0,0,0,0,0,0,0,0,0,0,0,0,0,0,0,0,0,0,0
355050,93,24,49,104,2,83,22,19,86,4,98,17,0,5,15,3,1,23,0,0,0,1,0,2,3,5,1,13,3,3,50,19,42,97,4,46,8,18,60,0,97,22,1,5,4,4,2,11,0,1,0,4,0,1,0,11,3,3,0,2,65,18,51,31,5,44,3,17,66,5,103,19,1,0,7,2,0,9,0,1,4,1,9,7,0,3,0,4,1,2,51,22,49,48,1,46,9,22,58,2,91,29,0,4,17,1,4,6,0,2,4,0,13,7,0,2,0,1,0,1,63,21,32,69,3,37,8,7,67,1,79,13,0,1,10,3,1,4,0,1,1,1,0,0,0,3,0,2,2,1,26,22,7,44,1,7,2,7,28,2,45,7,0,0,4,2,3,0,0,0,0,0,0,0,0,4,0,0,0,0,3,0,0,0,0,0,0,0,2,0,0,0,0,1,2,24,0,0,0,0,21,0,0,5,1,0,7,0,0,4
341298,22,0,17,0,0,0,23,2,11,0,11,2,5,0,2,30,6,30,0,0,4,177,5,13,0,11,2,21,0,2,27,3,26,1,0,2,21,1,21,0,15,0,1,0,2,26,2,48,1,3,7,169,8,36,0,16,5,44,0,8,23,1,31,1,0,1,22,0,22,0,4,2,3,0,1,25,12,32,0,5,5,175,7,16,0,12,5,30,2,9,11,2,8,1,0,2,16,1,15,0,5,1,0,0,0,33,5,44,0,1,2,195,4,21,2,13,6,22,1,4,0,0,0,0,0,0,0,0,0,0,0,0,0,0,0,48,11,34,0,3,2,147,14,38,2,12,5,27,1,6,0,0,0,0,0,0,0,0,0,0,0,0,0,0,0,0,0,0,0,0,0,0,0,0,0,0,0,0,0,0,0,0,0,0,0,0,0,0,0,0,0,0,0,0,0,0,0,0,0,0,0,0,0,0,0,0,0,0,0,0
357073,2,0,0,0,0,0,0,0,0,0,0,0,0,0,0,66,218,35,0,168,55,39,15,21,3,0,12,21,31,6,2,5,3,6,2,3,5,0,1,0,0,1,0,0,0,37,203,21,0,185,40,29,15,20,1,0,9,12,31,1,1,6,1,0,2,4,5,0,0,0,0,0,0,0,0,51,194,22,0,154,42,33,16,27,1,0,7,18,30,6,5,4,7,0,3,0,0,0,0,0,0,0,1,1,0,46,190,37,0,178,53,26,16,22,0,0,4,13,19,8,1,6,2,0,5,0,1,2,0,0,0,0,1,2,0,54,172,35,0,132,60,54,17,25,2,0,7,19,32,6,25,367,13,93,71,19,14,6,20,0,0,8,1,29,0,1,97,3,0,43,1,3,2,4,0,0,0,0,6,0,0,0,0,0,0,0,0,0,0,0,0,0,0,0,0,0,0,0,0,0,0,0,0,0,0,0,0,0,0,0
356484,17,0,48,0,0,0,4,0,0,1,44,2,3,6,13,91,50,197,0,8,0,24,15,1,1,89,8,39,5,19,39,1,75,0,0,0,4,0,1,0,58,4,7,7,19,93,40,157,0,16,3,7,9,5,2,98,14,27,5,14,43,0,67,0,0,0,2,0,0,1,69,3,5,3,11,72,64,131,0,21,1,9,5,1,1,72,17,16,9,20,7,0,54,0,0,0,2,0,0,1,39,2,3,3,8,87,21,161,0,10,1,11,9,1,0,83,9,37,8,15,43,0,65,0,0,0,4,0,0,2,67,2,5,7,22,79,64,131,0,18,2,13,5,1,1,68,20,24,7,11,51,77,92,71,1,0,22,0,3,2,97,17,8,14,30,4,37,14,0,13,3,6,0,1,0,9,1,0,0,1,0,0,0,0,0,0,0,0,0,0,0,0,0,0,0,0,0,0,0,0,0,0,0,0,0,0,0,0,0,0
347687,387,1,10,1,0,4,39,15,4,15,64,56,0,8,12,125,0,2,0,0,0,18,19,9,2,16,3,0,4,2,541,1,17,9,0,2,40,12,6,10,142,59,0,9,6,103,1,5,0,0,1,19,11,27,5,10,11,0,2,1,416,0,12,0,0,1,31,3,2,9,94,36,0,8,10,90,1,7,0,0,2,27,11,10,3,22,7,0,6,0,475,0,12,3,0,4,40,19,6,17,85,53,0,14,13,80,0,2,0,0,3,6,20,10,8,11,8,0,7,1,514,0,21,8,0,1,30,12,7,12,90,78,0,10,11,99,1,2,0,0,0,6,17,11,4,7,7,0,2,0,90,8,11,0,0,7,26,13,10,23,74,20,0,22,1,69,3,10,0,0,2,46,23,12,11,24,14,0,4,1,16,0,0,0,0,1,0,1,3,8,0,3,0,31,0,24,0,0,0,0,4,0,3,4,20,0,14,0,14,1
355113,44,238,4,208,71,5,0,2,0,13,0,7,1,19,0,5,31,0,2,32,15,0,1,0,5,0,0,0,2,0,37,147,5,226,66,17,0,19,0,22,0,10,0,7,1,20,51,0,0,42,41,0,6,1,11,0,5,0,4,1,25,196,0,23,112,18,1,75,0,14,0,6,0,17,4,25,78,0,1,86,48,0,5,2,21,0,1,0,7,1,44,199,0,176,79,14,0,12,2,23,0,9,1,10,2,11,56,0,1,77,55,0,10,1,21,0,5,0,4,1,51,179,4,199,68,17,4,30,0,21,0,12,0,7,0,30,83,1,0,70,36,0,6,0,17,0,13,0,9,0,6,275,4,23,68,15,0,5,1,17,0,6,0,13,0,2,62,0,0,35,2,0,1,0,2,0,0,0,6,0,11,0,0,0,0,8,0,2,1,41,0,3,0,31,0,58,0,0,0,0,32,0,9,3,135,0,39,0,51,3
355446,66,0,249,0,0,2,26,0,2,12,47,13,21,3,4,25,0,118,0,0,1,27,0,0,0,33,2,44,3,21,81,0,254,0,0,0,19,0,1,13,81,2,19,4,6,27,1,121,0,0,0,22,0,0,4,42,2,53,0,16,76,0,217,0,0,0,13,0,0,4,46,11,16,7,4,33,0,118,0,1,0,8,0,1,5,31,3,51,1,5,83,0,230,0,0,0,24,0,0,3,42,6,28,3,4,14,1,81,0,6,0,23,0,0,1,23,2,40,0,9,109,1,237,0,1,1,21,0,0,6,54,9,8,3,1,36,0,142,0,0,0,17,0,0,4,17,3,53,2,21,70,86,149,0,9,0,50,1,0,4,37,9,19,3,7,5,5,15,0,0,0,6,0,0,2,2,1,1,0,0,0,0,0,0,0,0,0,0,0,0,0,0,0,0,0,0,0,0,0,0,0,0,0,0,0,0,0,0,0,0
355117,88,15,0,171,0,30,0,4,21,119,0,8,0,19,5,1,3,0,0,1,0,0,0,0,1,0,5,0,0,0,71,38,0,191,0,30,0,3,33,117,0,13,0,28,9,6,3,0,11,0,0,0,0,4,6,0,1,0,1,0,84,28,0,87,0,33,0,7,9,110,0,9,0,19,3,4,1,0,5,0,0,0,1,1,4,0,1,0,6,0,63,45,0,112,0,35,0,1,29,109,0,4,0,12,3,2,3,0,4,0,0,0,0,3,3,0,1,0,1,0,76,34,0,232,2,24,0,5,18,97,0,10,0,20,2,5,3,0,4,1,3,0,0,0,2,0,0,0,0,0,6,7,0,0,0,16,0,0,2,85,0,6,0,5,0,2,0,0,0,0,1,0,0,1,0,0,0,0,0,0,7,0,0,0,0,8,0,0,1,92,0,6,0,12,1,0,0,0,0,0,0,0,0,0,4,0,0,0,0,0
356356,126,7,61,190,1,25,26,10,31,12,109,37,0,7,28,3,15,5,0,14,4,8,1,2,4,4,4,1,4,1,106,19,57,194,3,10,7,2,14,7,190,48,1,2,15,0,6,4,0,5,1,3,1,0,0,7,1,1,1,0,84,14,53,36,2,8,11,1,16,8,155,24,0,1,15,0,0,0,0,0,0,0,0,0,0,0,0,0,0,0,84,13,49,169,0,16,10,1,22,2,147,34,3,3,13,2,7,3,0,3,0,1,0,0,0,5,0,0,2,0,114,7,62,206,0,16,17,6,23,4,158,40,0,10,22,1,12,7,0,8,1,3,0,0,2,6,1,0,0,0,0,0,0,0,0,0,0,0,0,0,0,0,0,0,0,0,0,0,0,0,0,0,0,0,0,0,0,0,0,0,0,0,0,0,0,0,0,0,0,0,0,0,0,0,0,0,0,0,0,0,0,0,0,0,0,0,0,0,0,0
348566,251,0,25,0,0,6,66,8,18,8,30,9,2,4,10,0,0,0,0,0,0,0,0,0,0,0,0,0,0,0,288,0,34,0,0,3,86,5,26,5,41,15,2,0,4,43,0,3,0,0,3,20,8,3,0,5,4,0,0,3,242,2,29,0,0,0,69,12,31,4,37,18,1,0,4,23,0,4,0,0,2,19,4,3,0,3,1,1,0,0,217,0,30,0,0,4,47,6,23,5,30,12,2,1,2,61,2,4,0,0,0,24,1,5,2,6,8,2,0,2,307,0,40,0,0,4,72,5,42,6,58,21,4,2,1,0,0,0,0,0,0,0,0,0,0,0,0,0,0,0,33,7,0,0,1,0,6,2,8,1,14,6,0,0,0,0,0,0,0,0,0,0,0,0,0,0,0,0,0,0,0,0,0,0,0,0,0,0,0,0,0,0,0,0,0,0,0,0,0,0,0,0,0,0,0,0,0,0,0,0
333386,38,19,0,394,0,69,0,16,14,47,0,14,0,12,2,1,0,0,13,0,3,0,0,0,0,0,0,0,0,0,29,12,0,444,0,62,0,12,24,56,0,10,0,17,6,5,0,0,19,0,0,0,1,5,0,0,1,0,1,0,31,19,0,195,1,56,0,5,15,37,0,10,0,26,2,0,0,0,0,0,1,0,0,0,3,0,2,0,0,0,31,6,0,319,1,35,0,14,23,38,0,11,0,11,2,1,1,0,12,0,0,0,1,1,1,0,0,0,0,0,29,6,0,329,0,56,0,5,21,38,0,10,0,13,4,2,0,0,13,0,0,0,0,1,0,0,0,0,0,0,16,92,0,176,0,50,0,4,5,32,0,8,0,7,2,2,2,0,0,0,5,0,0,3,7,0,0,0,0,0,0,0,0,0,0,0,0,0,0,0,0,0,0,0,0,0,0,0,0,0,0,0,0,0,0,0,0,0,0,0
355567,0,0,0,0,0,0,0,0,0,0,0,0,0,0,0,115,95,1,0,27,55,0,46,40,55,0,22,0,21,40,0,0,0,0,0,0,0,0,0,0,0,0,0,0,0,104,68,0,17,22,76,0,45,38,73,0,35,0,13,41,0,11,0,0,5,0,0,0,0,0,0,0,0,0,0,89,64,0,0,25,50,0,60,12,69,0,27,0,12,26,0,0,0,0,0,0,0,0,0,0,0,0,0,0,0,103,65,0,1,23,65,1,51,39,67,0,27,0,11,43,0,0,0,0,0,0,0,0,0,0,0,0,0,0,0,129,74,0,2,20,81,0,57,44,87,0,30,0,6,43,2,52,0,3,12,13,0,1,1,8,0,4,0,6,2,28,63,0,0,23,49,0,16,14,56,0,22,0,5,33,19,0,0,0,0,8,0,1,5,43,0,7,0,3,12,26,0,0,0,0,23,0,0,6,56,0,29,0,7,15
351929,0,0,0,0,0,0,0,0,0,0,0,0,0,0,0,118,46,54,0,32,43,40,118,14,10,0,8,14,17,50,0,1,0,0,0,0,0,1,1,0,0,0,0,0,0,129,39,46,0,23,22,26,60,24,6,0,8,17,14,34,0,0,0,0,0,0,0,0,0,2,0,0,0,0,4,133,37,35,0,16,38,35,100,23,12,0,9,17,17,41,0,0,0,0,0,0,0,0,0,0,0,0,0,0,0,153,41,75,0,33,16,55,80,42,17,0,12,24,13,46,0,0,0,0,0,0,0,0,0,0,0,0,0,0,0,123,35,73,0,32,46,48,101,22,13,0,6,30,17,48,0,0,0,0,0,0,0,0,0,0,0,0,0,0,0,149,179,8,0,99,8,24,74,21,15,0,14,1,32,89,83,0,0,0,0,19,0,9,6,31,0,13,0,40,51,134,0,0,0,0,35,0,17,8,54,0,16,0,40,57
358119,3,0,0,0,0,1,0,0,0,0,3,0,0,0,0,321,3,14,0,0,37,142,26,46,3,14,10,3,7,0,0,0,0,0,0,0,0,0,0,0,0,0,0,0,0,380,20,26,0,18,44,158,17,47,9,20,6,0,4,1,0,0,0,0,0,0,0,0,0,0,0,0,0,0,0,244,9,11,0,8,32,124,21,41,8,9,10,0,3,0,0,0,0,0,0,0,0,0,0,0,0,0,0,0,0,389,6,21,0,6,47,134,24,58,8,24,6,0,7,0,0,0,0,0,0,0,0,0,0,0,0,0,0,0,0,363,11,23,0,6,32,164,44,40,10,11,14,0,5,0,80,18,0,0,1,2,13,6,24,3,6,15,0,6,7,27,18,2,0,7,12,10,6,12,6,3,2,0,7,0,0,0,0,0,0,0,0,0,0,0,0,0,0,0,0,0,0,0,0,0,0,0,0,0,0,0,0,0,0,0
358847,19,21,0,0,9,9,0,41,4,4,0,4,0,3,6,54,56,69,0,74,106,74,117,18,15,0,5,34,11,13,2,3,1,0,0,0,3,10,1,0,0,0,0,0,0,47,67,47,0,124,60,29,84,23,13,0,10,23,11,21,13,4,0,0,3,2,0,54,3,1,0,2,0,0,7,66,66,53,0,98,63,31,87,14,22,0,6,30,6,7,10,6,0,0,1,6,0,59,8,3,0,1,0,1,3,51,68,62,0,74,67,30,106,19,9,0,6,29,9,10,20,32,43,37,15,24,28,13,5,3,0,0,9,5,6,6,7,17,0,15,5,8,2,1,0,0,0,8,0,0,6,26,1,4,20,0,17,11,1,0,0,0,0,5,0,9,170,2,0,186,8,4,4,3,2,0,1,1,17,0,105,0,0,0,0,30,0,20,1,6,0,2,0,4,3,238,0,0,0,0,76,0,45,2,12,0,8,0,9,5
351280,83,2,0,222,1,70,0,43,45,9,0,24,0,15,4,5,0,0,5,0,1,0,0,0,0,0,0,0,0,1,66,1,0,265,2,51,1,35,46,11,0,20,0,29,9,3,0,0,3,0,0,0,0,7,0,0,0,0,0,0,127,1,1,17,0,77,3,87,19,15,0,35,0,26,11,4,1,0,0,0,2,0,0,0,0,0,0,0,0,0,82,1,1,280,0,52,0,38,29,15,0,18,0,18,10,5,0,0,4,0,3,0,3,2,0,0,2,0,1,0,104,2,1,210,1,54,1,50,24,20,0,21,0,20,8,3,0,0,5,0,5,0,9,4,1,0,1,0,0,0,56,6,0,57,1,127,0,16,5,24,0,16,0,47,15,24,0,0,0,0,35,0,13,4,15,0,4,0,7,11,0,0,0,0,0,0,0,0,0,0,0,0,0,0,0,0,0,0,0,0,0,0,0,0,0,0,0,0,0,0
346346,33,33,2,94,16,2,1,0,1,0,2,6,1,3,0,230,0,86,0,1,23,144,45,7,9,59,13,74,12,6,28,28,1,71,17,14,0,0,2,1,7,4,0,4,0,221,0,79,1,0,31,160,15,2,6,52,15,46,14,8,31,28,8,1,7,5,0,1,10,2,10,13,1,6,0,221,2,103,0,0,21,116,10,10,12,36,9,62,8,6,53,38,6,93,13,4,1,5,3,2,8,8,1,6,0,231,2,104,0,0,23,116,15,5,2,34,13,73,13,13,46,39,4,114,12,10,1,3,16,3,6,10,2,9,0,224,5,92,0,3,25,116,32,6,8,42,11,68,13,16,36,28,14,3,8,2,13,5,3,4,14,3,2,14,1,28,27,4,0,15,12,22,0,3,2,9,10,1,7,2,31,0,0,0,0,2,0,0,0,11,0,13,0,10,3,19,0,0,0,0,4,0,1,6,22,0,32,0,4,2
356522,1,2,11,0,2,0,0,0,0,0,2,0,1,0,1,28,51,100,0,68,7,13,5,0,0,33,4,70,13,5,2,4,36,0,1,2,2,0,0,0,4,0,16,0,0,26,45,47,0,65,4,15,1,0,1,27,6,49,8,6,2,5,20,0,3,0,0,1,0,0,4,0,2,2,0,38,36,51,0,61,4,15,1,0,1,26,4,50,5,5,5,8,28,0,3,1,3,0,0,1,8,0,1,0,1,36,67,100,0,81,7,33,1,0,0,33,2,69,8,5,2,11,28,0,4,0,1,0,0,0,3,1,6,3,1,35,90,82,0,87,4,27,2,0,1,28,6,74,20,6,27,161,23,60,36,6,10,2,0,2,30,4,5,39,5,9,117,5,0,65,12,6,0,0,1,11,2,3,9,6,25,0,0,0,0,4,0,15,0,4,0,17,0,24,55,18,0,0,0,0,4,0,15,0,3,0,20,0,26,13
358194,18,42,0,124,34,4,0,0,2,4,0,3,0,11,1,265,81,99,6,95,6,60,10,15,11,33,19,75,34,4,38,80,19,117,42,2,1,2,6,15,7,8,6,19,4,281,58,94,4,71,13,53,25,18,22,27,22,71,17,3,38,64,13,6,26,2,3,0,1,10,6,7,6,4,1,206,61,70,0,67,5,54,17,20,10,36,18,64,19,3,55,80,16,125,48,2,4,5,3,5,5,16,0,8,1,277,47,76,0,50,3,68,17,23,14,35,27,66,16,3,23,44,0,91,34,1,0,0,3,6,0,5,0,12,1,225,82,92,0,71,2,65,2,19,22,40,22,66,27,9,36,71,18,7,14,1,8,4,6,8,17,9,6,9,0,21,55,2,0,38,3,10,2,6,6,9,4,7,8,2,48,0,0,0,0,4,0,2,8,52,0,12,0,15,3,46,0,0,0,0,2,0,6,11,41,0,23,0,16,1
358617,3,0,0,0,0,0,0,0,0,0,0,0,0,0,0,30,233,2,0,165,30,23,8,4,7,0,7,6,26,1,0,1,0,0,0,0,0,0,0,0,0,0,0,0,0,49,175,15,0,189,55,54,11,6,10,0,4,4,25,0,0,0,0,0,0,0,0,0,0,1,0,0,0,1,0,38,172,7,0,185,42,19,7,10,6,0,8,4,28,1,0,0,0,0,0,0,0,0,0,0,0,0,0,0,0,62,198,7,0,195,62,26,22,6,6,0,10,2,21,1,0,0,0,0,0,0,0,0,0,0,0,0,0,0,0,44,200,11,0,199,51,33,16,7,8,0,9,1,25,1,2,9,0,1,3,5,3,1,0,1,0,0,0,3,0,20,386,2,0,195,40,31,13,3,9,0,3,0,46,1,28,0,0,0,0,19,0,14,3,12,0,5,0,29,2,83,0,0,0,0,67,0,54,2,11,0,8,0,22,0
356565,11,1,0,183,2,25,0,10,14,21,0,5,0,53,0,0,0,0,0,0,0,0,0,0,0,0,0,0,0,0,18,17,0,346,1,42,0,17,22,46,0,13,0,80,0,1,0,0,17,0,2,0,8,1,3,0,0,0,2,0,10,9,0,0,2,50,0,12,17,56,0,10,0,91,2,0,0,0,0,0,1,0,2,0,1,0,0,0,1,0,13,24,0,266,3,42,0,21,35,24,0,9,0,79,2,2,1,0,17,0,0,0,20,0,0,0,4,0,2,0,19,20,0,279,2,42,0,18,29,50,0,17,0,99,4,2,0,0,25,0,2,0,13,0,3,0,0,0,2,1,7,31,0,6,2,51,0,4,4,70,0,10,0,133,3,0,0,0,0,0,0,0,0,0,0,0,0,0,1,0,13,0,0,0,0,13,0,1,7,52,0,4,0,99,1,0,0,0,0,0,0,0,0,0,0,0,0,0,0,0
341943,49,0,63,0,0,0,4,0,0,0,9,1,6,0,1,108,1,91,0,0,1,44,0,1,2,23,2,59,0,6,87,0,70,0,0,0,2,0,0,0,31,7,17,1,3,77,0,82,0,0,0,39,0,2,0,36,6,43,1,8,97,1,95,0,0,0,3,0,1,2,43,0,13,1,4,27,0,21,0,0,0,6,0,1,0,7,0,14,0,1,41,0,77,0,0,3,8,0,0,0,22,4,15,0,6,80,1,101,0,0,0,24,2,3,0,26,2,43,1,2,53,0,107,0,0,0,9,0,0,0,24,0,14,4,3,102,0,117,0,0,0,60,1,1,1,25,0,71,2,1,42,47,21,0,10,0,8,0,3,4,28,3,6,6,3,70,136,14,0,70,0,3,0,6,5,36,3,3,16,8,53,0,0,0,0,5,0,0,13,23,0,3,0,7,8,64,0,0,0,0,7,0,0,10,14,0,7,0,3,15
358594,3,0,19,0,0,0,1,0,3,1,3,0,3,0,2,73,80,174,0,50,6,126,2,3,3,69,15,92,4,7,10,5,46,0,2,0,8,0,0,0,17,1,6,0,1,80,52,185,0,68,4,102,4,7,1,85,11,93,6,7,7,2,49,0,3,0,8,0,0,0,9,1,12,2,0,105,52,178,0,48,6,89,2,5,2,57,14,79,3,7,10,7,57,0,4,0,10,0,0,0,32,2,12,0,0,83,76,141,0,75,6,97,0,7,1,72,10,68,2,13,10,11,104,0,6,1,16,0,0,0,30,3,10,2,1,85,44,174,0,66,4,93,5,12,1,53,7,78,8,11,15,150,23,21,37,5,2,3,8,2,29,14,0,2,8,29,176,27,0,116,10,24,3,2,4,41,13,6,8,3,4,0,0,0,0,0,0,0,1,0,0,1,0,0,0,9,0,0,0,0,0,0,0,5,1,0,4,0,0,3
357724,37,18,25,18,12,2,7,1,2,5,10,3,11,4,3,109,39,95,0,61,6,83,7,14,8,48,5,79,12,4,17,13,10,26,11,2,2,0,1,3,6,5,2,8,0,199,41,99,0,47,5,64,3,16,17,75,12,93,18,5,39,36,18,4,20,1,0,0,3,3,30,5,9,4,0,153,23,108,0,31,4,50,9,16,8,50,9,75,15,2,21,20,4,18,11,1,0,0,2,2,1,1,2,5,1,158,31,117,0,23,9,85,12,18,15,70,7,117,23,4,34,37,17,29,15,1,2,0,6,7,28,7,10,11,0,183,33,128,0,46,3,89,5,18,5,61,8,90,13,3,15,43,13,2,13,1,10,0,2,2,16,2,4,7,10,13,38,5,0,32,0,6,0,5,3,5,10,3,12,1,34,0,0,0,0,2,0,1,8,23,0,2,0,32,4,35,0,0,0,0,6,0,5,12,55,0,10,0,39,6
355283,176,18,13,174,0,48,6,87,4,1,0,20,0,5,30,2,0,0,0,0,3,0,2,0,0,0,4,0,0,1,207,30,13,153,5,14,1,130,7,1,0,36,0,2,53,0,0,0,0,0,0,0,0,0,0,0,1,0,0,0,227,37,14,41,0,33,3,130,11,0,0,39,1,10,46,2,0,0,0,0,0,0,0,0,0,0,0,0,0,0,229,20,22,228,1,28,5,157,7,2,0,36,1,8,60,0,0,0,0,0,0,0,0,0,0,0,0,0,0,0,241,34,21,172,3,34,8,103,7,0,0,40,0,8,46,0,0,0,0,0,0,0,1,0,0,0,0,0,0,0,61,59,10,16,7,4,1,25,1,4,0,33,2,3,24,18,9,1,0,1,0,0,1,1,1,0,6,0,0,9,0,0,0,0,0,0,0,0,0,0,0,0,0,0,0,0,0,0,0,0,0,0,0,0,0,0,0,0,0,0
358873,6,1,14,0,0,0,2,0,0,1,4,0,3,0,1,88,18,84,0,18,53,128,7,24,14,22,4,50,8,5,0,0,0,0,0,0,0,0,0,0,0,0,0,0,0,90,34,72,0,32,11,86,8,25,15,38,12,38,5,2,0,0,0,0,0,0,0,0,0,0,0,0,0,0,0,98,31,64,0,24,24,94,4,25,14,30,15,34,11,4,0,0,0,0,0,0,0,0,0,0,0,0,0,0,0,90,17,59,0,14,15,132,4,16,8,21,9,30,0,6,4,2,4,0,2,0,1,0,3,0,3,0,0,0,0,54,16,81,0,14,10,106,10,17,7,37,7,35,6,4,7,5,5,0,2,1,11,0,1,5,13,4,1,1,1,20,28,7,0,7,5,44,3,7,13,17,1,4,5,0,0,0,0,0,0,0,0,0,0,1,0,0,0,0,0,5,0,0,0,0,2,0,2,3,17,0,1,0,0,0
356314,4,104,0,76,157,3,0,13,1,4,0,5,0,16,0,15,189,0,3,273,6,0,6,5,15,0,3,0,20,0,7,82,0,67,123,1,0,4,3,3,0,7,0,7,0,8,148,0,3,303,8,0,5,3,12,0,3,0,20,0,7,58,0,0,99,2,0,6,1,2,0,3,0,6,0,11,146,0,0,275,7,0,9,3,11,0,1,1,12,0,7,78,0,73,129,6,0,5,2,6,0,2,0,10,0,12,162,0,4,282,12,0,10,2,19,0,3,0,21,1,5,69,1,88,102,4,0,0,2,4,0,2,0,6,0,9,143,1,0,209,5,1,8,3,14,0,5,0,16,0,0,0,0,0,0,0,0,0,0,0,0,0,0,0,0,5,275,0,0,298,32,0,2,2,17,0,5,0,35,1,7,0,0,0,0,21,0,2,5,73,0,5,0,96,7,2,0,0,0,0,24,0,1,9,83,0,10,0,62,5
340051,308,0,0,9,0,9,196,6,20,51,33,9,0,2,2,29,1,0,0,0,4,17,9,37,16,2,3,0,0,0,379,0,0,10,0,11,270,2,20,90,45,4,0,2,1,52,0,0,0,0,4,21,13,47,27,1,6,0,0,2,256,0,0,6,0,8,205,0,20,49,24,3,0,3,1,54,1,0,0,0,8,24,2,45,34,3,8,0,3,0,222,0,0,7,0,3,165,2,13,59,34,7,0,3,2,28,0,0,0,0,1,15,3,8,7,1,0,0,0,0,304,0,1,1,0,3,260,2,17,73,38,12,0,0,5,17,0,0,0,0,2,16,1,13,22,2,0,0,0,0,64,0,1,0,0,9,6,4,22,37,9,10,0,4,1,80,0,2,0,0,2,32,10,18,3,8,6,0,0,1,82,0,0,0,0,6,0,1,41,79,0,9,0,2,8,151,0,0,0,0,1,0,1,53,23,0,26,0,0,2
345221,125,7,0,417,0,26,0,31,6,19,0,23,0,4,5,4,1,0,11,1,4,0,0,5,6,0,4,0,0,0,144,7,0,491,1,15,0,34,18,31,0,41,0,10,1,10,0,0,8,0,3,0,8,14,8,0,11,0,0,0,179,27,0,59,23,19,0,28,11,21,0,51,0,6,6,15,6,0,0,0,4,0,6,11,9,0,8,0,5,0,216,12,0,384,8,26,0,47,16,22,0,40,0,7,1,13,1,0,11,1,1,0,8,16,6,0,9,0,1,0,189,1,0,522,1,11,0,38,13,29,0,21,0,7,13,16,0,0,11,0,4,0,1,8,11,0,10,0,0,1,36,14,0,43,0,4,0,14,9,8,0,19,0,1,1,2,1,0,0,0,1,0,3,3,1,0,4,0,1,0,12,0,0,0,0,14,0,2,11,28,0,11,0,4,1,2,0,0,0,0,1,0,0,0,2,0,3,0,1,0
353424,91,4,4,178,0,108,5,121,10,7,0,15,0,6,11,18,1,0,1,0,9,1,13,6,4,0,9,0,2,3,111,11,10,219,0,74,2,153,9,7,0,29,1,7,10,10,0,0,7,0,22,1,3,3,6,0,6,0,1,5,56,13,2,13,2,135,0,137,6,16,0,15,0,6,11,3,4,2,0,0,8,0,25,4,6,0,8,0,1,4,80,24,1,158,0,73,0,130,3,4,0,17,0,7,7,17,3,0,2,0,24,0,9,5,5,0,10,0,2,1,70,10,6,185,2,103,6,66,1,10,0,13,0,10,8,16,3,1,0,0,12,6,0,6,5,0,2,1,3,1,27,26,2,24,4,9,0,4,4,11,0,4,0,5,1,5,11,1,0,4,16,0,7,0,13,0,7,0,3,1,12,0,0,0,0,3,0,0,1,6,0,1,0,1,10,48,0,0,0,0,11,0,2,4,39,0,31,0,3,22
356259,19,10,1,0,2,14,0,3,0,4,0,3,0,0,1,30,9,1,0,0,25,0,8,4,10,0,5,1,2,10,0,0,0,0,0,0,0,0,0,0,0,0,0,0,0,59,49,4,6,15,54,0,73,6,29,0,5,0,11,8,3,0,0,0,0,5,0,0,1,0,0,0,0,0,2,48,55,9,0,14,114,1,75,4,16,0,20,2,8,11,0,0,0,0,0,0,0,0,0,0,0,0,0,0,0,67,43,5,0,13,113,0,85,2,18,0,6,1,6,8,0,0,0,0,0,0,0,0,0,0,0,0,0,0,0,78,58,2,0,15,96,0,84,7,23,0,15,0,5,16,5,10,1,0,0,4,0,0,0,2,0,2,0,1,0,106,89,0,0,11,229,0,35,3,122,0,68,0,15,72,26,0,0,0,0,40,0,6,2,22,0,28,0,5,19,52,0,0,0,0,85,0,24,2,62,0,33,0,5,41
355144,305,2,100,9,0,9,53,3,38,10,60,13,3,2,5,0,0,0,0,0,0,0,0,0,0,0,0,0,0,0,314,0,118,5,0,2,20,2,52,14,70,9,3,0,10,0,0,0,0,0,0,0,0,0,0,0,0,0,0,0,238,1,79,8,1,2,25,4,51,8,67,18,1,2,4,0,0,0,0,0,0,0,0,0,0,0,0,0,0,0,284,4,106,11,0,0,20,0,61,8,73,10,9,1,4,0,0,0,0,0,0,0,0,0,0,0,0,0,0,0,291,3,114,9,0,3,31,0,73,13,78,10,4,0,4,0,0,0,0,0,0,0,0,0,0,0,0,0,0,0,79,7,18,9,0,2,13,0,13,3,13,4,0,0,4,4,2,0,0,0,3,0,2,0,0,1,0,0,0,2,23,0,0,0,0,0,0,0,4,1,0,2,0,1,3,34,0,0,0,0,3,0,2,11,2,0,6,0,0,1
355145,0,0,0,0,0,0,0,0,0,0,0,0,0,0,0,215,13,77,0,5,3,125,2,1,2,28,5,78,10,9,0,0,0,0,0,0,0,0,0,0,0,0,0,0,0,263,7,84,0,19,2,117,0,3,1,29,5,78,13,7,0,0,0,0,0,0,0,0,0,0,0,0,0,0,0,197,5,85,0,5,2,107,0,2,2,27,3,72,11,8,0,0,0,0,0,0,0,0,0,0,0,0,0,0,0,239,7,78,0,15,2,140,2,6,3,23,10,74,13,8,0,0,0,0,0,0,0,0,0,0,0,0,0,0,0,267,21,95,0,16,5,130,3,3,3,26,4,74,12,9,0,0,0,0,0,0,0,0,0,0,0,0,0,0,0,94,125,34,0,79,33,165,10,2,17,12,4,8,18,28,57,0,0,0,0,7,0,0,1,25,0,10,0,19,36,197,0,0,0,0,19,0,2,3,55,0,9,0,31,82
357751,2,0,0,0,0,0,0,0,0,0,0,0,0,1,0,128,47,101,0,51,47,172,4,13,4,41,10,80,15,11,0,0,0,0,0,0,0,0,0,0,0,0,0,0,0,143,40,119,0,51,5,191,2,8,1,58,13,61,9,8,0,0,0,0,0,0,0,0,0,0,0,0,0,0,0,106,34,67,0,38,2,154,3,6,5,59,8,39,9,8,0,0,0,0,0,0,0,0,0,0,0,0,0,0,0,129,36,124,0,41,10,183,1,15,1,56,6,63,11,8,0,0,0,0,0,0,0,0,0,0,0,0,0,0,0,123,37,79,0,37,4,191,3,9,6,76,8,60,11,13,0,0,0,0,0,0,0,0,0,0,0,0,0,0,0,52,117,6,0,89,4,46,12,6,6,14,2,2,19,6,0,0,0,0,0,0,0,0,0,0,0,0,0,0,0,19,0,0,0,0,0,0,4,0,7,0,2,0,2,0
330001,313,0,16,33,0,21,48,44,13,7,47,24,0,11,8,0,0,0,0,0,0,1,0,0,0,0,0,0,1,0,359,0,14,40,1,7,33,44,12,6,75,61,0,3,5,7,0,0,0,0,6,8,9,4,0,1,2,0,1,0,362,2,8,2,2,2,46,34,11,5,59,25,0,3,5,0,0,0,0,0,0,0,0,0,0,0,0,0,0,0,210,1,7,3,0,8,31,27,4,2,39,16,0,3,1,6,0,0,0,0,0,5,8,1,0,0,0,0,0,0,289,0,5,29,1,6,36,46,6,6,41,24,0,7,5,0,0,0,0,0,0,0,0,0,0,0,1,0,0,0,61,5,3,1,1,8,24,18,12,13,16,13,0,2,6,49,0,2,0,0,10,52,28,3,11,5,7,0,4,0,97,0,0,0,0,7,0,7,3,79,0,27,0,8,18,77,0,0,0,0,8,0,19,14,70,0,20,0,7,10
357802,4,0,4,0,0,0,14,0,0,0,1,1,3,2,0,98,27,32,0,42,9,147,7,20,7,23,14,17,10,11,0,0,0,0,0,0,0,0,0,0,0,0,0,0,0,192,26,51,0,33,8,176,1,16,11,34,13,55,16,6,0,0,0,0,0,0,0,0,0,0,0,0,0,0,0,108,47,26,0,47,5,139,12,21,6,42,15,10,17,5,0,0,0,0,0,0,0,0,0,0,0,0,0,0,0,135,33,29,0,43,9,116,1,17,5,16,16,18,10,6,4,3,13,0,2,1,10,0,2,0,5,6,2,3,0,108,37,29,0,31,7,164,0,26,9,25,13,11,8,14,0,0,0,0,0,0,0,0,0,0,0,0,0,0,0,2,9,1,0,3,0,4,0,0,0,2,2,3,4,1,11,0,0,0,0,0,0,0,5,1,0,2,0,6,7,12,0,0,0,0,8,0,0,8,2,0,7,0,9,10
358187,4,0,0,0,0,0,0,0,0,0,0,0,0,1,0,124,57,16,0,62,8,1,98,17,2,0,13,6,7,22,2,0,0,0,0,0,0,0,0,0,0,0,0,0,0,212,61,40,0,72,20,12,97,28,3,0,12,10,5,31,0,9,0,0,0,2,0,0,1,0,0,0,0,0,0,119,70,30,0,80,32,6,90,29,4,0,1,18,10,24,0,0,0,0,0,0,0,0,0,0,0,0,0,0,0,149,87,29,0,96,41,18,27,31,2,0,3,24,11,26,0,0,0,0,0,0,0,0,0,0,0,0,0,0,0,137,108,19,0,83,54,10,51,25,2,0,17,13,15,16,0,0,0,0,0,0,0,0,0,0,0,0,0,0,0,23,217,3,0,93,7,4,4,2,1,0,2,1,21,4,0,0,0,0,0,0,0,0,0,0,0,0,0,0,0,0,0,0,0,0,0,0,0,0,0,0,0,0,0,0
351274,393,0,36,0,0,0,41,6,21,17,46,59,2,8,8,108,1,7,0,0,5,11,40,24,10,8,6,1,4,0,365,0,16,0,0,1,21,10,10,6,49,34,0,8,6,72,0,1,0,0,2,1,17,24,5,6,9,2,2,1,390,0,35,0,0,2,37,4,8,5,51,46,1,8,10,124,0,4,0,1,5,16,35,56,13,18,9,0,2,0,386,0,29,12,0,2,31,5,13,5,51,38,2,4,11,94,9,1,0,0,11,17,33,48,15,12,22,1,7,1,438,0,44,5,0,4,26,11,14,20,74,57,2,7,18,98,4,1,0,1,11,7,21,39,6,8,14,1,4,1,115,5,6,0,0,5,21,32,18,8,34,7,0,4,0,47,2,0,0,0,1,16,4,6,4,13,3,1,4,0,62,0,0,0,0,0,0,4,17,5,0,3,0,0,3,23,0,0,0,0,2,0,0,5,2,0,4,0,2,0
345331,34,24,0,258,0,125,0,13,4,30,0,15,0,25,12,0,0,0,4,0,0,0,0,0,0,0,0,0,0,0,36,11,0,253,0,111,0,13,5,24,0,14,0,24,1,0,0,0,0,0,0,0,0,0,0,0,0,0,0,0,22,9,0,216,0,102,0,9,2,25,0,14,0,51,4,1,0,0,0,0,0,0,0,0,0,0,0,0,0,0,29,5,0,306,0,106,0,4,11,29,0,13,0,36,2,3,0,0,2,0,0,0,0,0,1,0,0,0,0,1,40,4,0,316,0,101,0,3,7,32,0,12,0,36,5,0,0,0,0,0,0,0,0,0,0,0,0,0,0,0,19,43,0,214,0,72,0,7,3,43,0,20,0,47,4,1,0,0,0,0,3,0,1,0,4,0,5,0,4,0,16,0,0,0,0,36,0,1,0,35,0,9,0,46,3,0,0,0,0,0,3,0,1,0,1,0,2,0,1,0
356214,26,174,1,200,126,17,1,15,1,7,0,9,0,15,2,5,35,0,1,22,5,0,11,3,2,0,2,0,3,1,25,168,0,225,150,3,0,11,5,3,0,6,0,14,4,4,45,0,0,53,1,0,1,0,6,0,2,0,5,1,33,200,0,41,109,7,0,24,3,7,0,17,0,10,2,0,21,0,0,38,2,0,6,5,1,0,7,0,2,0,40,136,0,194,112,2,0,34,4,10,0,6,0,11,1,5,36,0,5,62,1,0,9,3,1,0,1,0,3,0,21,173,1,231,127,7,0,8,3,11,0,19,0,11,3,6,44,0,4,43,3,0,0,2,1,0,3,0,1,2,3,140,0,36,13,7,0,48,1,17,0,4,0,29,0,0,12,0,0,7,1,0,0,0,0,0,0,0,0,0,1,0,0,0,0,3,0,0,6,7,0,0,0,34,0,0,0,0,0,0,0,0,0,1,2,0,0,0,5,0
357360,23,14,5,0,4,2,2,0,2,1,0,1,3,5,9,122,119,47,0,141,27,85,219,21,7,0,16,29,20,43,20,8,0,0,6,6,0,163,4,2,0,1,0,0,6,70,77,28,0,98,21,31,228,4,4,0,8,22,12,12,30,7,0,0,3,7,0,216,11,2,0,3,0,4,6,69,77,32,0,121,25,28,247,5,5,0,8,15,22,9,30,4,0,0,1,6,0,210,5,2,0,3,0,3,7,70,94,21,0,149,28,30,262,8,11,0,7,12,21,12,28,14,0,0,3,8,0,213,5,2,0,7,0,7,15,95,51,36,0,112,23,41,289,10,5,0,5,19,14,20,2,6,2,5,8,1,3,0,0,0,0,0,0,0,0,34,252,3,0,215,17,24,49,4,7,0,3,1,40,22,37,0,0,0,0,7,0,5,5,11,0,2,0,19,30,82,0,0,0,0,29,0,12,3,14,0,3,0,22,39
349850,57,19,0,506,0,58,0,3,25,26,0,8,0,49,2,0,0,0,1,0,0,0,0,0,0,0,0,0,0,0,69,35,0,490,0,49,0,5,21,52,0,10,0,30,6,0,0,0,1,0,0,0,0,0,0,0,0,0,0,0,80,34,0,373,0,44,0,4,24,35,0,6,0,30,0,0,0,0,5,0,0,0,0,0,0,0,0,0,0,0,54,26,0,437,0,65,0,7,30,54,0,5,0,30,1,0,0,0,2,0,0,0,0,0,0,0,0,0,0,0,53,26,0,517,1,47,0,5,34,59,0,12,0,25,0,0,0,0,0,0,0,0,0,0,0,0,0,0,0,0,58,122,0,292,0,33,0,1,17,65,0,16,0,23,18,2,1,0,0,0,2,0,0,2,7,0,1,0,5,0,0,0,0,0,0,0,0,0,0,0,0,0,0,0,0,0,0,0,0,0,0,0,0,0,0,0,0,0,0,0
346105,36,20,0,508,1,204,0,9,36,16,0,23,0,23,7,16,20,0,0,13,17,0,6,32,9,0,7,0,12,7,42,31,0,548,4,189,0,12,32,36,0,33,0,45,16,10,24,0,11,19,15,0,1,53,9,0,11,0,21,2,27,62,0,118,2,158,0,14,12,46,0,31,0,30,11,29,16,0,0,12,13,0,4,14,12,0,17,0,13,0,21,11,0,414,4,189,0,10,24,28,0,13,0,25,7,26,18,0,1,12,13,0,2,47,19,0,10,0,15,5,43,19,0,509,2,186,0,13,16,36,0,23,0,27,12,26,29,0,9,32,39,0,6,44,23,0,12,0,19,5,42,55,0,127,1,154,0,19,17,64,0,27,0,65,4,2,1,0,0,0,10,0,1,5,5,0,3,0,2,1,4,0,0,0,0,5,0,0,2,7,0,8,0,2,1,0,0,0,0,0,0,0,0,0,0,0,1,0,0,0
347593,64,13,0,326,1,30,1,71,31,83,0,26,0,7,2,0,6,0,3,1,0,0,4,0,2,0,1,0,0,0,76,9,4,312,2,14,0,40,32,64,0,17,0,11,3,6,6,0,7,8,0,1,1,2,2,0,3,0,1,0,72,20,0,49,2,14,2,39,22,80,0,37,0,5,5,0,2,1,0,0,0,4,0,0,4,0,2,0,1,0,51,20,2,281,0,16,3,32,40,75,0,25,1,8,1,12,10,0,2,5,1,2,5,4,6,0,7,0,2,0,55,2,2,384,1,19,2,43,31,96,0,25,0,6,11,3,1,0,2,2,0,2,1,1,2,0,4,0,0,0,25,36,0,31,0,11,0,19,13,132,0,18,0,1,1,2,3,0,0,0,1,0,0,2,6,0,2,0,0,0,0,0,0,0,0,0,0,0,0,0,0,0,0,0,0,0,0,0,0,0,0,0,0,0,0,0,0,0,0,0
355677,10,189,0,40,132,6,0,14,3,30,0,3,0,10,0,8,59,1,4,108,22,0,2,4,23,0,4,0,6,1,7,114,0,68,102,3,0,2,5,20,0,4,0,12,1,10,59,0,8,153,8,0,1,3,30,0,7,0,10,4,4,124,0,0,147,4,0,1,2,29,0,9,0,8,2,16,66,0,0,133,11,0,2,7,24,0,8,0,8,1,17,136,0,47,139,10,0,3,5,21,0,6,0,6,2,13,68,0,0,109,8,0,9,4,27,0,10,0,9,2,7,141,0,88,133,4,0,2,1,12,0,9,0,8,0,12,72,0,3,131,8,1,3,8,23,0,5,0,5,1,0,0,0,0,0,0,0,0,0,0,0,0,0,0,0,15,190,2,0,294,62,0,45,1,53,0,9,0,33,0,14,0,0,0,0,22,0,0,7,153,0,9,0,66,10,26,0,0,0,0,17,0,3,5,68,0,20,0,11,6
354084,10,3,0,0,3,36,0,22,0,4,0,4,0,6,0,88,102,0,0,52,155,0,37,85,24,0,53,0,53,50,0,0,0,0,0,0,0,0,0,0,0,0,0,0,0,90,121,0,0,53,118,0,34,82,27,0,59,0,55,37,0,3,0,0,5,0,0,0,1,0,0,0,0,0,1,87,157,0,0,80,114,0,56,8,38,0,57,0,51,45,4,0,0,2,0,0,0,2,0,0,0,0,0,0,0,98,133,0,0,68,106,0,39,86,26,0,57,0,38,39,5,0,0,0,0,1,0,3,0,0,0,1,0,0,0,120,130,0,0,63,118,0,33,86,28,0,51,0,31,44,15,133,0,112,0,49,0,22,3,22,0,15,0,30,10,10,66,0,0,30,38,0,7,3,3,0,19,0,14,2,40,0,0,0,0,51,0,30,1,60,0,28,0,88,11,0,0,0,0,0,0,0,0,0,1,0,2,0,2,0
355675,53,36,209,17,13,14,48,1,0,0,50,5,35,13,5,8,2,80,0,8,45,14,6,0,0,18,2,55,4,5,51,28,229,10,13,32,10,0,0,1,53,4,24,9,6,10,6,99,0,11,17,12,0,1,0,18,1,58,4,2,47,29,185,10,9,11,8,0,0,1,43,3,30,4,4,5,5,73,0,11,22,5,0,0,0,17,1,37,2,9,37,36,180,18,14,23,15,0,0,2,53,5,19,8,5,4,2,79,0,5,30,15,0,0,0,14,1,38,2,6,40,24,202,26,5,16,32,0,0,1,69,6,25,10,6,12,9,99,0,7,29,16,0,0,0,27,1,58,4,7,30,176,35,115,21,2,27,0,0,3,61,3,1,30,6,5,15,5,0,11,0,3,0,0,0,10,0,0,2,2,2,0,0,0,0,1,0,0,1,0,0,2,0,4,5,4,0,0,0,0,1,0,0,0,1,0,3,0,3,8
346109,291,0,33,0,0,6,87,3,42,4,60,18,4,1,5,0,0,0,0,0,0,0,0,0,0,0,0,0,0,0,307,0,52,0,0,7,79,1,39,6,55,14,2,1,8,22,0,3,0,0,7,12,7,0,0,1,0,1,0,0,237,0,49,0,0,9,58,5,39,5,47,15,5,0,3,12,0,0,0,0,0,3,0,0,0,0,1,0,0,0,299,0,34,0,0,7,63,3,29,4,56,26,4,0,6,13,0,1,0,0,6,2,10,3,0,1,1,0,0,0,259,0,43,0,0,13,63,3,57,4,42,15,2,0,3,7,0,0,0,0,1,8,3,0,0,0,0,0,0,0,55,8,11,0,0,4,16,5,15,3,10,12,0,0,1,0,0,0,0,0,0,0,0,0,0,0,0,0,0,0,0,0,0,0,0,0,0,0,0,0,0,0,0,0,0,0,0,0,0,0,0,0,0,0,0,0,0,0,0,0
345536,36,1,12,6,0,5,21,4,2,5,3,4,0,4,2,16,9,1,0,0,3,0,3,5,7,3,1,1,2,0,69,1,7,5,0,0,10,3,0,1,14,8,1,0,0,34,2,0,0,0,1,2,6,5,3,2,1,0,1,1,104,0,9,1,0,1,9,2,1,3,19,2,3,1,2,22,0,0,0,0,1,9,2,3,1,2,0,0,0,0,80,2,16,4,0,0,6,3,0,1,21,5,0,0,0,34,1,0,0,0,2,9,6,6,6,1,6,0,1,1,95,0,16,1,0,1,17,4,2,0,18,5,0,0,1,45,2,0,0,0,8,8,4,16,13,2,4,0,0,3,56,7,2,1,1,8,20,9,19,13,12,6,0,8,4,81,2,3,0,0,5,32,14,5,7,8,2,0,1,10,14,0,0,0,0,3,0,1,12,18,0,2,0,0,0,15,0,0,0,0,3,0,1,8,22,0,3,0,1,0
349481,90,0,28,15,3,1,14,5,2,7,15,4,5,2,0,191,14,67,0,7,8,131,52,8,16,53,17,46,6,5,78,5,24,23,1,0,15,2,1,5,21,3,6,2,0,231,5,73,0,4,7,141,20,8,9,51,11,66,12,4,61,0,21,0,0,0,17,2,2,2,10,7,13,0,2,183,4,69,0,6,8,129,29,8,16,35,10,52,6,2,89,3,27,17,0,0,14,3,0,2,14,7,3,3,0,208,5,62,0,2,8,103,41,6,10,42,7,43,4,2,71,3,31,24,1,1,16,4,0,2,22,12,8,2,0,182,9,72,0,4,4,145,16,5,12,39,15,48,6,8,37,10,8,2,5,3,13,5,2,10,6,8,1,4,3,44,21,1,0,11,5,15,3,1,5,3,12,0,3,1,23,0,0,0,0,0,0,0,0,6,0,19,0,7,2,15,0,0,0,0,5,0,1,4,19,0,26,0,1,5
345560,46,0,0,310,0,106,0,12,57,100,0,22,0,13,0,0,0,0,5,0,0,0,0,0,0,0,0,0,0,0,51,1,0,392,0,80,0,4,111,105,0,41,0,18,1,0,0,0,6,0,0,0,0,0,0,0,0,0,0,0,50,8,0,133,0,80,0,18,26,117,0,25,0,15,0,0,0,0,0,0,0,0,0,0,0,0,0,0,0,0,32,2,0,275,0,73,0,12,71,91,0,18,0,17,3,0,0,0,6,0,0,0,0,2,0,0,0,0,1,0,48,5,0,281,0,90,0,11,79,107,0,32,0,23,1,0,0,0,0,0,0,0,0,0,0,0,0,0,0,0,21,5,0,83,0,50,0,3,5,80,0,21,0,29,2,1,0,0,0,0,1,0,0,0,2,0,2,0,0,0,0,0,0,0,0,0,0,0,0,0,0,0,0,0,0,0,0,0,0,0,0,0,0,0,0,0,0,0,0,0
348520,330,0,34,0,0,1,103,0,10,2,10,7,1,2,4,0,0,0,0,0,0,0,0,0,0,0,0,0,0,0,243,1,31,0,0,0,74,0,7,1,12,8,0,2,11,0,0,0,0,0,0,0,0,0,0,0,0,0,0,0,166,0,21,0,0,2,49,0,5,3,13,5,1,1,3,0,0,0,0,0,0,0,0,0,0,0,0,0,0,0,230,1,35,0,0,2,65,2,9,2,13,7,0,1,11,0,0,0,0,0,0,0,0,0,0,0,0,0,0,0,320,0,30,0,0,0,83,2,5,2,16,11,0,1,11,0,0,0,0,0,0,0,0,0,0,0,0,0,0,0,0,0,0,0,0,0,0,0,0,0,0,0,0,0,0,0,0,0,0,0,0,0,0,0,0,0,0,0,0,0,0,0,0,0,0,0,0,0,0,0,0,0,0,0,0,0,0,0,0,0,0,0,0,0,0,0,0,0,0,0
344778,19,3,0,371,0,41,0,4,29,108,0,4,0,5,1,0,0,0,12,0,0,0,2,3,0,0,0,0,0,0,43,4,0,455,1,60,0,11,20,170,0,7,0,15,6,2,1,0,4,0,4,0,1,6,10,0,1,0,0,1,63,8,0,170,2,68,0,23,15,161,0,19,0,15,4,0,0,0,1,0,0,0,0,0,0,0,0,0,0,0,54,8,0,428,1,75,0,9,26,149,0,4,0,16,4,0,0,0,16,0,0,0,0,0,0,0,0,0,0,0,50,4,0,477,0,82,0,18,24,202,0,10,0,23,1,0,0,0,3,0,0,0,0,3,1,0,0,0,0,0,61,112,0,277,2,100,0,20,6,298,0,15,0,12,14,0,0,0,0,0,2,0,2,0,12,0,3,0,2,1,52,0,0,0,0,75,0,23,1,503,0,26,0,34,0,0,0,0,0,0,2,0,0,0,12,0,0,0,1,0
351997,46,71,0,487,0,41,0,23,26,54,0,54,0,7,11,5,16,0,9,0,4,0,4,6,9,0,7,0,0,0,36,46,0,541,0,19,0,28,23,38,0,69,0,6,8,3,35,0,8,0,6,0,5,29,2,0,3,0,1,0,34,86,0,154,0,16,0,24,65,33,0,46,0,7,2,1,3,0,0,1,3,0,1,2,13,0,3,0,0,0,55,72,0,306,0,10,0,17,32,45,0,50,0,7,2,1,17,0,3,0,1,0,4,14,4,0,4,0,1,0,44,59,0,495,0,12,0,19,16,30,0,39,0,6,2,0,19,0,16,0,1,0,2,14,4,0,3,0,0,1,36,172,0,223,0,18,0,46,32,76,0,83,0,3,3,8,20,0,0,0,2,0,7,5,17,0,6,0,0,0,0,0,0,0,0,0,0,0,0,0,0,0,0,0,0,0,0,0,0,0,0,0,0,0,0,0,0,0,0,0
353486,131,0,43,0,0,0,61,29,7,9,9,11,0,1,3,34,0,0,0,0,3,6,24,3,3,0,1,0,0,1,161,0,32,1,0,4,56,18,8,15,12,18,0,4,6,20,0,0,0,0,4,2,16,0,4,0,3,0,1,1,139,0,27,0,0,1,47,19,4,13,7,14,0,2,6,21,0,1,0,0,1,3,2,0,2,0,2,0,0,0,160,0,39,0,0,3,56,23,5,7,4,12,1,4,9,45,0,2,0,0,0,22,11,2,2,4,4,0,0,0,160,0,34,3,0,5,51,24,8,15,11,18,0,0,4,0,0,0,0,0,0,0,0,0,0,0,0,0,0,0,50,0,2,0,0,5,10,13,6,10,4,5,0,0,1,0,0,0,0,0,0,0,0,0,0,0,0,0,0,0,0,0,0,0,0,0,0,0,0,0,0,0,0,0,0,0,0,0,0,0,0,0,0,0,0,0,0,0,0,0
351995,49,23,13,65,8,202,7,152,18,15,0,1,4,15,14,3,15,1,0,3,35,9,48,3,9,0,1,1,4,1,35,7,10,40,3,144,5,150,24,20,0,0,4,10,5,3,9,4,0,4,36,7,27,4,1,0,3,0,4,0,16,2,16,0,0,109,0,106,10,10,0,0,1,7,6,4,7,3,1,1,33,5,21,3,9,0,0,1,6,1,18,14,8,32,3,80,1,72,23,12,0,1,1,6,3,2,11,6,0,4,13,7,25,5,4,0,0,2,0,2,30,13,18,53,1,139,3,159,16,10,0,2,5,11,4,7,14,2,0,4,43,3,42,6,7,0,2,0,5,0,75,64,5,26,26,165,9,49,18,53,0,8,1,61,6,5,13,0,0,3,17,3,9,2,5,0,0,0,4,0,43,0,0,0,0,41,0,19,2,49,0,8,0,48,1,89,0,0,0,0,68,0,36,7,105,0,11,0,33,5
355497,59,92,208,34,30,5,32,0,6,11,104,7,29,5,11,5,8,10,0,9,0,1,0,2,2,14,2,5,1,1,63,55,262,19,21,1,22,0,2,8,114,12,20,2,4,3,7,8,0,3,0,1,0,0,3,6,0,5,1,0,52,80,183,14,24,1,18,0,4,6,89,6,31,1,7,7,6,15,0,5,1,2,0,0,2,5,0,11,1,0,61,90,194,29,30,4,25,0,5,7,121,10,13,8,9,7,13,8,0,3,0,1,1,0,2,11,4,4,0,0,57,61,227,20,22,1,46,0,4,5,108,15,28,6,12,3,9,16,0,6,0,1,0,1,1,6,0,5,0,0,21,135,63,29,20,0,14,0,4,4,57,8,4,12,6,0,18,4,0,7,0,10,0,0,1,9,0,0,4,0,2,0,0,0,0,0,0,0,1,1,0,0,0,1,0,1,0,0,0,0,0,0,2,0,6,0,0,0,6,8
357078,52,54,149,24,16,6,55,0,0,0,57,10,25,3,5,21,18,82,0,15,6,19,0,1,0,18,4,54,5,3,49,33,197,12,11,6,19,1,0,4,60,7,26,8,9,15,12,74,0,12,5,18,0,1,2,23,5,48,3,2,42,54,181,14,14,3,13,1,0,2,64,7,29,4,4,18,6,60,0,16,3,22,2,1,0,19,1,40,5,1,64,50,168,21,18,5,10,0,0,0,61,11,26,1,5,21,21,63,0,37,6,19,1,0,0,12,5,28,2,1,53,62,164,12,29,3,31,1,0,2,67,7,27,6,5,9,7,70,0,15,0,21,2,0,2,10,5,27,1,2,46,155,52,62,34,1,9,1,0,1,65,7,6,22,1,8,43,14,0,26,0,8,0,0,0,16,1,7,6,1,1,0,0,0,0,0,0,2,0,0,0,0,0,8,0,0,0,0,0,0,2,0,0,0,1,0,0,0,2,1
357721,2,0,0,0,0,4,0,0,0,1,0,1,0,0,0,84,13,12,0,4,154,7,58,27,22,0,9,0,8,22,4,0,0,6,0,3,0,1,0,1,0,0,0,0,1,89,18,18,2,7,165,5,51,23,12,0,18,1,4,19,0,2,1,0,2,0,0,0,0,0,0,0,0,0,0,84,16,10,0,18,209,6,38,23,25,0,19,1,9,11,6,4,1,1,0,10,1,6,4,0,0,1,0,0,1,73,18,8,0,7,137,3,34,31,23,0,20,1,5,17,2,7,1,0,0,2,2,0,0,0,0,0,0,0,0,79,21,12,0,5,112,6,36,33,13,0,14,3,15,6,6,6,0,0,0,7,0,2,1,1,0,0,1,3,2,6,2,0,0,0,23,7,20,3,4,0,1,0,1,0,0,0,0,0,0,7,0,0,0,0,0,2,0,0,0,10,0,0,0,0,25,0,2,0,2,0,0,0,2,1
357689,0,0,0,0,0,0,0,0,0,0,0,0,0,0,0,0,12,0,0,9,1,0,1,0,0,0,1,0,2,0,0,0,0,0,0,0,0,0,0,0,0,0,0,0,0,1,11,0,0,6,0,0,2,1,0,0,2,0,0,0,0,0,0,0,0,0,0,0,0,0,0,0,0,0,0,2,3,1,0,3,0,0,2,0,0,0,0,1,1,0,0,0,0,0,0,0,0,0,0,0,0,0,0,0,0,0,10,0,0,9,0,1,0,1,1,0,0,0,0,0,0,0,0,0,0,0,0,0,0,0,0,0,0,0,0,4,8,0,0,3,0,0,5,0,1,0,1,0,0,0,0,0,0,0,0,0,0,0,0,0,0,0,0,0,0,0,5,0,0,6,0,0,6,0,1,0,0,0,1,0,0,0,0,0,0,0,0,0,0,0,0,0,0,0,0,0,0,0,0,0,0,0,0,0,0,0,0,0,0,0
358579,85,9,18,0,3,35,8,62,5,4,0,8,4,6,14,57,17,20,0,20,25,11,62,2,3,0,3,6,2,10,14,5,4,2,4,21,4,12,1,0,0,4,0,0,3,51,24,20,0,30,179,48,86,2,6,0,5,25,12,6,21,3,1,0,2,16,4,23,0,3,0,2,3,2,4,96,36,36,0,35,130,21,100,4,10,0,9,12,13,11,42,0,4,0,3,12,0,77,3,0,0,2,2,0,2,93,23,37,0,31,119,28,131,4,8,0,6,16,9,14,7,3,20,0,2,47,3,20,1,0,0,6,3,0,1,89,24,37,0,42,99,39,98,11,4,0,5,16,8,20,16,18,5,2,0,4,2,17,1,1,0,1,2,6,1,19,147,1,0,109,21,12,18,2,12,0,3,1,25,17,6,0,0,0,0,0,0,2,0,2,0,0,0,0,4,13,0,0,0,0,1,0,0,0,2,0,0,0,5,2
349538,99,53,15,33,17,186,8,85,3,25,0,22,2,17,21,28,18,6,2,12,57,11,27,0,5,0,8,1,6,4,126,22,40,21,8,67,12,142,4,19,0,6,5,15,20,36,16,5,0,12,38,4,21,0,6,0,10,7,2,2,78,31,17,0,15,111,13,105,9,12,0,18,2,12,18,24,8,1,0,6,74,6,16,2,1,0,4,3,4,5,67,21,28,15,11,57,9,88,3,15,0,13,3,8,18,22,11,7,0,6,36,4,8,3,1,0,5,1,5,1,74,20,14,27,13,70,11,103,1,16,0,16,2,13,25,14,6,4,0,2,24,8,17,2,4,0,3,2,4,2,64,84,0,0,12,31,0,12,4,20,0,2,0,54,1,2,16,0,0,8,3,0,0,2,4,0,0,0,7,0,3,0,0,0,0,0,0,0,0,2,0,2,0,10,0,9,0,0,0,0,2,0,0,3,17,0,3,0,11,4
337778,7,40,0,46,48,21,0,27,31,6,0,2,0,22,6,3,40,0,16,64,19,0,11,16,9,0,3,0,23,2,12,66,0,44,45,14,0,12,67,14,0,9,0,36,1,19,68,0,41,84,13,0,4,42,19,0,13,3,26,2,8,48,0,35,47,7,0,14,45,5,0,4,0,24,0,11,80,0,26,105,15,0,5,42,16,0,9,0,46,0,8,55,0,38,77,32,0,4,14,8,0,10,3,25,8,15,52,3,12,72,16,2,18,31,8,0,6,1,21,9,7,42,0,104,44,11,0,12,41,5,0,6,0,39,1,5,73,0,37,93,28,0,14,26,17,0,12,0,31,4,10,79,0,4,46,8,2,14,10,14,0,8,0,40,3,2,42,0,0,52,4,0,4,10,8,0,5,0,16,1,5,0,0,0,0,17,0,2,10,21,0,4,0,64,1,2,0,0,0,0,7,0,1,3,4,0,2,0,8,3
333163,136,0,0,2,0,25,73,21,54,39,5,18,0,26,17,3,1,0,0,0,28,0,5,26,7,0,5,0,3,5,114,0,0,5,0,21,69,29,51,44,12,26,0,22,41,15,0,0,0,0,2,7,5,23,7,0,2,0,1,4,103,0,0,0,0,14,55,29,63,38,5,21,0,29,29,1,0,0,0,0,1,0,0,4,8,0,1,0,1,6,71,0,0,2,0,12,38,17,43,15,6,10,0,18,20,0,0,0,0,0,0,0,0,0,0,0,0,0,0,0,93,0,0,2,0,15,40,25,33,27,9,12,0,19,27,0,0,0,0,0,4,0,3,7,2,0,1,0,0,0,26,0,0,0,0,13,19,22,33,14,2,22,0,12,20,20,0,0,0,0,6,17,8,19,12,0,8,0,1,14,32,0,0,0,0,8,0,0,41,62,0,18,0,6,27,14,0,0,0,0,8,0,0,24,28,0,27,0,2,7
358570,9,1,55,0,0,0,32,0,1,0,6,1,12,0,0,166,48,102,0,43,2,184,20,6,8,29,7,63,0,3,11,0,68,0,0,0,26,0,1,4,5,4,17,0,0,180,35,91,0,40,3,206,10,3,4,28,7,64,0,4,3,1,42,0,1,1,21,0,1,2,2,0,11,1,0,121,34,95,0,33,0,200,9,4,7,23,13,52,0,1,18,7,58,1,0,0,32,0,3,3,12,4,15,0,1,139,30,89,0,39,0,224,11,3,7,28,10,59,0,7,4,2,24,0,2,0,12,0,0,0,4,2,7,0,0,163,42,76,0,43,3,184,28,3,7,33,9,37,2,11,81,73,33,6,17,1,62,0,8,9,34,9,7,2,4,33,43,22,0,26,0,87,3,12,11,21,7,4,1,1,9,0,0,0,0,0,0,0,3,3,0,4,0,0,0,41,0,0,0,0,0,0,3,8,10,0,4,0,3,1
353164,0,2,0,0,0,11,1,6,1,0,0,0,0,0,1,48,40,7,0,26,170,10,61,3,13,0,6,6,16,6,2,0,0,0,0,9,0,5,0,1,0,0,0,0,0,46,49,17,0,50,103,18,41,5,14,0,10,6,16,6,0,0,0,0,0,0,0,0,0,0,0,0,0,0,0,34,48,15,0,50,135,14,61,5,18,0,11,8,15,8,0,0,0,0,0,0,0,0,0,0,0,0,0,0,0,42,54,13,0,64,136,21,42,4,15,0,7,7,6,5,0,0,0,0,0,0,0,0,0,0,0,0,0,0,0,51,52,6,0,47,168,20,44,8,13,0,13,4,18,5,0,0,0,0,0,0,0,0,0,0,0,0,0,0,0,73,139,1,0,114,119,4,29,5,27,0,11,1,29,0,67,0,0,0,0,20,0,24,3,15,0,13,0,36,3,138,0,0,0,0,61,0,49,5,45,0,20,0,34,2
356304,39,3,89,0,2,7,10,1,1,0,53,2,12,1,13,121,64,170,0,35,16,94,8,7,4,55,21,86,10,9,12,3,62,0,0,0,10,0,0,1,32,4,13,2,6,115,43,214,0,22,9,104,6,10,5,74,10,78,13,5,5,1,89,0,0,1,5,0,1,1,33,3,7,0,7,126,42,212,0,24,5,113,5,10,5,60,16,92,19,9,13,1,60,0,0,0,3,1,1,1,31,1,7,1,4,141,35,225,0,33,11,111,3,16,3,66,14,103,15,3,15,2,84,0,1,0,12,0,0,1,23,3,8,4,4,88,30,205,0,13,8,113,2,18,5,44,22,105,10,10,10,90,1,53,3,10,2,4,0,3,24,3,0,9,6,67,219,34,0,108,20,61,8,19,24,56,6,10,19,31,6,0,0,0,0,1,0,2,0,0,0,0,0,1,8,3,0,0,0,0,1,0,8,3,5,0,7,0,2,5
354098,116,11,0,469,1,86,0,68,8,42,0,15,0,13,8,26,12,0,5,2,10,0,6,27,17,0,8,0,8,2,59,15,1,401,1,39,0,48,9,38,0,18,0,6,3,12,3,0,4,0,14,0,9,13,3,0,3,0,0,1,114,27,0,140,7,36,0,61,7,41,0,38,0,10,13,1,1,0,0,0,7,0,1,4,1,0,1,0,0,2,77,16,0,506,0,51,0,58,6,28,0,13,0,9,3,12,16,0,6,5,3,0,3,5,8,0,0,0,3,3,80,12,0,596,0,49,0,74,9,42,0,18,0,4,4,8,2,0,2,0,9,0,7,5,8,0,2,0,0,1,68,131,0,194,4,69,0,57,3,60,0,30,0,12,9,10,3,0,0,0,37,0,18,1,10,0,7,0,1,1,91,0,0,0,0,68,0,3,7,135,0,85,0,21,31,20,0,0,0,0,15,0,2,1,14,0,26,0,1,5
351919,1,0,2,0,0,0,0,0,0,0,0,1,0,0,0,245,13,170,0,31,2,79,16,0,3,31,8,110,11,2,10,0,9,0,0,0,1,0,0,0,3,1,1,2,0,259,5,175,0,28,0,61,5,1,2,42,1,103,14,5,0,0,0,0,0,0,0,0,0,0,0,0,0,0,0,187,7,139,0,14,0,68,10,0,1,28,6,75,13,2,1,0,2,0,0,0,1,0,0,0,1,0,1,1,0,233,7,150,0,30,2,49,5,0,1,32,7,122,15,2,0,0,0,0,0,0,0,0,0,0,0,0,0,0,0,178,14,140,0,23,0,57,9,0,3,30,7,111,11,6,26,41,6,1,17,0,0,1,1,3,14,5,2,5,2,16,23,5,0,35,0,12,1,2,6,8,0,0,4,1,0,0,0,0,0,0,0,0,0,0,0,0,0,0,0,0,0,0,0,0,0,0,0,0,0,0,0,0,0,0
353408,31,26,2,146,0,49,4,17,12,5,0,16,0,8,4,8,2,0,2,1,9,0,0,2,0,0,2,0,4,1,49,11,4,168,0,31,0,11,11,4,0,12,0,0,3,9,5,0,6,0,1,0,1,2,0,0,4,0,0,0,56,25,2,5,1,18,10,13,10,5,0,12,0,1,4,10,4,0,0,2,2,8,0,0,0,0,7,0,0,0,53,17,2,121,0,12,6,23,5,0,0,11,0,8,2,2,1,0,6,0,2,0,0,3,1,0,1,0,0,0,55,13,2,170,0,28,5,8,9,5,0,18,0,7,1,9,2,1,3,0,3,3,1,1,0,0,7,0,3,0,27,115,0,33,1,69,17,3,12,4,0,17,0,5,2,4,6,1,0,0,8,1,3,3,1,0,0,0,0,0,0,0,0,0,0,0,0,0,0,0,0,0,0,0,0,0,0,0,0,0,0,0,0,0,0,0,0,0,0,0
331220,59,9,54,91,2,12,67,6,18,13,29,5,6,7,6,4,0,12,0,0,1,33,2,0,0,2,0,13,2,0,40,8,128,76,1,11,47,3,21,14,25,9,19,4,3,14,1,13,0,2,0,49,1,1,3,9,1,6,2,1,53,13,114,28,0,13,76,10,26,12,28,9,11,6,8,1,0,6,0,0,0,28,0,0,1,5,0,6,0,1,78,8,116,83,6,9,67,4,25,10,52,8,6,2,8,2,2,3,0,0,0,12,0,1,2,6,3,4,0,0,79,8,98,85,3,17,75,5,16,10,35,9,3,2,3,0,0,2,0,0,0,4,0,0,0,0,0,0,0,0,10,8,8,9,0,11,20,3,6,7,16,1,1,1,4,4,0,0,0,1,0,1,0,3,6,1,0,0,0,1,15,0,0,0,0,0,0,0,7,14,0,8,0,2,8,49,0,0,0,0,7,0,5,20,46,0,16,0,3,14
333733,0,0,0,0,0,0,0,0,0,0,0,0,0,0,0,161,5,111,0,0,26,76,9,5,18,36,1,73,4,14,0,0,0,0,0,0,0,0,0,0,0,0,0,0,0,176,0,128,0,0,20,70,7,13,10,51,0,59,8,34,0,0,0,0,0,0,0,0,0,0,0,0,0,0,0,202,2,103,0,0,16,66,4,9,12,33,0,69,8,22,0,0,0,0,0,0,0,0,0,0,0,0,0,0,0,173,5,104,0,1,17,82,4,4,14,35,0,58,3,23,0,0,0,0,0,0,0,0,0,0,0,0,0,0,0,203,0,106,0,0,24,60,7,3,8,38,0,71,3,23,0,0,0,0,0,0,0,0,0,0,0,0,0,0,0,66,41,12,0,19,3,14,7,5,14,8,0,7,4,7,1,0,0,0,0,0,0,0,1,3,0,0,0,2,0,21,0,0,0,0,2,0,0,0,7,0,0,0,4,3
347674,18,14,0,213,0,33,0,5,12,129,0,2,0,12,2,0,0,0,1,0,0,0,0,0,0,0,0,0,0,0,28,16,0,226,0,35,0,7,14,207,0,7,0,11,2,0,2,0,5,0,0,0,0,10,6,0,0,0,0,0,13,11,0,210,0,34,0,1,6,90,0,8,0,11,0,0,0,0,0,0,0,0,0,0,0,0,0,0,0,0,27,22,0,236,0,36,0,6,18,126,0,12,0,20,1,0,0,0,7,0,0,0,0,0,1,0,0,0,0,0,18,6,0,315,0,27,0,1,13,158,0,4,0,9,0,0,0,0,3,0,0,0,0,0,0,0,0,0,0,0,18,42,0,305,0,17,0,1,2,126,0,6,0,12,0,2,1,0,0,0,1,0,0,0,5,0,1,0,0,0,32,0,0,0,0,43,0,0,5,299,0,9,0,11,3,0,0,0,0,0,0,0,0,0,4,0,0,0,0,0
352070,0,14,0,21,1,6,0,0,0,1,0,3,0,1,0,44,190,0,3,121,39,0,3,25,31,0,6,0,33,4,1,3,0,14,1,0,0,0,0,0,0,1,0,0,0,52,155,0,0,122,54,0,5,44,39,0,7,0,31,6,0,0,0,0,0,0,0,0,0,0,0,0,0,0,0,31,114,0,0,98,32,0,1,32,32,0,8,0,28,6,0,0,0,0,0,0,0,0,0,0,0,0,0,0,0,54,161,0,0,92,29,0,3,50,29,0,6,0,23,3,1,1,0,18,0,0,0,0,0,1,0,0,0,0,0,49,164,0,0,114,25,0,4,45,37,0,9,0,35,8,0,0,0,0,0,0,0,0,0,0,0,0,0,0,0,18,192,0,0,105,94,0,3,35,36,0,12,0,32,20,0,0,0,0,0,0,0,0,0,0,0,0,0,0,0,0,0,0,0,0,0,0,0,0,0,0,0,0,0,0
347489,195,12,0,470,10,70,0,101,11,51,0,36,0,10,6,19,0,0,8,0,1,0,2,5,5,0,5,0,0,0,146,10,0,574,2,55,0,48,16,46,0,47,0,10,3,10,0,0,1,0,1,0,1,0,3,0,0,0,0,0,156,14,2,137,10,37,0,52,10,48,0,44,0,7,1,3,0,0,0,0,6,0,1,1,6,0,4,0,0,2,166,15,0,419,2,39,1,51,10,50,0,48,0,4,9,13,5,0,6,3,6,0,3,7,5,0,1,0,0,0,163,13,0,551,2,40,0,70,12,45,0,41,0,3,1,0,0,0,2,0,0,0,1,0,0,0,0,0,0,0,136,119,1,229,4,108,0,67,9,59,0,48,0,12,6,14,1,0,0,0,8,0,8,3,6,0,3,0,0,2,182,0,0,0,0,122,0,0,16,188,0,93,0,33,18,20,0,0,0,0,13,0,1,5,18,0,38,0,2,2
355080,142,1,16,74,0,9,4,0,100,0,65,44,0,0,3,1,0,0,0,0,0,0,0,0,0,1,0,0,0,0,125,2,8,60,0,5,2,1,110,0,58,41,0,0,2,0,0,0,0,0,0,0,0,0,0,0,0,0,0,0,105,1,11,1,0,2,1,0,96,0,79,25,0,0,3,0,0,0,0,0,0,0,0,0,0,0,0,0,0,0,102,4,12,62,0,6,1,0,105,0,68,45,0,0,1,0,0,0,0,0,0,0,0,0,0,1,0,0,0,0,120,2,13,65,0,1,0,0,136,0,72,54,0,0,3,0,0,0,0,0,0,0,0,0,0,0,0,0,0,0,22,1,2,0,0,0,0,0,19,0,9,3,0,0,0,0,1,0,0,0,0,0,0,3,0,0,0,0,0,0,0,0,0,0,0,0,0,8,2,0,0,0,0,0,0,0,0,0,0,0,0,0,0,0,0,0,0,0,0,0
358948,22,10,63,0,6,4,34,1,0,6,26,1,9,10,5,66,34,123,0,56,12,108,4,10,3,37,4,60,14,11,22,38,69,9,11,1,18,0,0,2,24,3,9,6,5,76,38,119,0,43,6,123,2,8,6,48,7,58,8,10,9,17,27,0,3,2,7,0,4,3,23,2,4,7,4,64,50,91,0,67,6,91,4,8,10,50,7,39,10,9,13,21,41,5,9,6,6,0,2,3,23,6,3,2,2,74,51,94,0,46,15,111,4,14,9,41,6,55,16,11,14,19,70,3,4,0,13,0,0,2,16,1,2,3,3,81,70,106,0,51,9,104,1,9,11,29,10,44,13,7,28,52,40,2,26,5,35,5,7,6,29,8,5,10,4,11,20,9,0,13,0,6,5,1,3,4,1,1,4,3,8,0,0,0,0,0,0,0,0,0,0,0,0,0,0,3,0,0,0,0,0,0,0,2,2,0,0,0,2,3
352992,5,6,0,17,4,3,0,3,2,15,0,2,0,4,0,104,28,0,0,27,28,0,21,83,85,0,34,0,10,7,10,7,0,21,2,4,0,5,1,16,0,2,0,1,0,92,41,0,4,44,28,0,10,117,88,0,29,0,20,2,2,4,0,10,1,4,0,1,1,7,0,2,0,1,0,87,37,0,1,40,35,0,20,96,92,0,31,0,12,2,1,0,0,5,0,0,0,0,0,2,0,0,0,0,0,74,34,0,0,28,16,0,18,65,78,0,25,0,14,3,8,0,0,1,2,0,0,0,1,5,0,1,0,5,0,96,24,0,6,21,17,0,17,79,112,0,19,0,10,2,13,108,0,242,0,29,0,33,17,138,0,18,0,13,2,0,0,0,0,0,0,0,1,1,2,0,0,0,0,0,0,0,0,0,0,0,0,0,0,0,0,0,0,0,0,0,0,0,0,0,0,0,0,0,0,0,0,0,0,0
355451,109,4,7,172,0,21,3,102,6,1,0,14,0,21,42,0,0,0,0,0,1,1,3,0,0,0,1,0,1,0,124,17,14,238,2,18,6,122,10,1,0,20,1,33,16,0,0,0,0,0,0,0,2,0,0,0,0,0,0,0,104,24,10,34,1,13,2,171,6,2,0,20,0,28,13,8,0,0,0,0,0,0,10,1,0,0,0,0,0,4,131,8,15,159,1,25,2,198,6,2,0,23,0,21,28,1,0,0,0,0,0,0,0,0,1,0,4,0,1,0,154,12,11,150,3,8,6,152,10,1,0,19,0,16,46,0,0,0,0,0,0,0,0,0,0,0,0,0,0,0,77,15,4,15,2,0,2,20,0,1,0,6,0,5,28,2,4,0,0,1,2,1,2,0,1,0,2,0,1,6,0,0,0,0,0,0,0,0,0,0,0,0,0,0,0,0,0,0,0,0,0,0,0,0,0,0,0,0,0,0
355546,0,0,0,0,0,0,0,0,0,0,0,0,0,0,0,5,1,0,0,0,18,1,4,1,0,0,0,0,2,0,0,0,0,0,0,0,0,0,0,0,0,0,0,0,0,114,24,1,0,7,101,7,62,12,10,0,14,0,7,1,0,0,0,0,0,0,0,0,0,0,0,0,0,0,0,122,37,0,0,12,106,1,52,14,11,0,21,0,9,0,3,7,1,12,1,5,0,13,0,1,0,0,0,1,0,78,33,4,0,12,81,6,49,19,15,0,14,4,4,2,0,0,0,0,0,0,0,0,0,0,0,0,0,0,0,103,23,3,0,13,93,2,39,24,15,0,21,0,6,1,7,5,0,4,0,8,0,5,0,3,0,2,0,0,0,64,18,0,0,5,65,3,24,16,16,0,19,0,11,4,7,0,0,0,0,25,0,0,3,1,0,1,0,1,0,11,0,0,0,0,28,0,0,0,3,0,2,0,0,1
355134,329,30,0,241,0,84,0,32,2,7,0,24,0,18,2,13,12,0,6,1,6,0,10,8,3,0,5,0,0,0,259,13,1,249,1,46,0,29,0,9,0,20,0,15,1,16,4,0,15,1,4,0,8,6,2,0,3,0,2,1,223,27,0,41,0,39,0,29,2,16,0,15,0,6,1,10,2,0,0,0,2,0,1,0,0,0,8,0,0,0,251,14,0,242,0,60,0,27,7,11,0,18,0,8,4,34,14,0,7,6,6,0,10,6,10,0,10,0,4,8,249,25,0,349,2,55,0,29,6,15,0,20,0,16,9,17,7,0,3,0,5,0,5,10,1,0,6,0,2,3,72,132,0,165,0,65,0,10,2,21,0,33,0,19,7,4,5,0,0,0,13,0,0,0,2,0,2,0,0,3,26,0,0,0,0,23,0,4,0,11,0,25,0,0,11,81,0,0,0,0,120,0,12,4,21,0,91,0,7,5
353176,14,74,0,125,56,3,0,13,3,7,0,6,0,10,0,8,25,0,7,36,10,2,12,1,3,0,4,0,5,0,18,68,0,148,52,17,0,13,2,5,0,4,0,2,0,7,30,1,10,10,9,0,9,1,0,0,0,0,2,1,17,82,2,20,69,34,0,9,0,10,0,6,1,2,0,16,21,0,2,20,8,0,24,4,1,0,2,0,0,0,8,77,0,117,59,12,0,21,1,1,0,7,0,0,0,16,28,1,17,30,6,1,30,1,5,0,2,0,4,0,15,38,0,126,28,4,0,19,0,4,0,1,0,1,0,7,7,1,12,4,10,0,9,0,1,0,0,1,0,0,7,130,0,248,14,15,0,10,1,12,0,2,0,4,1,0,6,0,0,1,1,0,0,0,1,0,0,0,0,0,17,0,0,0,0,26,0,6,2,79,0,31,0,13,3,7,0,0,0,0,11,0,0,1,13,0,13,0,0,1
345238,54,18,10,197,0,39,2,14,0,2,49,18,1,2,10,35,24,34,0,9,25,14,11,0,2,29,9,11,2,1,57,18,22,170,3,32,5,13,0,2,98,24,0,4,9,40,29,35,0,2,42,15,12,4,3,40,11,5,2,9,44,42,25,88,3,32,2,17,2,3,91,20,1,3,17,12,6,31,0,6,40,5,9,0,0,19,6,11,1,2,46,33,15,167,3,35,3,20,1,1,79,26,1,1,13,23,9,22,0,5,21,5,10,0,0,17,3,2,3,2,53,18,23,220,1,30,6,11,0,1,81,19,2,1,13,28,30,45,0,9,37,18,7,3,2,34,17,14,2,13,30,39,10,93,1,64,3,21,0,3,36,9,0,4,12,23,31,1,0,12,12,4,15,0,2,8,5,0,0,20,7,0,0,0,0,1,0,26,0,1,0,11,0,4,8,15,0,0,0,0,3,0,25,1,10,0,7,0,4,15
357735,13,13,0,29,4,2,4,0,6,5,1,8,0,3,1,199,24,16,0,14,12,138,5,73,25,11,28,5,8,13,18,14,2,27,5,0,5,2,5,10,2,3,0,2,2,179,11,13,10,5,1,189,3,73,15,14,27,8,11,10,45,7,1,0,1,1,23,6,6,10,10,3,0,3,2,200,18,9,0,11,1,211,10,59,13,18,21,5,9,11,54,3,5,9,7,1,17,2,18,5,11,5,0,2,3,208,12,22,0,4,4,254,4,47,17,16,12,9,10,14,42,7,6,5,6,1,24,1,11,8,23,8,0,2,6,173,23,17,2,10,5,129,2,65,4,14,33,3,14,17,69,2,1,0,0,1,22,3,12,9,6,18,0,1,3,45,11,4,0,11,1,45,11,14,14,2,6,2,6,2,61,0,0,0,0,4,0,3,26,22,0,17,0,9,9,71,0,0,0,0,2,0,2,20,25,0,24,0,16,9
357068,23,42,0,166,3,26,0,7,34,120,0,11,0,9,6,0,1,0,6,1,1,0,0,3,0,0,0,0,1,0,34,37,0,200,5,31,0,11,33,151,0,19,0,24,9,1,0,0,2,1,0,0,0,1,3,0,1,0,0,0,34,20,0,112,4,17,0,8,12,148,0,9,0,23,3,0,1,0,2,3,2,0,0,2,5,0,0,0,2,0,26,31,0,157,1,28,0,11,52,160,0,8,0,27,5,0,2,0,1,0,0,0,0,8,0,0,1,0,1,1,21,31,0,229,3,14,0,8,51,167,0,11,0,14,6,1,3,0,5,0,1,0,0,3,2,0,0,0,0,0,0,0,0,0,0,0,0,0,0,0,0,0,0,0,0,0,0,0,0,0,0,0,0,0,0,0,0,0,0,0,0,0,0,0,0,0,0,0,0,0,0,0,0,0,0,0,0,0,0,0,0,0,0,0,0,0,0,0,0,0
357736,28,23,0,0,1,17,0,9,4,13,0,5,0,2,0,73,193,0,0,122,70,0,12,88,74,0,33,0,33,1,4,26,0,80,7,3,0,1,4,3,0,0,0,3,0,104,153,0,0,112,74,0,8,98,90,0,27,0,43,7,0,0,0,0,0,0,0,0,0,0,0,0,0,0,0,81,172,0,0,126,41,0,5,84,89,0,27,0,30,2,4,17,0,54,10,2,0,2,1,4,0,2,0,3,0,112,162,0,0,149,61,0,12,96,110,0,29,0,45,3,2,10,0,39,1,0,0,1,1,0,0,3,0,1,0,101,186,0,0,144,72,0,11,106,87,0,32,0,45,5,1,13,0,47,0,2,0,2,3,10,0,10,0,0,1,54,165,0,0,101,75,0,7,95,102,0,34,0,29,2,24,0,0,0,0,21,0,0,37,48,0,15,0,11,0,2,0,0,0,0,5,0,0,12,4,0,3,0,0,0
355710,101,24,21,344,4,74,12,22,28,26,0,8,9,34,37,11,6,5,14,4,8,0,4,4,4,0,1,0,4,4,59,32,11,373,11,75,4,13,19,16,0,4,2,26,12,3,21,3,6,5,6,0,1,3,1,0,1,1,2,0,74,31,19,12,14,61,6,7,13,16,0,9,5,21,20,17,17,7,0,14,8,2,2,3,6,0,3,4,6,6,79,30,6,221,3,68,8,22,20,14,0,9,2,33,11,12,12,1,8,4,4,2,1,2,3,0,0,2,3,0,87,28,8,302,11,85,1,32,15,24,0,13,4,39,17,10,8,3,24,9,6,1,0,3,2,0,2,1,3,5,50,52,6,20,8,56,12,11,7,22,0,12,1,47,17,10,14,6,0,9,17,2,5,9,6,0,1,0,7,1,6,0,0,0,0,13,0,0,2,3,0,1,0,6,1,19,0,0,0,0,25,0,6,5,10,0,3,0,17,1
358892,22,3,28,3,3,0,21,0,1,2,5,0,5,1,0,95,31,81,0,38,10,150,2,11,8,27,17,53,11,17,21,12,36,0,3,1,9,1,1,8,6,4,3,3,2,82,41,79,0,48,3,152,0,7,13,40,9,77,14,7,11,2,11,0,0,3,13,0,0,0,2,0,2,0,1,90,41,71,0,43,10,130,1,14,8,21,10,52,6,16,3,7,1,0,2,0,0,0,0,0,8,0,0,0,0,102,55,83,0,50,9,147,1,15,6,32,13,55,13,6,10,14,28,12,6,2,17,0,2,0,9,2,1,9,2,77,45,113,0,34,2,140,0,2,4,10,9,63,12,4,5,3,0,0,0,0,6,0,1,0,0,0,0,1,0,13,2,8,0,0,0,22,0,1,2,1,1,1,0,2,27,0,0,0,0,0,0,0,3,7,0,0,0,2,3,28,0,0,0,0,1,0,0,11,7,0,2,0,1,6
352079,107,9,14,262,0,89,19,170,24,8,0,19,0,20,18,18,0,0,0,0,4,0,39,1,1,0,2,0,2,0,72,6,1,196,0,36,3,231,19,4,0,11,0,14,15,0,0,0,4,0,0,0,0,0,0,0,0,0,0,0,75,0,4,15,0,45,4,159,20,14,0,13,1,10,14,0,0,0,0,0,0,0,0,0,0,0,0,0,0,0,86,3,9,266,0,58,9,213,19,13,0,17,0,15,19,2,0,0,1,0,0,0,3,0,0,0,0,0,1,0,81,5,6,151,2,35,1,259,18,13,0,21,0,15,16,0,0,0,0,0,0,0,0,0,0,0,0,0,0,0,135,147,21,81,2,4,29,65,2,32,0,34,1,21,71,14,5,3,0,0,0,4,4,0,4,0,14,0,0,9,56,0,0,0,0,1,0,0,0,12,0,16,0,1,25,64,0,0,0,0,3,0,0,0,19,0,26,0,2,54
353070,33,29,3,43,17,0,6,13,6,4,5,3,1,11,0,273,2,83,0,3,4,84,46,4,10,45,10,70,9,4,14,24,0,59,16,1,0,2,2,1,0,3,0,2,0,311,2,105,0,1,0,82,23,7,6,50,9,85,11,1,4,0,1,0,0,0,0,0,0,0,0,0,1,0,0,244,0,96,0,2,1,61,25,5,3,36,3,61,5,4,15,31,1,77,7,3,1,0,2,1,1,3,1,4,1,243,1,97,0,0,0,56,33,4,6,35,14,59,6,4,8,10,0,34,6,0,0,2,1,1,0,3,0,2,0,265,1,96,0,0,1,80,40,0,2,42,9,82,8,2,66,7,22,11,4,0,12,7,4,6,31,5,3,3,1,18,7,4,0,7,1,17,8,5,0,10,2,2,0,0,103,0,0,0,0,2,0,2,7,16,0,15,0,2,0,64,0,0,0,0,3,0,3,15,18,0,25,0,4,1
355417,25,85,12,103,58,13,0,9,1,21,0,13,1,16,1,43,117,4,13,117,11,1,5,8,39,0,24,2,33,6,21,73,1,130,69,11,0,3,5,15,0,11,0,12,3,69,87,7,8,162,20,1,7,4,31,0,17,3,24,2,18,72,0,0,57,17,0,10,4,29,0,10,0,20,6,42,92,4,0,105,30,0,18,13,52,0,14,2,25,1,16,87,0,85,90,11,0,1,3,15,0,13,0,10,1,72,82,13,14,100,14,5,8,6,35,0,17,5,17,5,15,39,3,80,34,6,0,6,4,20,0,6,0,14,1,33,85,5,17,68,10,2,12,4,21,0,9,1,18,5,11,102,0,5,54,17,0,13,3,32,0,12,0,29,1,4,60,0,0,50,7,0,4,1,15,0,6,0,16,3,49,0,0,0,0,21,0,3,15,133,0,28,0,93,10,42,0,0,0,0,32,0,3,9,115,0,34,0,42,8
358623,36,14,10,2,2,10,15,0,4,2,15,11,4,3,2,177,17,77,0,28,4,258,3,9,9,25,23,54,6,19,14,0,8,0,0,0,11,1,2,1,4,1,4,0,3,176,38,56,0,33,17,244,4,19,10,43,23,52,7,26,11,1,10,0,0,0,7,0,3,1,4,3,4,1,0,168,18,88,0,14,17,242,12,23,11,34,18,66,12,23,0,0,0,0,0,0,0,0,0,0,0,0,0,0,0,233,16,78,0,14,6,294,27,9,5,30,15,60,6,32,11,2,7,3,0,5,2,0,0,0,2,2,0,0,0,193,16,110,1,38,4,256,17,16,11,35,29,78,15,14,24,18,10,17,1,3,10,2,15,5,25,11,1,2,16,9,4,0,0,1,0,4,0,1,0,2,1,1,1,0,35,0,0,0,0,11,0,1,4,11,0,7,0,7,5,116,0,0,0,0,19,0,14,25,26,0,51,0,20,11
354125,5,50,0,58,51,9,0,24,1,7,0,2,0,6,2,8,236,0,0,111,47,0,47,17,21,0,13,0,29,12,5,61,0,22,33,4,0,15,0,2,0,5,0,7,1,12,158,0,0,182,62,0,50,11,19,0,15,0,32,8,6,116,5,7,65,15,0,55,4,10,0,8,0,21,2,36,107,3,0,120,117,1,91,9,16,0,8,2,22,19,4,35,0,25,27,3,0,13,5,4,0,5,0,8,0,10,168,0,0,146,59,0,49,8,9,0,17,0,23,15,8,58,0,43,30,10,0,12,2,10,0,3,0,10,0,51,185,2,2,152,72,0,61,11,15,0,15,2,27,13,0,56,0,7,17,1,0,1,0,7,0,0,1,5,0,4,140,0,0,112,12,0,12,3,21,0,3,0,19,3,3,0,0,0,0,7,0,0,6,35,0,2,0,23,0,3,0,0,0,0,0,0,2,5,13,0,2,0,3,1
355639,6,1,0,0,0,4,0,1,0,3,0,5,0,1,1,104,16,0,0,9,104,2,28,59,63,0,23,0,7,9,4,2,0,8,0,3,0,0,1,3,0,1,0,0,0,156,20,0,0,6,133,0,20,74,75,0,30,0,15,15,0,0,0,0,0,0,0,0,0,0,0,0,0,0,0,115,16,0,0,7,106,0,28,59,81,0,28,0,12,12,0,0,0,0,0,0,0,0,0,0,0,0,0,0,0,127,12,0,0,3,123,0,24,70,75,0,22,0,7,14,0,0,0,0,0,0,0,0,0,0,0,0,0,0,0,150,9,0,0,5,131,0,25,45,71,0,37,0,10,19,1,0,0,0,0,3,0,1,1,1,0,0,0,0,0,0,2,0,0,1,2,0,0,3,5,0,2,0,0,0,18,0,0,0,0,10,0,0,6,23,0,4,0,0,5,1,0,0,0,0,0,0,0,0,1,0,0,0,0,0
354043,36,122,1,209,119,8,0,15,0,6,0,4,0,14,0,16,150,0,0,191,5,0,2,0,12,0,2,0,17,0,29,121,0,273,111,7,1,15,0,5,0,8,0,11,1,26,146,0,2,182,10,0,10,1,7,0,5,0,14,0,44,113,2,3,179,7,0,48,0,11,0,7,0,8,0,11,81,0,0,106,8,0,7,1,4,0,2,0,3,0,24,90,2,136,96,5,0,29,1,4,0,7,0,5,1,3,19,1,3,29,1,1,9,0,1,0,2,0,1,0,41,104,0,160,121,2,0,21,0,6,0,4,0,5,0,4,34,1,1,47,2,0,8,1,2,0,1,0,2,0,0,0,0,0,0,0,0,0,0,0,0,0,0,0,0,5,154,0,0,133,28,1,21,1,11,0,3,0,17,1,0,0,0,0,0,0,0,0,0,0,0,0,0,0,0,0,0,0,0,0,0,0,0,0,0,0,0,0,0,0
358936,0,0,0,0,0,0,0,0,0,0,0,0,0,0,0,22,117,23,0,80,12,26,1,22,1,0,10,9,6,0,2,5,4,0,2,1,1,1,2,0,0,0,3,1,0,48,198,44,0,188,28,27,14,20,3,0,10,15,22,0,0,0,0,0,0,0,0,0,0,1,0,0,0,0,0,62,147,49,0,123,26,57,9,21,4,0,19,15,12,2,0,0,0,0,0,0,0,0,0,0,0,0,0,0,0,56,154,41,0,166,22,69,10,13,4,0,17,17,14,0,0,0,0,0,0,0,0,0,0,0,0,0,0,0,0,62,183,40,0,158,27,59,15,38,5,0,17,8,11,0,0,0,0,0,0,0,0,0,0,0,0,0,0,0,0,25,313,7,0,174,14,30,5,9,7,0,10,2,30,2,0,0,0,0,0,0,0,0,0,0,0,0,0,0,0,3,0,0,0,0,2,0,0,0,3,0,2,0,2,0
341980,0,0,0,0,0,0,0,0,0,0,0,0,0,0,0,51,2,1,0,0,268,35,173,7,33,2,7,0,6,8,0,0,0,0,0,0,4,0,0,0,0,0,1,0,0,56,6,11,0,0,168,55,207,10,30,11,8,3,4,7,0,0,0,0,0,0,0,0,0,0,0,0,0,0,0,59,2,9,0,2,155,125,141,11,18,8,5,8,9,15,0,0,0,0,0,0,0,0,0,0,0,0,0,0,0,48,13,4,0,0,212,37,139,12,15,11,8,0,5,8,0,0,0,0,0,0,0,0,0,0,0,0,0,0,0,48,3,9,0,1,144,38,143,12,29,3,3,0,3,5,44,7,7,9,1,15,18,98,12,33,14,3,0,4,5,6,1,0,0,0,5,3,7,2,4,0,0,0,1,0,0,0,0,0,0,0,0,0,0,0,0,0,0,0,0,0,0,0,0,0,0,0,0,0,0,0,0,0,0,0
356181,233,4,40,2,0,5,66,92,18,16,28,13,0,2,4,0,0,0,0,0,0,0,0,0,0,0,0,0,0,0,219,2,50,4,0,3,78,69,16,12,28,23,1,5,19,6,0,0,0,0,2,1,1,0,0,3,2,0,0,0,260,1,48,0,0,5,124,48,28,8,16,36,5,6,10,12,0,4,0,0,1,7,0,1,1,0,0,0,1,0,293,0,39,3,0,2,75,62,21,7,28,20,2,2,6,6,0,0,0,0,0,0,0,0,0,0,0,0,0,0,283,4,55,8,0,3,115,93,15,18,17,30,0,7,9,13,0,0,0,0,1,5,6,0,0,3,0,1,0,0,104,3,10,1,0,0,43,12,15,20,13,15,1,1,8,11,1,2,0,0,0,9,0,1,1,1,1,3,0,1,0,0,0,0,0,0,0,0,0,0,0,0,0,0,0,0,0,0,0,0,0,0,0,0,0,0,0,0,0,0
358863,1,0,0,0,0,1,0,0,0,3,0,0,0,0,0,108,38,94,0,45,122,65,13,12,9,0,2,44,9,17,0,0,2,0,0,0,0,0,0,0,0,0,0,0,0,59,29,61,0,50,130,47,64,18,9,0,8,24,4,17,2,0,0,0,0,0,0,0,0,0,0,0,0,3,0,96,33,38,0,72,110,36,36,27,8,0,3,17,4,17,0,0,0,0,0,2,0,1,0,0,0,0,0,0,0,59,32,58,0,53,138,79,38,20,8,0,4,25,6,19,0,0,0,0,0,0,0,0,0,0,0,0,0,0,0,59,46,53,0,56,151,75,35,9,4,0,5,29,9,16,0,0,0,0,0,0,0,0,0,0,0,0,0,0,0,18,227,2,0,137,47,14,14,1,52,0,2,1,17,5,0,0,0,0,0,0,0,0,0,0,0,0,0,0,0,0,0,0,0,0,0,0,0,0,0,0,0,0,0,0
356959,0,0,0,0,0,0,0,0,0,0,0,0,0,0,0,42,24,0,0,3,24,0,0,66,145,0,10,0,17,2,0,0,0,0,0,0,0,0,0,0,0,0,0,0,0,40,49,0,0,18,34,0,4,81,181,0,13,0,10,4,0,0,0,0,0,0,0,0,0,0,0,0,0,0,0,33,44,0,0,15,30,0,10,66,169,0,13,0,19,5,0,0,0,0,0,0,0,0,0,0,0,0,0,0,0,33,47,0,0,25,26,0,8,108,173,0,14,0,20,6,0,0,0,0,0,0,0,0,0,0,0,0,0,0,0,35,52,0,0,23,30,0,4,79,149,0,21,0,23,7,0,0,0,0,0,0,0,0,0,0,0,0,0,0,0,9,40,0,0,9,12,0,0,36,47,0,13,0,2,0,1,0,0,0,0,2,0,0,2,6,0,1,0,1,0,7,0,0,0,0,4,0,0,19,13,0,1,0,1,0
357700,0,0,0,0,0,0,0,0,0,0,0,0,0,0,0,201,3,14,0,4,9,307,24,30,16,14,19,1,12,7,5,0,2,0,0,2,2,0,2,0,3,1,0,0,1,122,1,12,0,1,12,242,14,25,9,9,16,5,14,8,0,0,0,0,0,0,0,0,0,0,0,0,0,0,0,124,4,14,0,5,14,151,17,16,12,12,17,4,12,3,4,0,3,0,0,2,10,0,1,1,3,0,0,1,0,152,8,5,0,4,7,331,22,30,15,7,25,2,20,14,11,0,2,0,1,0,5,0,2,1,0,1,0,3,0,157,11,8,0,1,8,253,21,27,7,13,26,3,11,12,80,6,2,0,0,1,38,4,22,10,14,12,0,5,7,15,2,1,0,0,1,41,13,18,4,3,19,0,0,2,2,0,0,0,0,0,0,1,7,6,0,3,0,3,1,19,0,0,0,0,1,0,0,9,16,0,12,0,5,0
357701,2,21,0,0,8,9,0,3,0,0,0,1,0,1,0,55,249,1,0,183,29,1,13,3,30,0,17,0,23,1,0,0,0,0,0,0,0,0,0,0,0,0,0,0,0,49,268,8,0,228,57,0,7,12,19,0,20,0,23,15,0,0,0,0,0,0,0,0,0,0,0,0,0,0,0,71,156,6,0,176,25,1,16,6,16,0,21,4,16,8,1,0,0,0,0,2,0,2,0,0,0,1,0,0,0,57,229,4,0,163,19,2,11,5,37,0,14,0,21,0,1,6,0,21,5,0,0,1,1,2,0,3,0,0,0,50,231,5,1,159,16,1,3,2,27,0,23,1,19,4,7,21,0,0,4,1,0,1,0,1,0,0,2,2,0,20,189,0,0,125,23,0,7,3,26,0,12,1,12,0,11,0,0,0,0,13,0,5,8,61,0,19,0,44,4,44,0,0,0,0,35,0,9,12,95,0,44,0,62,6
352950,4,0,0,0,0,0,0,20,0,0,1,0,0,0,0,347,1,33,1,0,21,179,28,15,0,21,5,0,2,6,5,0,0,1,0,0,0,15,0,0,3,0,0,0,0,424,2,48,0,0,21,195,27,28,1,25,11,2,2,5,6,3,0,0,0,0,0,0,4,0,0,0,0,0,0,288,0,36,0,0,19,182,30,26,1,19,5,3,0,2,5,2,0,9,0,0,0,0,0,0,0,1,0,0,1,368,0,24,0,0,28,206,21,26,4,26,8,5,1,9,0,0,0,0,0,0,0,0,0,0,0,0,0,0,0,367,0,33,0,0,12,205,14,27,2,21,12,1,2,8,95,12,20,0,0,9,39,0,8,2,34,16,0,1,2,23,0,3,0,0,3,38,4,1,0,8,5,0,0,2,4,0,0,0,0,0,0,0,5,2,1,3,0,0,0,9,0,0,0,0,0,0,0,5,0,0,3,0,0,0
355073,92,19,38,127,0,60,11,67,0,9,108,20,0,13,12,6,4,20,0,0,14,7,1,0,1,4,1,5,5,5,117,11,32,122,0,16,1,67,8,5,153,19,0,10,12,10,1,25,0,1,3,4,1,0,2,11,1,7,1,3,98,13,37,91,2,18,1,90,5,7,120,13,2,12,16,5,4,13,0,3,6,5,1,1,1,13,1,2,4,2,107,21,32,123,1,24,7,62,7,16,109,19,1,4,8,2,0,10,0,0,0,1,0,0,0,3,0,2,1,1,121,21,32,100,3,23,3,77,4,10,130,27,0,9,19,0,0,0,0,0,0,0,0,0,0,0,0,0,0,0,63,26,2,61,1,10,0,40,3,11,32,7,0,1,15,4,2,0,0,0,0,0,3,0,1,1,0,0,0,1,14,0,0,0,0,0,0,35,1,2,0,0,0,0,2,23,0,0,0,0,0,0,3,0,1,0,0,0,1,0
358228,0,0,0,0,0,0,0,0,0,0,0,0,0,0,0,36,47,0,0,4,19,0,4,131,137,0,19,0,15,4,0,0,0,0,0,0,0,0,0,0,0,0,0,0,0,50,56,0,0,16,15,0,5,114,129,0,18,0,8,1,0,0,0,0,0,0,0,0,0,0,0,0,0,0,0,36,80,0,0,18,15,0,9,135,128,0,16,0,10,2,0,0,0,0,0,0,0,0,0,0,0,0,0,0,0,48,87,0,0,11,23,0,12,150,142,0,28,0,15,3,0,6,0,0,0,0,0,0,0,0,0,0,0,0,0,32,62,0,0,16,19,0,5,131,112,0,21,0,7,3,1,12,0,0,0,0,0,1,9,5,0,4,0,0,0,10,68,0,0,9,17,0,2,100,72,0,40,0,3,2,0,0,0,0,0,1,0,0,4,5,0,0,0,0,0,1,0,0,0,0,4,0,0,22,16,0,1,0,3,0
357783,17,15,68,0,6,1,25,1,0,10,8,0,2,2,6,78,79,183,0,66,17,106,4,8,29,60,15,92,16,10,21,1,89,0,2,1,5,0,2,7,35,1,19,1,4,98,74,147,0,67,8,106,1,12,19,59,8,87,13,14,15,3,87,0,0,1,10,0,0,9,22,2,7,0,7,90,42,156,0,44,4,98,4,14,18,48,15,88,14,15,26,3,84,0,1,0,8,1,3,7,35,3,13,1,11,92,47,158,0,43,6,91,3,18,22,48,12,112,13,9,17,0,41,0,0,1,11,0,0,3,16,1,6,2,3,83,57,181,0,65,10,90,6,8,23,57,8,82,12,9,28,252,30,226,30,10,11,4,9,49,88,21,1,20,40,9,51,7,0,24,1,6,0,0,11,20,3,2,6,5,16,0,0,0,0,2,0,6,10,21,0,7,0,2,37,15,0,0,0,0,0,0,12,3,11,0,8,0,2,17
353069,9,93,0,68,62,3,0,0,6,9,0,7,0,13,0,29,149,1,13,238,11,0,8,13,19,0,11,0,35,2,13,70,0,75,61,3,0,0,2,4,0,4,0,6,1,56,130,5,18,164,12,0,8,6,15,0,13,3,16,1,0,3,0,0,2,0,0,0,0,1,0,1,0,1,0,53,138,0,0,181,11,0,7,21,27,0,6,0,21,1,8,64,0,37,40,2,0,0,2,2,0,3,0,9,0,85,139,0,4,252,10,0,2,14,8,0,16,1,17,4,7,40,0,37,23,1,0,0,1,1,0,3,0,2,0,24,169,0,5,183,7,0,7,14,21,0,17,1,28,2,6,319,0,36,104,5,0,1,8,15,0,7,0,25,1,0,53,0,0,32,2,0,0,1,2,0,1,0,16,1,0,0,0,0,0,0,0,0,0,0,0,0,0,0,0,0,0,0,0,0,0,0,0,0,0,0,0,0,0,0
355642,19,10,131,0,6,0,1,0,0,0,38,6,25,5,8,50,70,173,0,47,1,6,1,0,0,50,5,117,6,4,10,7,67,0,1,0,0,0,0,0,15,0,16,2,5,57,28,213,0,34,4,5,2,0,0,55,11,155,13,23,20,13,93,0,6,1,0,0,0,0,14,3,14,2,7,54,33,180,0,31,3,10,0,0,0,39,8,121,5,10,10,7,57,0,1,0,2,0,0,0,9,0,11,3,4,39,56,204,0,60,4,8,0,0,0,68,9,131,1,4,27,5,157,0,6,0,2,0,0,0,45,3,40,1,8,45,55,232,0,53,5,10,0,0,0,50,11,123,7,13,7,16,15,18,1,3,3,0,0,0,5,0,2,1,0,18,242,32,0,160,12,24,7,0,0,44,5,13,36,5,0,0,0,0,0,0,0,0,0,0,0,0,0,0,0,0,0,0,0,0,0,0,0,0,0,0,0,0,0,0
350407,201,11,9,22,1,55,9,25,38,11,0,25,0,19,14,35,6,1,1,0,13,1,1,9,5,0,7,0,1,3,245,12,21,45,1,33,4,10,40,19,0,23,1,14,19,17,1,1,0,0,9,0,0,7,2,0,4,0,1,0,188,10,15,0,1,34,3,8,40,11,0,24,0,11,19,11,1,0,0,0,3,1,0,2,0,0,1,0,0,0,199,8,24,29,1,39,5,10,26,13,0,18,0,24,6,16,7,1,4,0,7,0,0,7,0,0,3,0,0,2,213,7,26,43,0,31,7,15,37,14,0,22,1,16,18,19,1,2,0,0,4,0,0,3,1,0,1,0,0,1,159,17,10,2,0,31,1,3,35,13,0,32,0,7,7,3,5,1,0,0,14,0,0,1,7,0,4,0,0,0,5,0,0,0,0,0,0,0,0,1,0,2,0,1,1,13,0,0,0,0,4,0,0,0,3,0,2,0,0,0
355438,45,7,108,0,1,0,10,1,0,2,15,3,27,9,5,86,42,141,0,33,14,63,5,38,8,16,9,71,9,6,38,1,86,0,0,0,5,0,0,1,26,3,13,1,3,108,21,165,0,19,3,75,2,36,3,28,4,57,12,5,74,0,153,0,0,4,16,0,0,5,25,8,25,4,2,75,12,141,0,18,9,44,2,26,4,18,4,62,9,10,27,0,71,0,0,0,8,0,0,0,10,5,13,1,3,101,24,118,0,28,15,57,5,35,1,11,7,50,8,3,65,2,138,0,0,0,19,1,0,2,10,5,23,4,7,83,40,112,0,16,7,56,4,39,2,15,7,38,7,4,98,197,63,5,19,1,22,0,4,7,31,15,5,11,9,15,9,23,0,7,0,24,1,3,3,6,4,7,2,2,8,0,0,0,0,0,0,0,0,2,0,0,0,0,0,4,0,0,0,0,0,0,0,0,1,0,0,0,0,0
357113,47,28,25,11,13,53,10,141,20,4,0,7,1,9,14,22,11,6,4,10,11,8,39,5,1,0,4,1,3,2,33,18,31,19,14,50,3,156,21,6,0,7,2,18,9,23,10,9,0,7,19,6,56,14,3,0,7,1,0,2,16,25,22,0,15,53,11,164,38,9,0,8,2,10,5,10,10,10,0,8,19,6,61,19,3,0,11,3,4,2,29,12,17,7,8,90,12,157,21,2,0,8,2,12,7,14,8,6,0,9,11,4,76,12,2,0,13,1,4,1,28,24,16,5,5,34,6,167,21,5,0,5,3,15,2,17,6,7,0,5,14,1,34,5,2,0,7,1,5,1,13,62,1,10,5,2,1,36,17,12,0,4,0,19,13,0,4,0,0,4,0,0,4,0,4,0,0,0,2,1,22,0,0,0,0,0,0,12,0,8,0,2,0,1,11,12,0,0,0,0,1,0,12,4,3,0,5,0,2,34
350401,263,1,79,1,1,3,109,81,29,3,35,34,3,4,7,0,0,0,0,0,0,0,0,0,0,0,0,0,0,0,339,2,78,4,0,3,86,46,25,6,56,23,1,3,12,0,0,0,0,0,0,0,0,0,0,0,0,0,0,0,273,0,56,0,0,0,108,41,18,7,44,19,2,5,7,8,0,3,0,0,0,6,0,0,0,0,0,3,0,0,282,1,63,3,0,0,80,38,23,4,26,22,2,3,4,0,0,0,0,0,0,0,0,0,0,0,0,0,0,0,289,0,41,2,0,4,71,56,15,6,37,22,3,3,6,0,0,0,0,0,0,0,0,0,0,0,0,0,0,0,128,5,26,4,0,4,63,8,19,25,18,17,0,2,6,0,0,0,0,0,0,0,0,0,0,0,0,0,0,0,0,0,0,0,0,0,0,0,0,0,0,0,0,0,0,0,0,0,0,0,0,0,0,0,0,0,0,0,0,0
355530,33,41,31,22,12,50,13,31,7,2,0,4,5,2,1,45,92,24,0,57,64,30,47,10,3,0,9,7,6,2,31,42,21,27,5,40,15,48,7,1,0,2,5,2,0,55,87,15,0,54,39,12,57,20,4,0,20,7,10,1,33,51,19,0,9,34,9,27,19,0,0,7,6,4,2,42,70,13,0,57,34,25,47,29,4,0,16,5,5,1,28,42,25,16,8,40,7,39,16,0,0,3,3,6,0,43,72,29,0,75,56,23,51,13,0,0,11,3,10,2,36,46,26,7,15,27,17,46,10,0,0,2,5,5,1,50,82,21,2,63,47,35,45,26,4,0,11,4,12,1,1,2,1,0,1,0,0,7,0,0,0,0,0,1,0,0,0,0,0,0,0,0,1,0,0,0,1,0,0,0,18,0,0,0,0,2,0,0,3,2,0,3,0,0,0,20,0,0,0,0,19,0,8,1,6,0,3,0,1,0
356518,13,89,5,62,64,46,1,92,10,17,0,4,1,41,8,4,53,1,5,56,18,3,7,3,5,0,0,1,12,1,25,95,5,71,60,23,2,51,16,15,0,8,2,36,11,7,28,0,6,49,16,1,8,3,11,0,2,2,6,4,34,79,5,1,91,22,0,74,8,20,0,5,4,25,12,20,40,2,0,56,20,2,10,7,14,0,2,2,7,2,29,75,11,113,58,31,2,50,26,27,0,2,5,37,3,10,35,3,9,41,24,3,18,6,10,0,4,1,19,4,43,72,3,154,60,62,2,76,23,31,0,1,2,39,4,6,42,3,6,53,12,2,16,7,11,0,1,5,3,1,21,94,0,5,18,56,0,10,9,38,0,3,0,96,4,8,14,0,0,7,8,0,6,3,9,0,1,0,11,0,2,0,0,0,0,0,0,0,2,0,0,0,0,3,7,3,0,0,0,0,0,0,0,0,3,0,2,0,4,1
355532,35,59,0,4,16,26,16,5,24,6,0,4,0,2,2,18,67,0,0,30,21,5,7,13,8,0,6,0,4,11,18,52,0,2,8,17,15,4,5,3,0,4,0,3,0,37,65,0,0,14,18,15,7,16,5,0,9,0,3,9,7,39,0,0,13,22,5,2,10,8,0,2,0,1,4,5,38,0,0,21,18,3,1,21,2,0,3,0,1,1,15,51,0,3,20,26,11,3,12,2,0,4,0,4,3,27,65,0,1,22,30,2,3,21,5,0,10,0,7,0,19,57,0,1,9,11,8,6,18,7,0,3,0,9,4,23,55,0,0,23,27,7,3,12,3,0,5,0,3,5,7,29,0,0,3,10,16,4,5,2,0,2,0,3,0,7,16,0,0,5,2,3,1,4,1,0,1,0,1,0,22,0,0,0,0,17,0,5,2,5,0,5,0,4,0,47,0,0,0,0,55,0,10,5,14,0,11,0,7,0
356352,44,0,0,156,1,68,0,300,31,30,0,6,0,7,1,3,0,0,0,0,5,0,18,8,1,0,1,0,0,0,44,3,1,123,0,56,0,329,25,15,0,13,0,11,4,0,0,0,0,0,1,0,1,0,0,0,0,0,0,0,52,1,0,2,1,62,0,264,28,28,0,7,0,14,1,7,2,0,0,0,6,0,29,3,1,0,2,0,2,0,54,0,0,74,0,57,0,271,17,20,0,13,0,8,5,1,0,1,0,1,0,0,11,3,0,0,1,0,0,0,34,1,1,154,0,47,0,318,23,32,0,4,0,21,3,0,0,0,0,1,4,0,15,3,2,0,1,0,0,0,11,0,0,0,0,1,0,14,1,10,0,0,0,1,8,72,14,0,0,3,48,0,89,27,76,0,16,0,13,43,0,0,0,0,0,0,0,0,0,0,0,0,0,0,0,0,0,0,0,0,0,0,0,0,0,0,0,0,0,0
356512,109,0,17,0,0,0,3,52,19,3,0,3,10,3,16,107,26,21,0,23,84,39,68,22,7,0,3,20,9,26,116,1,10,0,0,0,3,42,18,3,0,1,4,3,15,83,15,10,0,38,56,14,33,14,7,0,2,9,6,6,155,2,23,0,1,0,5,78,22,6,0,0,8,7,19,102,10,19,0,8,1,11,73,25,6,0,0,16,0,13,141,6,26,0,3,1,3,88,24,7,0,4,12,3,23,111,21,28,0,30,23,25,54,42,3,0,2,14,5,15,0,0,0,0,0,0,0,0,0,0,0,0,0,0,0,0,0,0,0,0,0,0,0,0,0,0,0,0,0,0,0,0,0,0,0,0,0,0,0,0,0,0,0,0,0,74,88,8,0,50,23,171,56,4,26,0,0,1,16,0,132,0,0,0,0,7,0,0,2,14,0,0,0,4,1,294,0,0,0,0,32,0,5,2,21,0,1,0,12,2
355538,88,142,37,16,56,98,15,66,28,11,0,27,2,28,12,45,56,32,1,56,35,15,39,7,5,0,5,0,10,8,75,100,44,24,52,103,7,122,33,10,0,18,0,9,10,65,42,43,2,45,44,16,51,15,6,0,9,0,1,3,67,102,42,0,40,86,12,69,25,6,0,13,0,14,11,38,29,31,0,45,50,12,32,10,4,0,8,0,8,7,80,108,55,29,74,60,12,87,38,10,0,11,0,23,5,46,41,43,8,38,58,12,46,11,3,0,5,0,3,1,51,110,40,38,53,97,8,81,27,7,0,16,0,11,5,47,49,20,1,35,70,6,43,9,6,0,15,0,4,0,0,0,0,0,0,0,0,0,0,0,0,0,0,0,0,0,0,0,0,0,0,0,0,0,0,0,0,0,0,0,1,0,0,0,0,1,0,0,1,4,0,0,0,1,0,3,0,0,0,0,1,0,0,1,4,0,1,0,1,0
353508,166,2,227,0,0,2,58,60,4,0,73,2,35,3,5,33,0,47,0,0,1,25,0,2,0,5,0,36,3,0,209,1,219,0,0,4,15,9,8,0,82,4,32,2,2,34,0,42,0,0,0,17,0,1,1,10,2,24,1,1,185,1,203,0,0,3,16,6,9,2,86,5,43,2,3,43,1,84,0,1,6,26,0,4,4,18,5,52,3,5,134,0,191,1,0,3,12,3,2,2,58,5,32,1,2,14,0,19,0,0,3,13,0,0,0,5,4,18,1,0,168,0,235,0,0,0,30,15,4,0,68,4,37,2,6,40,1,65,0,0,4,23,2,2,0,12,2,41,3,2,127,57,106,41,5,13,68,73,15,6,60,15,7,9,2,7,14,10,0,9,0,4,0,2,2,2,0,0,1,0,62,0,0,0,0,18,0,0,16,24,0,38,0,8,29,160,0,0,0,0,17,0,9,22,28,0,57,0,6,56
355224,2,10,13,0,4,3,2,0,0,1,1,1,2,2,0,140,105,111,0,110,14,51,3,16,1,135,14,23,3,2,0,0,0,0,0,0,0,0,0,0,0,0,0,0,0,140,77,89,0,62,2,53,3,28,1,138,14,37,9,8,1,0,3,0,0,0,0,0,0,0,6,0,0,0,0,89,71,97,0,66,1,63,0,12,3,116,8,33,12,5,0,0,0,0,0,0,0,0,0,0,0,0,0,0,0,158,82,140,0,69,2,57,2,19,2,136,14,37,13,9,0,0,0,0,0,0,0,0,0,0,0,0,0,0,0,146,108,96,0,68,5,45,2,18,4,150,9,27,8,11,7,29,2,13,5,0,2,0,0,0,13,1,0,4,0,49,250,25,0,122,6,42,4,8,7,54,10,6,21,6,1,0,0,0,0,0,0,0,0,1,0,0,0,1,0,17,0,0,0,0,4,0,4,4,3,0,4,0,2,4
358944,9,0,19,0,0,0,9,0,0,0,3,1,5,1,0,84,48,74,0,69,1,125,9,3,11,20,11,70,16,5,1,0,0,0,0,0,0,0,0,0,0,0,0,0,0,139,25,112,2,48,0,111,7,3,11,49,11,93,8,7,0,0,0,0,0,0,0,0,0,0,0,0,0,0,0,102,44,107,0,50,9,117,4,2,14,42,11,86,17,5,12,0,16,0,0,0,2,0,0,1,0,0,4,2,2,160,42,92,0,38,14,158,6,6,12,46,11,62,17,10,11,0,9,0,0,0,7,0,0,0,4,0,3,0,0,101,38,122,0,56,3,160,4,15,10,41,15,80,17,15,16,33,18,0,8,2,45,1,6,6,21,2,7,3,0,23,14,21,0,18,0,44,0,6,6,8,2,15,5,2,4,0,0,0,0,0,0,0,1,4,0,1,0,8,0,10,0,0,0,0,2,0,0,4,12,0,7,0,7,3
355220,6,10,0,9,1,17,0,7,1,3,0,2,0,2,15,119,110,11,0,13,61,1,35,3,54,0,32,0,8,27,21,1,0,0,1,0,0,0,0,0,0,1,0,0,0,137,138,13,0,14,41,1,29,5,56,0,31,0,7,31,1,6,0,7,1,0,0,0,0,0,0,0,0,2,1,129,120,7,0,6,41,0,31,9,80,0,29,0,9,31,9,1,0,0,0,8,0,0,0,2,0,18,0,1,0,170,131,17,0,9,51,0,28,7,54,0,43,0,4,25,1,1,0,18,0,0,0,0,0,0,0,0,0,0,0,165,126,9,0,4,51,0,34,11,55,0,42,0,6,33,15,31,0,30,1,7,0,1,1,10,0,8,0,2,5,60,107,0,0,11,82,0,46,3,124,0,63,0,10,11,50,0,0,0,0,39,0,8,4,78,0,47,0,4,20,55,0,0,0,0,72,0,14,1,116,0,103,0,7,29
330198,74,28,1,340,10,75,4,32,1,1,0,6,0,9,27,14,48,0,35,29,26,2,9,0,1,0,6,0,7,2,57,38,16,404,10,30,4,10,2,3,0,6,2,8,21,10,33,0,34,21,8,0,7,0,2,0,3,0,4,2,96,109,30,33,21,25,1,9,4,7,0,9,1,24,21,17,43,3,0,29,7,0,1,2,5,0,4,1,7,2,55,63,9,340,15,58,0,14,3,5,0,15,0,24,16,5,8,1,22,2,3,0,1,0,2,0,2,0,1,0,38,43,1,376,9,50,1,8,0,6,0,11,0,8,13,6,21,1,40,2,5,0,3,0,2,0,0,0,1,0,41,198,1,58,22,49,3,27,0,6,0,2,0,5,28,8,57,0,0,20,11,4,11,3,3,0,1,0,6,1,15,0,0,0,0,13,0,6,1,5,0,0,0,1,15,112,0,0,0,0,46,0,31,6,18,0,28,0,14,54
357088,0,0,0,0,0,0,0,0,0,0,0,0,0,0,0,48,200,10,0,223,95,44,14,12,7,0,6,4,28,1,5,6,0,1,3,3,2,4,1,0,0,0,0,0,0,42,132,8,0,159,59,19,21,4,6,0,7,1,33,3,1,0,0,0,0,0,0,1,0,0,0,0,0,1,0,57,115,11,0,150,103,23,33,4,14,0,12,2,24,1,0,0,0,0,0,0,0,0,0,0,0,0,0,0,0,21,141,21,0,185,66,17,17,6,8,0,5,4,22,0,0,0,0,0,0,0,0,0,0,0,0,0,0,0,0,39,172,23,0,171,68,35,19,5,1,0,7,11,17,3,0,0,0,0,0,0,0,0,0,0,0,0,0,0,0,49,335,0,0,228,80,37,15,1,10,0,3,0,40,2,61,3,0,0,0,39,0,14,7,16,0,4,0,30,3,139,0,0,0,0,114,0,41,1,26,0,17,0,45,3
356261,49,40,0,217,7,32,1,21,4,36,1,13,0,8,2,3,25,0,0,25,3,0,1,3,20,0,3,0,2,1,55,27,8,240,17,21,3,27,5,67,1,22,0,3,2,6,27,0,6,35,2,0,1,7,7,0,4,0,4,0,58,26,1,26,11,23,3,16,11,76,1,19,0,5,4,0,10,0,0,14,2,0,0,0,5,0,5,0,1,0,68,39,6,206,28,21,2,27,8,55,4,25,0,15,1,23,62,0,11,66,5,0,13,13,14,0,10,0,8,0,53,42,0,272,16,19,0,20,8,79,0,24,0,12,7,6,35,0,5,26,13,0,1,2,10,0,4,0,5,0,19,34,0,6,8,5,2,13,2,66,0,10,0,3,1,4,2,0,0,1,0,0,2,0,3,0,0,0,0,0,8,0,0,0,0,6,0,0,0,118,0,6,0,20,0,1,0,0,0,0,1,0,0,1,15,0,2,0,1,1
356262,26,123,0,6,30,35,0,9,17,63,0,20,0,77,6,8,8,0,2,3,4,0,0,11,18,0,1,0,6,1,38,168,0,8,48,48,0,8,44,74,0,17,0,92,11,15,18,0,2,5,5,0,2,14,18,0,6,0,7,1,65,29,0,0,16,44,0,36,57,125,0,14,0,51,13,30,13,0,0,8,17,0,13,7,31,0,9,0,7,1,73,53,0,36,19,70,0,25,38,91,0,8,0,67,1,10,21,0,8,10,3,0,26,6,12,0,4,0,8,0,41,74,0,40,17,82,0,19,37,110,0,15,0,69,4,10,17,0,4,9,5,0,9,5,23,0,6,0,9,4,36,107,0,116,14,68,0,48,17,195,0,8,0,121,4,1,4,0,0,0,1,0,0,2,4,0,1,0,0,1,0,0,0,0,0,0,0,0,0,0,0,0,0,0,0,0,0,0,0,0,0,0,0,0,0,0,0,0,0,0
352946,0,0,0,0,0,0,0,0,2,4,0,2,0,0,0,31,3,0,0,0,28,0,1,145,99,0,35,0,8,1,0,1,0,0,0,5,0,1,1,6,0,1,0,0,1,27,8,0,0,2,17,0,6,139,109,0,55,0,4,1,0,0,0,0,0,0,0,0,0,0,0,0,0,0,0,36,0,0,0,0,30,0,1,167,118,0,63,0,4,3,0,0,0,8,2,1,0,0,2,1,0,1,0,0,0,41,4,0,3,2,36,0,5,179,98,0,41,0,15,2,0,0,0,0,0,0,0,0,0,0,0,0,0,0,0,31,3,0,0,2,21,0,0,174,95,0,51,0,5,0,1,0,0,0,0,2,0,0,3,5,0,0,0,0,0,0,0,0,0,0,0,0,0,0,0,0,1,0,0,0,0,0,0,0,0,0,0,0,0,0,0,0,0,0,0,0,0,0,0,0,0,0,0,0,0,0,0,0,0,0
355588,135,2,12,0,0,1,20,4,32,3,23,12,1,0,4,0,0,0,0,0,0,0,0,0,0,0,0,0,0,0,135,2,21,0,0,5,13,7,40,1,42,5,2,0,3,0,0,0,0,0,0,0,0,0,0,0,0,0,0,0,117,0,12,0,0,3,18,5,39,1,29,16,1,0,1,0,0,0,0,0,0,0,0,0,0,0,0,0,0,0,136,0,21,0,0,4,16,3,31,2,27,6,1,0,2,0,0,0,0,0,0,0,0,0,0,0,0,0,0,0,137,2,16,1,0,7,19,1,31,2,28,7,0,0,3,15,0,1,0,0,0,7,0,0,0,5,0,1,0,0,60,1,12,0,0,2,20,1,5,1,12,3,0,1,1,0,0,0,0,0,0,0,0,0,0,0,0,0,0,0,50,0,0,0,0,0,0,0,8,0,0,9,0,0,4,54,0,0,0,0,1,0,0,12,1,0,4,0,0,2
345275,308,5,42,0,0,1,6,1,86,9,66,17,0,0,2,0,0,0,0,0,0,0,0,0,0,0,0,0,0,0,377,3,62,2,0,0,10,0,93,13,64,13,0,0,3,0,0,0,0,0,0,0,0,0,0,0,0,0,0,0,300,7,61,0,0,0,9,0,91,8,70,20,0,0,3,0,0,0,0,0,0,0,0,0,0,0,0,0,0,0,356,13,52,3,0,2,6,0,126,15,94,14,0,0,1,0,0,0,0,0,0,0,0,0,0,0,0,0,0,0,371,5,64,1,0,0,4,0,118,11,95,16,0,0,1,0,0,0,0,0,0,0,0,0,0,0,0,0,0,0,217,24,54,2,0,3,16,0,55,23,72,13,1,0,22,0,0,1,0,0,0,1,0,0,0,0,0,0,0,0,106,0,0,0,0,43,0,4,53,11,0,10,0,0,6,189,0,0,0,0,76,0,14,73,37,0,14,0,0,14
351239,0,4,0,0,2,6,0,0,0,4,0,1,0,0,0,55,7,0,0,2,55,0,5,97,122,0,36,0,21,8,0,0,0,0,0,0,0,0,0,0,0,0,0,0,0,72,13,0,0,1,75,0,4,131,113,0,50,0,16,7,0,0,0,0,0,0,0,0,0,0,0,0,0,0,0,68,9,0,0,1,48,0,11,93,103,0,38,0,8,7,0,0,0,0,0,0,0,0,0,0,0,0,0,0,0,96,7,0,0,4,32,0,6,126,87,0,43,0,5,7,0,0,0,0,0,0,0,0,0,0,0,0,0,0,0,67,21,0,0,7,37,0,3,119,87,0,52,0,12,5,1,21,0,9,0,8,0,0,7,21,0,3,0,1,0,9,14,0,0,5,6,0,0,37,36,0,16,0,7,0,7,0,0,0,0,7,0,0,14,80,0,5,0,1,0,0,0,0,0,0,2,0,0,7,20,0,4,0,1,0
343918,54,8,0,318,0,166,0,14,21,37,0,42,0,5,9,0,0,0,0,0,0,0,0,3,0,0,0,0,0,0,61,1,0,380,0,111,0,8,44,45,0,30,0,5,12,0,0,0,0,0,0,0,0,0,0,0,0,0,0,0,67,0,0,53,0,110,0,7,35,46,0,30,0,9,7,0,0,0,0,0,0,0,0,0,0,0,0,0,0,0,53,3,0,302,0,88,0,8,33,27,0,44,0,7,4,0,0,0,3,0,0,0,0,3,0,0,0,0,0,0,63,7,0,284,0,85,0,6,25,58,0,51,0,8,5,1,0,0,1,0,1,0,1,0,0,0,1,0,0,0,15,4,0,156,0,52,0,23,10,70,0,18,0,4,9,2,0,0,0,0,0,0,1,0,4,0,3,0,0,2,5,0,0,0,0,13,0,0,0,30,0,8,0,0,7,2,0,0,0,0,1,0,0,0,2,0,0,0,0,0
356225,52,11,10,36,9,3,5,0,1,4,9,6,3,3,1,249,63,20,13,20,8,128,41,22,27,7,22,1,10,27,49,4,14,55,1,1,10,1,2,8,11,2,2,7,2,230,57,14,29,30,16,102,25,22,21,19,24,4,17,9,213,8,18,10,3,5,36,12,26,23,39,26,4,11,6,60,1,0,0,0,0,30,7,2,1,0,5,1,2,4,268,0,52,21,0,6,42,7,5,19,42,23,1,6,8,82,17,3,6,4,3,27,3,8,6,13,6,3,6,3,92,8,44,46,3,4,30,8,4,10,27,8,6,7,3,244,39,15,32,30,8,116,38,22,10,19,28,1,9,17,55,15,9,5,1,11,25,14,7,11,14,8,2,4,4,71,43,9,0,8,7,35,10,17,15,3,11,0,5,5,132,0,0,0,0,8,0,12,20,38,0,31,0,9,8,116,0,0,0,0,12,0,8,17,42,0,40,0,7,18
355428,60,0,13,0,0,0,1,0,0,0,9,4,11,0,0,105,5,31,0,0,3,61,4,4,1,10,6,30,4,1,43,0,4,0,0,0,1,0,0,0,11,3,4,1,1,90,3,15,0,4,1,25,1,2,0,21,4,18,0,2,66,0,5,0,0,1,2,0,2,0,11,5,8,0,0,58,0,13,0,0,1,15,2,4,3,8,3,16,0,3,53,0,5,0,0,0,1,0,0,1,17,4,3,0,2,101,2,29,0,2,4,34,2,8,0,19,7,24,4,0,96,0,2,0,0,0,2,0,1,0,5,0,9,1,3,104,0,10,0,1,0,20,0,3,1,18,6,17,2,5,0,0,0,0,0,0,0,0,0,0,0,0,0,0,0,48,8,2,0,6,5,31,3,7,1,10,1,6,3,5,28,0,0,0,0,1,0,0,1,1,0,8,0,4,2,68,0,0,0,0,10,0,0,3,9,0,15,0,1,6
357792,64,50,276,48,16,0,76,2,0,5,71,13,17,10,16,25,21,126,1,27,7,45,1,6,1,33,3,83,5,6,68,32,281,35,6,0,37,4,3,5,95,18,37,7,8,30,19,89,1,14,4,25,0,1,3,47,5,58,3,4,70,30,268,40,11,0,37,13,0,1,83,12,30,6,8,38,20,123,0,22,1,43,3,2,5,51,7,75,12,6,56,20,248,33,9,0,37,8,4,4,89,17,32,5,10,28,23,105,0,25,1,54,1,6,1,33,12,68,5,9,71,29,246,43,7,0,45,8,1,1,71,16,25,8,18,35,25,128,0,21,8,51,2,2,3,44,9,59,3,4,63,137,62,66,23,5,25,2,6,14,81,17,3,17,9,4,15,9,0,16,2,4,0,1,1,17,1,2,0,0,7,0,0,0,0,0,0,0,1,1,0,1,0,7,2,11,0,0,0,0,4,0,0,5,3,0,1,0,5,7
354205,234,0,148,0,0,0,33,0,0,0,45,11,27,6,6,72,0,50,0,0,0,57,3,0,0,14,2,58,8,4,200,0,109,0,0,1,14,0,0,0,34,7,18,6,12,38,1,50,0,0,1,50,0,2,0,11,9,34,8,3,138,0,88,0,0,0,21,0,1,2,31,11,35,3,17,42,0,42,0,0,0,49,1,4,0,15,5,41,4,8,187,0,105,0,0,0,20,0,2,1,34,8,28,2,6,49,0,46,0,0,0,54,0,0,0,9,3,41,2,4,196,0,143,0,0,0,23,0,1,1,34,6,29,2,11,48,0,36,0,0,0,33,0,1,0,6,3,32,0,0,89,103,30,0,9,2,25,0,7,2,59,21,5,20,24,34,21,5,0,10,3,17,0,9,5,9,12,3,7,3,0,0,0,0,0,0,0,0,0,0,0,0,0,0,0,5,0,0,0,0,1,0,0,1,1,0,5,0,0,1
358117,0,0,0,0,0,0,0,0,0,0,0,0,0,0,0,2,2,3,0,0,17,26,3,2,1,0,2,0,0,2,2,0,2,1,0,0,0,1,3,0,0,0,0,0,0,126,49,149,0,52,43,87,23,159,28,0,13,61,19,9,0,0,0,0,0,0,0,0,0,0,0,0,0,0,0,117,30,124,0,34,65,89,27,148,31,0,9,47,13,6,0,0,0,0,0,0,0,0,0,0,0,0,0,0,0,171,37,93,0,29,72,92,31,154,23,0,18,51,24,8,0,0,0,0,0,0,0,0,0,0,0,0,0,0,0,134,37,101,0,46,61,90,38,159,25,0,15,50,18,2,0,0,0,0,0,0,0,0,0,0,0,0,0,0,0,112,250,0,0,100,73,5,45,67,43,0,57,0,34,2,0,0,0,0,0,0,0,0,0,0,0,0,0,0,0,0,0,0,0,0,0,0,0,0,0,0,0,0,0,0
358600,10,0,0,0,0,0,0,1,0,0,0,0,0,0,2,141,44,87,0,47,88,67,127,29,7,0,12,47,10,51,1,1,2,0,3,3,2,0,0,0,0,0,0,0,0,120,32,65,0,46,51,31,110,36,4,0,12,30,8,31,5,0,0,0,0,0,0,0,0,0,0,0,0,0,1,122,27,59,0,36,62,24,133,39,3,0,10,20,11,31,1,0,0,0,0,0,0,0,0,0,0,0,0,1,1,122,38,63,0,34,96,42,104,31,5,0,8,39,6,37,0,0,0,0,0,0,0,0,0,0,0,0,0,0,0,102,56,37,0,75,95,31,123,46,2,0,4,21,12,25,0,0,0,0,0,0,0,0,0,0,0,0,0,0,0,51,207,10,0,172,12,68,24,7,4,0,2,5,23,27,91,0,0,0,0,6,0,23,4,11,0,1,0,10,59,112,0,0,0,0,16,0,34,6,9,0,25,0,13,81
353194,187,11,2,192,0,93,25,101,17,8,0,27,0,1,19,10,2,0,0,0,5,0,11,2,1,0,1,0,0,0,153,1,0,168,0,57,6,91,59,8,0,24,0,2,15,0,0,0,0,0,0,0,0,0,1,0,0,0,0,0,202,6,1,51,0,40,5,128,58,7,0,25,0,2,27,0,0,0,0,0,0,0,0,0,0,0,0,0,0,0,170,3,1,192,0,53,3,99,46,2,0,35,0,6,25,0,0,0,0,0,0,0,0,0,0,0,0,0,0,0,154,1,1,228,0,61,6,68,59,6,0,20,0,1,18,0,0,0,0,0,0,0,0,1,1,0,0,0,0,0,83,20,0,30,0,12,0,22,25,11,0,20,0,4,6,5,1,0,0,0,1,0,0,2,0,0,3,0,1,0,0,0,0,0,0,0,0,0,0,0,0,0,0,0,0,0,0,0,0,0,0,0,0,0,0,0,0,0,0,0
346381,47,13,6,0,3,36,16,12,1,0,0,0,0,5,37,89,46,49,0,28,36,92,8,5,18,0,10,24,22,49,13,2,2,0,0,2,4,2,1,0,0,0,0,0,4,146,40,35,0,27,19,78,11,2,18,0,11,12,11,41,5,1,7,0,0,2,2,0,1,2,0,2,0,2,0,92,49,37,0,26,50,47,20,5,16,0,10,13,12,42,5,0,0,0,0,0,0,0,0,1,0,0,0,0,0,100,35,33,0,24,58,66,26,7,16,0,8,12,8,49,31,0,0,0,0,1,1,3,0,1,0,3,0,0,5,125,39,33,0,23,30,80,23,2,15,0,9,13,16,50,111,79,29,17,56,17,86,24,2,16,0,4,2,14,15,10,1,2,0,0,1,18,3,0,3,0,1,0,1,0,151,0,0,0,0,4,0,0,3,27,0,41,0,21,83,120,0,0,0,0,6,0,0,5,34,0,19,0,23,38
