Issuer_id,AM_1_,AM_2_,AM_3_,AM_4_,AM_5_,AM_6_,AM_7_,AM_8_,AM_9_,AM_10_,AM_11_,AM_12_,AM_13_,AM_14_,AM_15_,AM_16_,AM_17_,AM_18_,AM_19_,AM_20_,AM_21_,AM_22_,AM_23_,AM_24_,AM_25_,AM_26_,AM_27_,AM_28_,AM_29_,AM_30_,AM_31_,AM_32_,AM_33_,AM_34_,AM_35_,AM_36_,AM_37_,AM_38_,AM_39_,AM_40_,AM_41_,AM_42_,AM_43_,AM_44_,AM_45_,AM_46_,AM_47_,AM_48_,AM_49_,AM_50_,AM_51_,AM_52_,AM_53_,AM_54_,AM_55_,AM_56_,AM_57_,AM_58_,AM_59_,AM_60_,AM_61_,AM_62_,AM_63_,AM_64_,AM_65_,AM_66_,AM_67_,AM_68_,AM_69_,AM_70_,AM_71_,AM_72_,AM_73_,AM_74_,AM_75_,AM_76_,AM_77_,AM_78_,AM_79_,AM_80_,AM_81_,AM_82_,AM_83_,AM_84_,AM_85_,AM_86_,AM_87_,AM_88_,AM_89_,AM_90_,AM_91_,AM_92_,AM_93_,AM_94_,AM_95_,AM_96_,AM_97_,AM_98_,AM_99_,PM_1_,PM_2_,PM_3_,PM_4_,PM_5_,PM_6_,PM_7_,PM_8_,PM_9_,PM_10_,PM_11_,PM_12_,PM_13_,PM_14_,PM_15_,PM_16_,PM_17_,PM_18_,PM_19_,PM_20_,PM_21_,PM_22_,PM_23_,PM_24_,PM_25_,PM_26_,PM_27_,PM_28_,PM_29_,PM_30_,PM_31_,PM_32_,PM_33_,PM_34_,PM_35_,PM_36_,PM_37_,PM_38_,PM_39_,PM_40_,PM_41_,PM_42_,PM_43_,PM_44_,PM_45_,PM_46_,PM_47_,PM_48_,PM_49_,PM_50_,PM_51_,PM_52_,PM_53_,PM_54_,PM_55_,PM_56_,PM_57_,PM_58_,PM_59_,PM_60_,PM_61_,PM_62_,PM_63_,PM_64_,PM_65_,PM_66_,PM_67_,PM_68_,PM_69_,PM_70_,PM_71_,PM_72_,PM_73_,PM_74_,PM_75_,PM_76_,PM_77_,PM_78_,PM_79_,PM_80_,PM_81_,PM_82_,PM_83_,PM_84_,PM_85_,PM_86_,PM_87_,PM_88_,PM_89_,PM_90_,PM_91_,PM_92_,PM_93_,PM_94_,PM_95_,PM_96_,PM_97_,PM_98_,PM_99_
355212,0,0,0,0,0,0,0,0,0,45,0,0,6,487,0,79,96,3,146,331,880,0,3,0,0,0,0,0,0,0,103,0,0,0,0,0,8,170,0,26,0,10,0,0,0,2,603,68,0,6,12,0,145,0,0,0,0,0,0,0,0,0,0,0,0,0,0,0,441,10,35,0,0,7,0,0,0,0,0,0,0,7,21,218,0,0,0,0,0,0,0,0,0,0,0,0,0,1,0,0,0,0,0,0,0,0,0,0,3,0,0,3,59,0,7,12,0,11,27,0,0,4,0,0,0,0,0,0,0,23,0,0,0,0,0,17,23,0,7,0,11,0,0,0,0,63,7,0,1,1,0,18,0,0,0,0,0,0,0,0,0,0,0,0,0,0,0,61,1,7,0,0,1,0,0,0,0,0,0,0,3,12,15,0,0,0,0,0,0,0,0,0,0,0,0,0,0,0
355218,0,0,0,0,0,0,0,0,0,37,4,0,2,485,0,281,76,108,65,301,1165,0,1,48,0,1,0,0,0,0,0,0,0,0,0,0,2,84,0,322,0,0,0,0,0,39,0,42,0,111,11,0,33,0,0,0,0,0,3,29,2,0,0,2,0,1,1,0,0,32,70,0,0,35,1,0,0,0,0,0,0,14,0,45,0,0,0,0,0,0,0,0,0,0,0,0,0,3,0,0,0,0,0,0,0,0,0,0,1,0,0,0,15,0,8,3,3,9,5,2,0,0,0,0,0,0,0,0,0,0,0,0,0,0,0,0,2,0,8,0,0,0,0,0,4,0,8,0,6,1,0,3,0,0,0,0,0,0,0,0,0,0,0,0,0,0,0,0,0,0,0,0,0,0,0,0,0,0,0,0,0,0,1,0,0,0,0,0,0,0,0,0,0,0,0,0,0,0
358857,0,0,0,0,0,0,0,0,1,7,0,0,18,64,0,0,4,0,15,2,10,0,0,0,0,0,0,0,0,0,112,0,0,0,0,0,2,15,0,39,0,12,0,0,0,13,56,8,0,12,0,0,7,0,0,0,0,0,0,0,0,1,0,5,0,0,0,0,109,4,6,0,1,0,0,0,0,0,0,0,0,1,0,3,0,0,0,0,6,0,0,0,0,0,0,0,0,0,0,0,0,0,0,0,0,0,0,2,29,0,0,73,377,0,27,62,0,101,65,0,0,1,0,0,0,0,0,0,0,1231,0,0,0,4,0,93,158,0,104,0,199,0,0,0,62,116,37,0,50,1,0,35,0,0,0,0,0,0,0,0,1,0,13,0,0,0,0,524,22,30,3,6,5,0,0,0,0,0,0,0,4,2,18,0,0,0,0,10,0,0,0,0,0,0,0,0,0,0
358204,0,0,0,0,0,0,0,0,0,0,0,0,1,64,0,0,1,0,0,4,0,0,0,0,0,0,0,0,0,0,21,0,0,0,1,0,0,19,0,2,0,2,0,0,0,6,4,1,0,1,0,0,0,0,0,0,0,0,0,0,0,0,0,1,0,0,0,0,9,3,5,0,0,0,0,0,0,0,0,0,0,0,0,4,0,0,0,0,0,0,0,0,0,0,0,0,0,0,0,0,0,0,0,0,0,0,0,24,3,1,0,70,991,0,53,31,0,41,82,0,0,9,0,0,0,0,0,0,0,1350,0,0,0,27,0,30,55,0,41,0,126,1,0,0,89,30,22,0,8,5,0,11,0,0,0,0,0,0,0,0,0,0,31,0,0,0,0,203,21,26,2,8,6,0,0,0,0,0,0,0,10,27,40,0,0,0,0,0,0,0,0,0,0,0,0,0,0,0
357338,0,0,0,0,0,0,0,0,0,30,0,0,32,607,0,23,79,0,27,0,5,0,5,0,0,0,0,0,0,0,12,0,0,0,0,0,0,1,0,16,0,26,0,0,0,105,0,0,0,4,16,0,3,0,0,0,0,0,0,0,1,0,0,0,0,0,4,0,65,1,16,1,0,0,1,0,0,0,0,0,0,3,0,51,0,0,0,0,0,0,0,0,0,0,0,0,0,0,0,0,0,0,2,0,0,0,0,0,31,0,0,61,1050,0,619,241,3,46,140,1,0,6,14,0,9,0,0,0,0,192,0,0,0,0,0,293,433,0,70,0,137,0,0,2,261,0,22,0,20,37,0,5,0,0,0,0,0,0,0,2,0,0,0,0,0,7,0,262,20,92,0,0,5,1,0,0,0,0,0,0,42,0,48,0,0,0,0,0,0,0,0,0,0,0,0,0,0,0
357086,0,0,0,1,0,0,0,0,0,17,0,0,17,696,0,393,146,0,43,46,38,0,0,0,0,0,0,0,0,0,55,0,0,0,0,0,25,51,0,64,0,94,0,0,0,104,0,4,0,12,14,0,2,0,0,0,0,0,0,0,0,0,0,0,0,0,1,0,271,11,46,0,0,6,1,0,1,0,0,0,0,14,0,16,0,0,0,0,0,0,0,0,0,0,0,0,0,0,0,0,0,0,0,0,0,0,0,0,50,0,0,19,671,0,703,248,0,55,185,0,0,0,2,0,0,0,0,0,0,272,0,0,0,1,0,216,244,3,154,0,121,0,0,0,111,0,8,0,48,13,0,10,0,0,0,0,0,0,0,2,0,0,0,0,0,0,0,126,37,125,0,0,9,2,0,1,0,0,0,0,17,0,4,0,0,0,0,0,0,0,0,0,0,0,0,0,1,0
330291,0,0,0,0,0,0,0,0,0,1,14,0,2,539,0,7,25,0,92,337,1485,0,0,0,0,0,0,0,0,0,0,0,0,0,0,0,0,151,0,297,0,0,0,0,0,339,0,43,0,73,2,0,12,0,0,0,0,0,0,138,3,0,0,0,0,2,18,0,0,21,50,0,0,4,0,0,0,0,0,0,0,3,0,11,0,0,0,0,0,0,0,0,0,0,0,0,0,0,0,0,0,0,0,0,0,0,0,0,0,0,0,1,14,0,2,0,3,10,12,19,0,0,0,0,0,0,0,0,0,0,0,0,0,0,0,1,44,0,17,0,0,0,0,0,36,0,7,1,10,0,0,1,0,0,0,0,0,0,1,0,0,0,0,0,0,1,0,0,0,4,0,0,0,0,0,0,0,0,0,0,0,0,0,0,0,0,0,0,0,0,0,0,0,0,0,0,0,0
350423,0,0,0,0,0,0,0,0,0,1,0,0,0,18,0,2,10,0,1,64,7,0,0,5,0,0,0,0,0,0,0,0,0,0,0,0,0,65,0,7,0,0,0,0,0,0,0,0,0,4,0,0,3,0,0,0,0,0,0,0,0,0,0,0,0,0,0,0,2,4,7,0,0,0,0,0,0,0,0,0,0,0,0,0,0,0,0,0,0,0,0,0,0,0,0,0,0,0,0,0,0,0,0,0,0,0,0,0,10,3,0,2,217,0,36,182,0,29,475,11,0,1,102,0,0,0,0,0,0,45,0,0,0,0,0,0,1802,0,100,0,0,0,0,0,22,42,19,0,19,2,0,42,0,0,0,0,0,0,0,0,1,0,0,0,0,0,2,147,73,212,0,0,36,0,0,0,0,0,0,0,1,0,0,0,0,0,0,0,0,0,0,0,0,0,0,0,0,0
350424,0,0,0,0,0,0,0,1,0,7,0,0,11,138,0,13,8,2,34,16,21,0,0,1,0,0,0,0,0,0,151,0,0,0,12,0,1,21,0,8,0,1,0,0,0,15,66,1,0,1,5,0,1,0,0,0,0,0,1,0,0,0,0,4,0,0,0,0,55,1,4,0,2,1,0,0,0,0,0,0,0,9,0,7,0,0,0,0,0,0,0,0,0,0,0,0,0,0,0,0,0,0,0,0,0,0,5,0,17,0,0,41,653,0,31,19,9,57,35,0,0,0,1,0,0,0,0,0,0,919,0,0,0,129,0,0,28,0,9,0,2,0,0,0,53,98,3,0,2,2,0,2,0,0,0,0,0,1,0,1,0,0,8,0,1,0,0,94,5,16,0,2,7,0,0,2,0,0,0,0,84,0,2,0,0,0,0,0,0,0,0,0,0,0,0,0,0,0
350425,0,0,0,0,0,0,0,1,0,22,0,0,1,282,0,51,19,8,61,108,821,0,0,4,0,0,0,0,0,0,0,0,0,0,0,0,8,147,0,150,0,0,0,0,0,104,0,114,0,21,40,1,31,0,0,0,0,0,0,7,68,0,0,0,0,58,5,4,0,34,46,4,10,8,1,0,0,0,0,0,0,114,1,179,0,0,0,0,0,0,0,0,0,0,0,0,0,1,0,0,0,0,0,0,0,0,1,0,12,0,0,0,20,0,28,0,23,1,10,0,0,0,0,0,0,0,0,0,0,0,0,0,0,0,0,2,8,0,25,0,0,0,0,0,21,0,6,0,4,0,0,22,0,0,0,0,0,0,1,2,0,0,0,0,1,2,0,0,2,1,2,1,1,0,0,0,0,0,0,0,23,0,3,0,0,0,0,0,0,0,0,0,0,0,0,0,0,0
346409,0,0,0,0,0,0,0,82,0,17,5,0,21,1172,0,13,26,1,70,23,33,0,0,0,0,0,0,0,0,0,144,0,0,0,0,0,3,16,0,7,0,23,0,0,0,111,284,26,0,14,10,0,3,0,0,0,0,0,1,0,2,0,0,25,0,0,1,0,473,7,10,0,0,4,1,0,0,0,0,0,0,79,14,151,0,0,0,0,0,0,0,0,0,0,0,0,0,1,0,0,0,0,0,0,0,0,0,0,2,0,0,0,6,0,0,0,0,0,1,0,0,0,0,0,0,0,0,0,0,3,0,0,0,0,0,0,0,0,0,0,2,0,0,0,0,2,0,0,0,0,0,0,0,0,0,0,0,0,0,0,0,0,0,0,0,0,0,4,0,0,0,0,0,0,0,0,0,0,0,0,1,0,1,0,0,0,0,0,0,0,0,0,0,0,0,0,0,0
330692,0,0,0,0,0,0,0,0,12,22,15,0,50,996,0,133,17,80,86,183,229,0,0,0,0,0,0,0,0,0,159,2,0,0,0,0,60,94,0,185,0,0,0,0,0,34,266,64,0,24,0,3,4,0,0,0,0,0,0,0,0,0,0,200,0,0,4,0,429,14,56,0,0,19,0,0,0,0,0,0,0,2,0,37,0,0,0,0,0,0,0,0,0,0,0,0,0,1,0,0,0,0,0,0,0,0,0,1,11,3,0,3,178,0,52,6,15,50,28,7,0,0,0,0,0,0,0,0,0,62,0,0,0,0,0,37,19,0,89,0,0,0,0,0,28,47,17,0,8,1,0,0,0,0,0,0,0,0,0,0,0,0,62,0,0,0,0,90,6,19,0,0,2,0,0,0,0,0,0,0,1,0,8,0,0,0,0,0,0,0,0,0,0,0,0,0,0,0
355453,0,0,0,0,0,0,0,2,0,61,2,0,27,838,0,723,92,14,31,256,319,0,3,0,0,0,0,0,0,0,7,0,0,0,0,0,1,46,0,5,0,2,0,0,0,336,428,79,0,9,11,0,50,0,0,0,0,0,1,1,2,0,0,11,0,0,0,0,124,4,55,1,6,4,0,0,0,0,0,1,0,1,8,307,0,0,0,0,1,0,1,0,0,0,0,0,0,0,0,0,0,0,0,0,0,0,1,0,0,0,0,2,18,0,27,8,0,1,9,0,0,0,0,0,0,0,0,0,0,13,0,0,0,0,0,0,1,0,1,0,22,0,0,0,16,28,0,0,0,0,0,1,0,0,0,0,0,0,0,0,0,0,1,0,0,0,0,74,1,11,0,0,1,0,0,0,0,0,0,0,5,0,15,0,0,0,0,1,0,0,0,0,0,0,0,0,0,0
355156,0,0,0,0,0,0,0,0,0,131,0,0,11,688,0,187,19,47,216,315,1292,0,7,0,0,0,0,0,0,0,3,0,0,0,0,0,11,67,0,221,0,0,1,0,0,76,0,12,0,15,4,0,17,0,0,0,0,0,0,0,1,0,0,34,0,1,2,1,16,34,60,0,0,5,1,0,0,0,0,0,0,1,0,15,0,0,0,0,0,0,0,0,0,0,0,0,0,6,0,0,0,0,0,0,0,0,0,0,12,0,0,2,77,0,6,5,7,62,35,53,0,1,0,0,0,0,0,0,0,3,0,0,0,0,0,4,14,0,38,0,0,0,0,0,16,0,6,0,0,1,0,3,0,0,0,0,0,0,0,0,0,0,4,0,0,1,0,0,7,5,0,0,2,0,0,0,0,0,0,0,2,0,1,0,0,0,0,0,0,0,0,0,0,0,0,0,0,0
349570,0,0,0,0,0,0,0,0,0,51,0,0,3,203,0,47,24,0,400,152,3366,0,0,0,0,0,0,0,0,0,0,0,0,0,0,0,18,402,0,176,0,0,0,0,0,156,0,33,0,10,5,1,2,0,0,0,0,0,0,15,4,0,0,0,0,2,0,0,0,29,130,0,8,8,0,0,0,0,0,2,0,1,0,43,0,0,0,0,0,0,0,0,0,0,0,0,0,0,0,0,0,0,0,0,0,0,0,0,114,0,0,1,96,0,141,24,121,220,41,57,0,0,0,0,0,0,0,0,0,0,0,0,0,0,0,15,36,0,70,0,0,0,0,0,275,0,15,0,9,2,0,13,0,0,0,0,0,0,6,0,0,0,0,0,0,0,0,0,13,28,0,4,1,0,0,0,0,0,0,0,0,0,7,0,0,0,0,0,0,0,0,0,0,0,0,0,0,0
342966,0,0,0,0,0,0,0,0,0,46,87,0,11,1504,0,21,24,0,61,33,31,0,4,0,0,0,0,0,0,0,1109,0,0,0,0,0,0,2,0,361,0,0,0,0,0,112,190,29,0,9,5,0,13,0,0,0,0,0,0,0,0,0,0,12,0,0,6,0,9,5,8,0,1,1,0,0,0,0,0,0,0,11,0,54,0,0,0,0,0,0,0,0,0,0,0,0,0,0,0,0,0,0,0,0,0,0,0,0,11,7,0,3,163,0,23,0,3,31,26,0,0,0,0,0,0,0,0,0,0,100,0,0,0,0,0,0,0,0,119,0,0,0,0,0,157,9,11,0,10,2,0,5,0,0,0,0,0,0,0,0,0,0,3,0,0,2,0,0,2,7,0,0,0,0,0,0,0,0,0,0,0,0,2,0,0,0,0,0,0,0,0,0,0,0,0,0,0,0
349576,0,0,0,0,0,0,0,0,0,0,5,0,1,307,0,1,3,0,5,3,0,0,0,0,0,0,0,0,0,0,53,0,0,0,4,0,53,230,0,14,0,163,0,0,0,1,93,1,0,0,0,0,0,0,0,0,0,0,0,0,0,0,0,3,0,0,0,0,434,10,35,0,0,3,0,0,0,0,0,0,0,0,0,22,0,0,0,0,0,0,0,0,0,0,0,0,0,0,0,0,0,0,0,0,0,0,0,0,0,3,0,5,404,0,6,8,0,11,7,0,0,0,0,0,0,0,0,0,0,305,0,0,0,16,0,43,79,0,37,0,597,0,0,0,2,109,0,0,0,3,0,0,0,0,0,0,0,0,0,0,0,0,11,0,0,0,0,775,14,42,0,0,6,0,0,0,0,0,0,0,6,0,14,0,0,0,0,0,0,0,0,0,0,0,0,0,0,0
352036,0,0,0,0,0,0,0,0,8,14,0,0,7,247,0,56,88,4,71,226,1198,0,2,5,0,0,0,0,0,0,518,0,0,0,0,0,4,174,0,40,0,6,0,0,0,40,279,12,0,3,6,0,16,0,0,0,0,0,0,1,0,0,0,2,0,0,0,0,214,18,56,0,0,25,1,0,0,0,0,0,0,54,0,1,0,0,0,0,0,0,0,0,0,0,0,0,0,3,0,0,0,0,0,0,0,0,0,5,2,0,0,17,243,0,29,82,0,38,158,11,0,0,0,0,0,0,0,0,0,383,0,0,0,0,0,4,35,0,48,0,17,0,0,0,51,83,11,0,0,6,0,4,0,0,0,0,0,0,0,0,0,0,2,0,0,0,0,154,4,31,0,0,18,1,0,0,0,0,0,0,29,0,3,0,0,0,0,0,0,0,0,0,0,0,0,0,1,0
357771,0,0,0,0,0,0,0,0,0,0,0,0,2,44,0,1,1,0,2,1,0,0,0,0,0,0,0,0,0,0,10,0,0,0,0,0,0,19,0,1,0,0,0,0,0,5,8,3,0,0,0,0,0,0,0,0,0,0,0,0,0,0,0,1,0,0,0,0,9,2,0,0,0,0,0,0,0,0,0,0,0,0,0,8,0,0,0,0,0,0,0,0,0,0,0,0,0,0,0,0,0,0,0,0,0,0,0,42,1,0,0,70,1628,0,106,15,2,27,16,0,0,0,0,0,0,0,0,0,0,1293,0,0,0,7,0,2,34,0,7,0,29,0,0,0,190,122,34,0,2,2,0,2,0,0,0,0,0,0,0,0,0,0,14,0,0,0,0,70,6,4,1,20,8,0,0,9,0,0,0,0,6,0,80,0,0,0,0,0,0,0,0,0,0,0,0,0,0,0
356964,0,0,0,0,0,0,0,0,0,0,0,0,2,6,0,21,5,0,0,21,3,0,0,0,0,0,0,0,0,0,0,0,0,0,0,0,1,9,0,0,0,0,0,0,0,2,0,1,0,0,0,0,1,0,0,0,0,0,0,0,0,1,0,0,0,0,0,0,0,1,1,0,0,0,0,0,0,0,0,0,0,0,0,0,0,0,0,0,0,0,0,0,0,0,0,0,0,0,0,0,0,0,12,0,0,0,0,0,9,0,0,10,468,0,1282,25,3,18,716,0,0,0,0,0,0,0,0,0,0,18,0,0,0,0,0,71,86,0,24,0,6,1,0,0,123,0,56,0,17,18,0,20,0,0,0,0,0,0,1,0,0,0,0,0,0,0,0,7,14,25,0,1,2,1,0,0,0,0,0,0,3,0,3,0,0,0,0,0,0,0,0,0,0,0,0,0,0,0
358126,0,0,0,0,0,0,0,0,0,8,4,0,0,150,0,238,4,7,30,38,800,0,0,2,0,0,0,0,0,0,0,0,0,0,0,0,789,962,2,49,0,2,0,0,0,3,0,2,0,2,1,0,0,0,0,0,0,0,0,0,0,0,0,0,0,0,0,0,8,35,49,0,0,5,0,0,0,0,0,0,0,0,0,16,0,0,0,0,0,0,0,0,0,0,0,0,0,0,0,0,0,0,0,0,0,0,0,0,2,2,0,0,75,0,22,1,1,27,31,11,0,0,2,0,0,0,0,0,0,0,0,0,0,0,0,531,434,0,55,0,0,0,0,0,9,0,1,0,4,0,0,1,0,0,0,0,0,0,0,0,0,0,2,0,0,0,0,2,20,41,0,0,2,0,0,0,0,0,0,0,0,0,5,0,0,0,0,0,0,0,0,0,0,0,0,0,0,0
358128,0,0,0,0,0,0,0,0,0,4,3,0,8,196,0,17,2,0,18,19,127,0,2,0,0,0,0,0,0,0,27,0,0,0,0,0,111,253,0,57,0,50,0,0,0,15,71,12,0,6,1,0,0,0,0,0,0,0,0,0,0,0,0,11,0,0,0,0,215,66,173,0,0,4,1,0,0,0,0,0,0,2,0,4,0,0,0,0,0,0,0,0,0,0,0,0,0,0,0,0,0,0,0,0,0,0,0,0,1,20,0,17,625,0,102,6,0,39,5,2,0,0,0,0,0,0,0,0,0,368,0,0,0,0,0,377,172,0,75,0,610,0,0,0,32,231,82,0,5,0,0,0,0,0,0,0,0,0,0,0,0,0,67,0,0,0,0,1010,93,179,0,0,7,0,0,0,0,0,0,0,0,0,13,0,0,0,0,0,0,0,0,0,0,0,0,0,0,0
355205,0,0,0,0,0,0,0,0,0,11,0,0,2,243,0,74,97,0,158,190,836,0,0,10,0,0,0,0,0,0,5,0,0,0,0,0,275,405,0,310,0,1,0,0,0,18,0,5,0,10,2,0,2,0,0,0,0,0,0,4,0,0,0,1,0,0,2,0,23,62,158,0,0,19,4,0,0,0,0,0,0,0,0,5,0,0,0,0,0,0,0,0,0,0,0,0,0,2,0,0,0,0,0,0,0,0,0,0,8,0,0,1,67,0,65,63,3,103,99,29,0,0,2,0,0,0,0,0,0,5,0,1,0,0,0,299,295,0,154,0,6,0,0,0,15,0,4,0,6,1,0,3,0,0,0,0,0,0,1,0,0,0,0,0,0,0,0,15,38,63,0,0,7,0,0,0,0,0,0,0,0,0,1,0,0,0,0,0,0,0,0,0,0,0,0,0,0,0
359336,0,0,0,0,0,0,0,0,0,0,1,0,0,8,0,2,1,0,4,9,6,0,0,0,0,0,0,0,0,0,0,0,0,0,0,0,41,119,0,17,0,0,0,0,0,4,0,2,0,1,0,0,0,0,0,0,0,0,0,0,0,0,0,0,0,0,0,0,0,16,15,0,0,0,0,0,0,0,0,0,0,0,0,0,0,0,0,0,0,0,0,0,0,0,0,0,0,0,0,0,0,0,0,0,0,0,0,0,3,1,0,10,38,0,16,3,1,23,28,0,0,0,0,0,0,0,0,0,0,0,0,0,0,0,0,456,491,0,70,0,0,0,0,0,63,0,12,0,2,0,0,0,0,0,0,0,0,0,0,0,0,0,0,0,0,0,0,0,41,70,0,5,6,1,0,0,0,0,0,0,1,0,0,0,0,0,0,0,0,0,0,0,0,0,0,0,0,0
346330,0,0,0,0,0,0,0,0,0,19,0,0,28,1170,0,366,97,170,63,257,191,0,1,0,0,0,0,0,0,0,352,0,0,0,0,0,0,78,0,57,0,0,0,0,0,65,98,36,0,1,24,0,0,0,0,0,0,0,0,0,3,0,0,19,0,2,0,0,9,20,26,0,0,12,0,0,2,0,0,0,0,23,42,48,0,0,0,0,0,0,0,0,0,0,0,0,0,0,0,0,0,0,0,0,0,0,0,0,6,0,0,36,454,0,277,88,103,34,206,0,0,0,0,0,0,0,0,0,0,92,0,0,0,0,0,0,0,0,21,0,0,1,0,0,34,17,20,0,0,23,0,0,0,0,0,0,0,0,0,2,0,0,1,0,2,0,0,1,4,16,0,0,5,0,0,1,0,0,0,0,9,11,12,0,0,0,0,0,0,0,0,0,0,0,0,0,0,0
358607,0,0,0,0,0,0,0,0,0,2,0,0,5,15,0,0,1,0,1,0,5,0,3,0,0,0,0,0,0,0,12,0,0,0,4,0,4,14,0,2,0,2,0,0,0,0,2,0,0,0,0,0,1,0,0,0,0,0,0,0,0,0,0,1,0,0,0,0,18,2,6,0,0,0,0,0,0,0,0,0,0,0,1,1,0,0,0,0,0,0,0,0,0,0,0,0,0,0,0,0,0,0,0,0,0,0,1,1,15,2,0,51,305,0,21,49,0,32,80,0,0,19,0,0,0,0,0,0,0,785,0,0,0,70,0,172,294,0,34,0,151,0,0,0,41,106,7,0,3,2,0,8,0,0,0,0,0,0,0,0,0,0,4,0,0,0,0,508,6,54,0,6,7,0,0,0,0,0,0,0,3,64,14,0,0,0,0,47,0,0,0,0,0,0,0,0,0,0
350433,0,0,0,0,0,0,0,0,0,1,0,0,6,321,0,26,3,1,94,300,2055,0,0,53,0,0,0,0,0,0,0,0,0,0,0,0,5,257,0,1114,0,0,0,0,0,77,0,21,0,114,2,0,5,0,0,0,0,0,0,4,14,0,0,1,0,0,0,0,0,71,160,2,7,100,5,0,0,0,0,0,0,17,182,114,0,0,0,0,0,0,0,0,0,0,0,0,0,1,0,0,0,0,0,0,0,0,0,0,0,0,0,0,17,0,1,0,0,6,5,8,0,0,0,0,0,0,0,0,0,0,0,0,0,0,0,1,5,0,38,0,0,0,0,0,48,0,10,0,2,0,0,1,0,0,0,0,0,0,3,0,0,0,0,0,0,0,0,0,4,4,0,0,4,2,0,0,0,0,0,0,5,1,6,0,0,0,0,0,0,0,0,0,0,0,0,0,1,0
358603,0,0,0,0,0,0,0,0,0,0,0,0,8,86,0,4,6,0,15,0,3,0,11,0,0,0,0,0,0,0,51,0,0,0,1,0,20,73,0,20,0,34,0,0,0,9,93,16,0,0,0,0,1,0,0,0,0,0,0,0,0,0,0,0,0,0,0,0,238,4,14,0,3,0,0,0,0,0,0,0,0,0,0,11,0,0,0,0,0,0,0,0,0,0,0,0,0,0,0,0,0,0,0,0,0,0,0,4,22,1,0,71,509,0,39,42,0,61,16,0,0,16,0,0,0,0,0,0,0,865,0,0,0,12,0,152,188,0,61,0,328,0,0,0,45,238,59,0,2,0,0,4,0,0,0,0,0,0,0,0,0,0,7,0,0,0,0,488,20,49,2,12,9,0,0,0,0,0,0,0,2,1,16,0,0,0,0,0,0,0,0,0,0,0,0,0,0,0
358214,0,0,0,0,0,0,0,0,0,0,2,0,14,55,0,0,0,0,4,2,0,0,0,0,0,0,0,0,0,0,19,0,0,0,0,0,0,8,0,4,0,4,0,0,0,5,2,1,0,2,0,0,0,0,0,0,0,0,0,0,0,0,0,3,0,0,0,0,3,4,6,0,0,1,0,0,0,0,0,0,0,0,1,3,0,0,0,0,0,0,0,0,0,0,0,0,0,0,0,0,0,0,0,0,0,0,0,33,12,1,0,78,917,0,40,39,0,61,53,0,0,10,0,0,0,0,0,0,0,1164,0,0,0,1,0,110,137,0,49,0,128,0,0,0,73,75,19,0,20,4,0,12,0,0,0,0,0,0,0,0,0,0,19,0,0,0,0,173,39,43,5,3,9,3,0,0,0,0,0,0,12,91,17,0,0,0,0,0,0,0,0,0,0,0,0,0,0,0
358608,0,0,0,0,0,0,0,0,0,4,0,0,0,152,0,41,8,0,20,27,330,0,0,1,0,0,0,0,0,0,1,0,0,0,0,0,63,75,0,33,0,0,0,0,0,8,6,0,0,10,1,0,1,0,0,0,0,0,0,0,0,0,0,0,0,0,0,0,0,7,16,0,0,1,1,0,0,0,0,0,0,0,0,3,0,0,0,0,0,0,0,0,0,0,0,0,0,0,0,0,0,0,0,0,0,0,0,0,29,0,0,4,500,0,497,30,1,104,155,35,0,0,2,0,0,0,0,0,0,35,0,0,0,0,0,597,569,0,212,0,0,0,0,0,88,5,4,0,54,1,0,3,0,0,0,0,0,0,0,0,0,0,0,0,0,0,0,1,71,89,0,0,4,2,0,0,0,0,0,0,6,0,10,0,0,0,0,0,0,0,0,0,0,0,0,0,0,0
331510,0,0,0,0,0,0,0,0,0,0,0,0,0,1,0,2,0,0,0,2,2,0,0,0,0,0,0,0,0,0,0,0,0,0,0,0,0,0,0,1,0,0,0,0,0,0,0,0,0,0,0,0,0,0,0,0,0,0,0,0,0,0,0,0,0,0,0,0,0,0,0,0,0,0,0,0,0,0,0,0,0,0,0,0,0,0,0,0,0,0,0,0,0,0,0,0,0,0,0,0,0,0,18,0,0,0,0,0,18,0,0,16,957,0,446,102,3,172,533,3,0,0,0,0,0,0,0,0,0,231,0,0,0,0,0,50,58,0,186,0,2,0,0,0,85,0,131,0,22,19,0,118,0,0,0,0,0,0,0,3,0,0,0,0,0,29,0,32,26,40,0,0,11,1,0,0,0,0,0,0,22,0,13,0,0,0,0,0,0,0,0,0,0,0,0,0,1,0
350439,0,0,0,0,0,0,0,0,0,1,0,0,3,18,0,5,1,0,18,7,20,0,0,0,0,0,0,0,0,0,0,0,0,0,0,0,1,262,0,24,0,0,0,0,0,15,0,1,0,1,0,0,0,0,0,0,0,0,0,0,0,0,0,0,0,0,0,0,1,2,9,0,0,0,0,0,0,0,0,0,0,4,0,3,0,0,0,0,0,0,0,0,0,0,0,0,0,0,0,0,0,0,0,0,0,0,0,0,12,0,0,21,311,0,11,28,5,75,21,8,0,0,1,0,0,0,0,0,0,341,0,0,0,1,0,0,230,0,38,0,3,0,0,0,38,25,9,0,7,3,0,0,0,0,0,0,0,0,0,0,0,0,13,0,0,2,0,165,4,5,0,0,6,0,0,0,0,0,0,2,3,0,8,0,0,0,0,10,0,0,0,0,0,0,0,0,0,0
355619,0,0,0,0,0,0,0,0,0,7,0,0,0,36,0,11,7,0,5,51,32,0,0,0,0,0,0,0,0,0,2,0,0,0,0,0,6,22,0,19,0,0,0,0,0,38,0,12,0,2,1,0,5,0,0,0,0,0,0,0,0,0,0,0,0,0,0,0,7,1,3,0,0,2,1,0,13,0,0,0,0,1,2,1,0,0,0,0,0,0,0,0,0,0,0,0,0,0,0,0,0,0,0,0,0,0,0,0,1,0,0,4,459,0,384,56,0,62,633,17,0,0,23,0,0,0,0,0,0,46,0,0,0,0,0,37,125,2,86,0,1,3,0,0,678,0,181,0,33,75,0,78,0,0,0,0,0,0,1,2,0,0,0,0,0,0,4,36,14,55,0,0,1,4,0,83,0,0,0,0,11,21,9,0,0,0,0,0,0,0,0,0,0,0,0,0,2,0
355492,0,0,0,0,0,0,0,0,0,14,0,0,3,86,0,15,5,0,34,169,737,0,0,9,0,0,0,0,0,0,0,0,0,0,0,0,1,44,0,348,0,0,0,0,0,121,0,19,0,55,7,0,6,0,0,0,0,0,0,171,12,0,0,0,0,4,4,2,0,23,75,1,1,3,1,0,2,0,0,0,0,32,4,7,0,0,0,0,0,0,0,0,0,0,0,0,0,0,0,0,0,0,0,0,0,0,0,0,0,0,0,0,3,0,0,0,0,1,3,26,0,0,0,0,0,0,0,0,0,0,0,0,0,0,0,0,2,0,2,0,0,0,0,0,15,0,0,0,0,0,0,0,0,0,0,0,0,0,1,0,0,0,0,0,0,0,0,0,1,1,0,0,0,0,0,0,0,0,0,0,2,0,0,0,0,0,0,0,0,0,0,0,0,0,0,0,0,0
355050,0,0,0,0,0,0,0,2,0,39,1,0,110,351,0,90,59,7,107,263,393,0,78,7,0,0,0,0,0,0,52,0,0,0,3,0,16,126,0,14,0,2,0,0,0,367,513,27,0,8,2,0,63,0,0,0,0,0,0,3,6,0,0,4,0,0,0,0,230,8,16,0,1,3,0,0,0,0,0,1,0,0,0,256,0,0,0,0,0,0,1,0,0,0,0,0,0,0,0,0,0,0,0,0,0,0,0,0,0,0,0,10,39,0,22,13,0,11,30,0,0,11,0,0,0,0,0,0,0,7,0,0,0,0,0,5,11,0,4,0,23,0,0,0,22,28,3,0,0,0,0,4,0,0,0,0,0,0,0,0,0,0,1,0,0,0,0,53,0,6,0,0,0,0,0,0,0,0,0,0,2,0,9,0,0,0,0,1,0,0,0,0,0,0,0,0,0,0
341298,0,0,0,0,0,0,0,6,0,6,2,0,10,83,0,4,5,0,5,5,3,0,0,0,0,0,0,0,0,0,82,0,0,0,1,0,0,6,0,0,0,9,0,0,0,69,35,0,0,0,1,0,1,0,0,0,0,0,0,0,0,0,0,0,0,0,0,0,82,1,0,0,1,2,0,0,0,0,0,0,0,108,1,8,0,0,0,0,8,0,0,0,0,0,0,0,0,0,0,0,0,0,0,0,0,0,11,12,9,6,0,64,162,0,38,29,0,23,20,1,0,0,0,0,0,0,0,0,0,863,0,0,0,1,0,12,36,135,4,0,144,0,0,5,124,64,2,0,0,13,0,3,0,0,0,0,0,0,0,0,0,0,19,0,0,0,0,188,7,4,0,5,59,0,0,12,0,0,0,0,479,19,7,0,0,0,0,101,0,0,0,0,0,0,0,0,0,0
357073,0,0,0,0,0,0,0,0,0,3,0,0,1,36,0,8,0,0,9,26,99,0,0,0,0,0,0,0,0,0,25,0,0,0,0,0,83,388,0,0,0,3,0,0,0,21,0,3,0,2,2,0,4,0,0,0,0,0,0,0,0,0,0,0,0,0,0,0,26,9,32,0,0,3,0,0,1,0,0,0,0,0,0,1,0,0,0,0,0,0,0,0,0,0,0,0,0,0,0,0,0,0,0,0,0,0,0,0,20,0,0,10,255,0,81,27,0,39,251,0,0,1,2,0,0,0,0,0,0,184,0,0,0,0,0,860,1074,59,7,0,83,0,0,0,119,0,58,0,6,44,0,15,0,0,0,0,0,0,0,0,0,0,0,0,0,0,14,153,60,149,1,1,10,0,0,9,0,0,0,0,0,0,4,0,0,0,0,0,0,0,0,0,0,0,0,0,0,0
356484,0,0,0,0,0,0,0,2,0,13,3,0,4,200,0,0,103,0,30,0,71,0,0,0,0,0,0,0,0,0,38,0,0,0,0,0,1,78,0,7,0,31,0,0,0,4,374,12,0,2,0,0,41,0,0,0,0,0,0,0,0,0,0,6,0,0,0,0,401,7,40,0,0,6,0,0,0,0,0,0,0,1,1,231,0,0,0,0,0,0,0,0,0,0,0,0,0,0,0,0,0,0,0,0,0,0,0,40,17,5,0,7,426,0,43,80,28,69,10,0,0,3,0,0,0,0,0,0,0,70,0,0,0,4,0,86,276,0,5,0,143,0,0,0,10,419,42,0,5,0,0,7,0,0,0,0,0,0,0,0,0,0,13,0,0,0,0,791,7,34,0,0,9,0,0,0,0,0,0,0,1,0,269,0,0,0,0,0,0,0,0,0,0,0,0,0,0,0
347687,0,0,0,0,0,0,0,0,0,27,47,0,47,2439,0,75,53,0,305,20,21,0,0,0,0,0,0,0,0,0,206,0,0,0,0,0,0,10,0,94,0,0,0,0,0,38,549,92,0,17,5,0,2,0,0,0,0,0,1,0,0,0,0,292,0,0,0,0,83,37,102,0,0,5,0,0,0,0,0,0,0,0,0,52,0,0,0,0,0,0,0,0,0,0,0,0,0,1,0,0,0,0,0,0,0,0,0,0,6,0,0,13,590,0,104,6,22,64,12,0,0,0,0,0,0,0,0,0,0,122,0,0,0,0,0,0,6,0,53,0,0,0,0,0,83,90,14,0,5,0,0,2,0,0,0,0,0,0,0,0,0,0,45,0,0,0,0,28,15,39,0,0,2,0,0,0,0,0,0,0,0,0,5,0,0,0,0,0,0,0,0,0,0,0,0,0,0,0
355113,0,0,0,0,0,0,0,0,0,25,0,0,7,218,0,145,7,33,53,94,855,0,0,0,0,0,0,0,0,0,5,0,0,0,0,0,464,1234,0,151,0,2,0,0,0,4,0,9,0,13,0,0,1,0,0,0,0,0,0,0,0,0,0,0,0,0,0,0,17,37,104,0,0,1,1,0,0,0,0,0,0,1,0,15,0,0,0,0,0,0,0,0,0,0,0,0,0,0,0,0,0,0,0,0,0,0,0,0,34,0,0,14,151,0,38,6,2,63,229,4,0,4,0,0,0,0,0,0,0,0,0,0,0,0,0,342,361,2,212,0,0,0,0,0,7,0,28,0,22,0,0,21,0,0,0,0,0,0,0,0,0,0,1,0,0,0,0,1,38,83,0,0,1,2,0,0,0,0,0,0,0,0,11,0,0,0,0,0,0,0,0,0,0,0,0,0,0,0
355446,0,0,0,0,0,0,0,1,0,16,1,0,29,485,0,1,26,0,50,3,0,0,0,0,0,0,0,0,0,0,153,0,0,0,0,0,10,87,0,42,0,111,0,0,0,3,307,15,0,9,4,0,2,0,0,0,0,0,0,0,0,0,0,71,0,0,0,0,1336,7,23,0,1,5,0,0,0,0,0,0,0,1,0,213,0,0,0,0,2,0,0,0,0,0,0,0,0,0,0,0,0,0,0,0,0,0,0,0,2,0,0,3,140,0,0,72,0,13,1,0,0,0,0,0,0,0,0,0,0,103,0,0,0,0,0,7,7,0,16,0,242,0,0,0,1,148,0,0,1,0,0,2,0,0,0,0,0,0,0,0,0,0,2,0,0,0,0,595,5,6,0,1,1,0,0,0,0,0,0,0,1,3,56,0,0,0,0,1,0,0,0,0,0,0,0,0,0,0
355117,0,0,0,0,0,0,0,0,0,1,0,0,11,395,0,20,23,0,56,176,793,0,0,34,0,0,0,0,0,0,0,0,0,0,0,0,2,167,0,729,0,0,0,0,0,113,0,153,0,169,21,1,21,0,0,0,0,0,0,101,6,0,0,0,0,2,3,4,0,51,115,10,4,16,6,0,0,0,0,0,0,95,0,15,0,0,0,0,0,0,0,0,0,0,0,0,0,0,0,0,0,0,0,0,0,0,0,0,1,0,0,1,20,0,1,0,0,8,4,24,0,0,0,0,0,0,0,0,0,0,0,0,0,0,0,2,13,0,20,0,0,0,0,0,9,0,16,0,9,4,0,1,0,0,0,0,0,0,0,0,0,0,0,0,0,0,1,0,4,8,0,1,0,0,0,0,0,0,0,0,5,0,3,0,0,0,0,0,0,0,0,0,0,0,0,0,0,0
356356,0,0,0,0,0,0,0,0,0,134,1,0,27,514,0,20,93,37,183,75,795,0,0,0,0,0,0,0,0,0,71,0,0,0,2,0,6,60,0,33,0,4,0,0,0,106,759,59,0,2,2,0,40,0,0,0,0,0,0,0,6,0,0,0,0,0,0,0,282,4,23,0,0,3,0,0,0,0,0,0,6,2,0,104,0,0,0,0,0,0,0,0,0,0,0,0,0,0,0,0,0,0,0,0,0,0,0,0,2,0,0,2,6,0,2,1,0,6,6,0,0,0,0,0,0,0,0,0,0,15,0,0,0,0,0,30,40,0,6,0,2,0,0,0,2,22,3,0,0,2,0,2,0,0,0,0,0,0,0,0,0,0,0,0,0,0,0,19,0,7,0,0,0,0,0,0,0,0,0,0,1,0,3,0,0,0,0,0,0,0,0,0,0,0,0,0,0,0
348566,0,0,0,0,0,0,0,0,0,5,1,0,39,1338,0,38,21,0,81,17,0,0,1,0,0,0,0,0,0,0,346,0,0,0,0,0,1,9,0,29,0,11,0,0,0,148,210,22,0,3,1,0,0,0,0,0,0,0,0,1,1,0,0,24,0,0,1,0,158,4,7,0,0,2,0,0,2,0,5,0,0,4,0,155,0,0,0,0,5,0,0,0,0,0,0,0,0,0,0,0,0,0,0,0,0,0,0,0,0,0,0,3,127,0,13,5,0,13,5,0,0,0,0,0,0,0,0,0,0,63,0,0,0,0,0,0,2,0,2,0,3,0,0,0,11,14,3,0,0,0,0,0,0,0,0,0,0,0,0,0,0,0,1,0,0,0,0,11,0,0,0,0,0,0,0,1,0,0,0,0,1,0,2,0,0,0,0,0,0,0,0,0,0,0,0,0,1,0
333386,0,0,0,0,0,0,0,0,0,2,4,0,0,174,0,56,18,3,63,328,1857,0,0,0,0,0,0,0,0,0,0,0,0,0,0,0,2,154,1,248,0,0,0,0,0,102,0,19,0,28,0,0,0,0,0,0,0,0,0,77,0,0,0,0,0,0,1,0,0,16,86,0,0,8,0,0,0,0,0,0,0,0,0,1,0,0,0,0,0,0,0,0,0,0,0,0,0,2,0,0,0,0,0,0,0,0,0,0,0,0,0,0,11,0,2,0,0,3,9,57,0,0,0,0,0,0,0,0,0,0,0,0,0,0,0,0,3,0,11,0,0,0,0,0,10,0,4,0,1,0,0,0,0,0,0,0,0,0,0,0,0,0,0,0,0,0,0,0,2,1,0,0,0,0,0,0,0,0,0,0,0,0,0,0,0,0,0,0,0,0,0,0,0,0,0,0,0,0
355567,0,0,0,0,0,0,0,0,0,1,0,0,0,21,0,2,14,0,11,21,3,0,0,0,0,0,0,0,0,0,0,0,0,0,0,0,17,63,0,51,0,0,0,0,0,6,0,4,0,3,0,0,0,0,0,0,0,0,0,0,0,0,0,0,0,0,0,0,0,1,9,0,1,2,1,0,0,0,0,0,0,0,0,1,0,0,0,0,0,0,0,0,0,0,0,0,0,0,0,0,0,0,0,0,0,0,0,0,36,1,0,7,594,0,275,241,0,192,399,20,0,1,60,0,0,0,0,0,0,1,0,0,0,0,0,140,429,0,463,0,0,0,0,0,193,0,180,0,59,56,0,9,0,0,0,0,0,0,0,6,0,0,3,0,0,3,0,1,27,75,0,2,19,4,0,0,0,0,0,0,0,0,9,0,0,0,0,0,0,0,0,0,0,0,0,0,0,0
351929,0,0,0,10,0,0,0,0,0,1,0,0,2,83,0,10,55,0,13,19,0,0,0,0,0,0,0,0,0,0,0,0,0,0,0,0,0,1,0,33,0,0,0,0,0,7,0,0,0,1,1,0,0,0,0,0,0,0,0,0,0,0,0,0,0,0,0,0,0,15,40,0,0,10,0,0,0,0,0,0,0,1,0,0,0,0,0,0,0,0,0,0,0,0,0,0,0,0,0,0,0,0,13,0,0,0,0,0,41,0,0,40,939,0,550,365,1,73,208,0,0,2,22,0,10,0,0,0,0,228,0,0,0,0,0,235,377,0,127,0,103,1,0,0,154,0,23,0,15,42,0,13,0,0,0,0,0,0,0,0,0,0,0,0,0,0,0,291,55,150,0,0,25,0,0,1,0,0,0,0,36,0,19,0,0,0,0,0,0,0,0,0,0,0,0,0,0,0
358119,0,0,0,0,0,0,0,0,0,0,0,0,4,83,0,6,7,0,15,3,0,0,0,0,0,0,0,0,0,0,13,0,0,0,0,0,1,18,0,3,0,0,0,0,0,24,9,0,0,0,0,0,0,0,0,0,0,0,0,0,0,0,0,4,0,0,1,0,0,0,6,1,0,0,0,0,0,0,0,0,0,0,0,2,0,0,0,0,0,0,0,0,0,0,0,0,0,0,0,0,0,0,0,0,0,0,2,12,0,23,0,50,1724,0,138,1,2,48,204,0,0,2,0,0,0,0,0,0,0,732,0,0,0,92,0,45,67,10,44,0,3,65,0,0,244,81,13,0,10,5,0,8,0,0,0,0,0,0,0,1,0,0,30,0,0,2,0,97,26,33,0,0,14,1,0,0,0,0,0,0,7,2,15,0,0,0,0,0,0,0,0,0,0,0,0,0,0,0
358847,0,0,0,0,0,0,0,0,0,19,0,0,2,175,0,208,25,0,9,71,41,0,0,0,0,0,0,0,0,0,48,0,0,0,0,0,48,92,0,17,0,9,0,0,0,23,0,12,0,12,4,0,3,0,0,0,0,0,0,0,0,0,0,0,0,0,0,0,45,9,18,0,0,3,0,0,0,0,0,0,0,0,0,0,0,0,0,0,0,0,0,0,0,0,0,0,0,0,0,0,0,0,0,0,0,0,0,0,25,2,0,14,471,0,445,56,1,36,385,0,0,1,0,0,0,0,0,0,0,176,0,0,0,0,0,571,434,0,73,0,125,0,0,0,80,0,21,0,12,29,0,3,0,0,0,0,0,0,0,0,0,0,0,0,0,0,0,250,21,63,0,1,0,3,0,0,0,0,0,0,1,0,3,0,0,0,0,0,0,0,0,0,0,0,0,0,0,0
351280,0,0,0,0,0,0,0,0,0,26,0,0,5,518,0,269,57,0,134,431,1051,0,0,180,0,0,0,0,0,0,5,0,0,0,0,0,5,13,0,94,0,0,0,0,1,168,0,193,0,13,65,0,115,0,0,0,0,0,0,2,14,0,0,0,0,90,2,3,3,46,155,0,0,3,4,0,0,0,0,0,0,10,0,68,0,0,0,0,0,0,0,0,0,0,0,0,0,0,0,0,0,0,0,0,0,0,0,0,2,0,0,0,44,0,25,12,0,7,46,17,0,0,0,0,0,0,0,0,0,0,0,0,0,0,0,0,1,0,16,0,0,0,0,0,17,0,15,0,3,4,0,0,0,0,0,0,0,0,0,0,0,0,0,0,2,0,1,0,1,8,0,0,0,0,0,0,0,0,0,0,5,0,2,0,0,0,0,0,0,0,0,0,0,0,0,0,0,0
346346,0,0,0,0,0,0,0,0,0,8,0,0,3,258,0,14,4,23,57,39,376,0,0,1,0,0,0,0,0,0,16,0,0,0,0,0,73,194,0,23,0,7,0,0,2,35,47,6,0,8,0,0,0,0,0,0,0,0,1,0,0,0,0,19,0,0,0,0,35,10,52,0,0,7,1,0,0,0,0,0,0,1,0,5,0,0,0,0,0,0,0,0,0,0,0,0,0,0,0,0,0,0,0,0,0,0,0,0,8,2,0,22,1174,0,118,53,110,103,139,1,0,0,0,0,0,0,0,0,0,674,0,0,0,0,0,19,36,0,61,0,324,2,0,0,39,232,116,0,19,8,0,0,0,0,0,0,0,0,0,1,0,0,209,0,0,0,0,468,29,71,0,2,9,2,0,0,0,0,0,0,55,0,27,0,0,0,0,0,0,0,0,0,0,0,0,0,0,0
356522,0,0,0,0,0,0,0,0,0,0,0,0,0,64,0,18,63,0,22,13,60,0,0,0,0,0,0,0,0,0,16,0,0,0,0,0,49,191,0,7,0,31,0,0,0,0,51,5,0,0,0,0,1,0,0,0,0,0,0,0,0,0,0,0,0,0,0,0,146,25,68,0,0,6,0,0,0,0,0,0,0,0,0,0,0,0,0,0,0,0,0,0,0,0,0,0,0,0,0,0,0,0,0,0,0,0,0,3,3,0,0,4,190,0,25,46,8,44,42,0,0,0,1,0,0,0,0,0,0,109,0,0,0,7,0,427,406,0,7,0,315,0,0,0,0,158,10,0,1,0,0,10,0,0,0,0,0,0,0,0,0,0,4,0,0,0,0,385,33,89,0,0,9,0,0,0,0,0,0,0,2,0,3,0,0,0,0,0,0,0,0,0,0,0,0,0,0,0
358194,0,0,0,0,0,0,0,0,0,5,9,0,10,256,0,13,11,0,60,16,470,0,0,0,0,0,0,0,0,0,16,0,0,0,0,0,198,381,0,100,0,18,0,0,0,29,35,29,0,6,1,0,0,0,0,0,0,0,0,0,0,0,0,6,0,0,0,0,66,32,78,0,0,2,1,0,0,0,0,0,0,0,0,0,0,0,0,0,0,0,0,0,0,0,0,0,0,0,0,0,0,0,0,0,0,0,0,0,16,34,0,92,1321,0,79,25,0,135,34,10,0,0,0,0,0,0,0,0,0,310,0,0,0,0,0,392,384,1,126,0,349,0,0,0,112,180,16,0,18,0,0,0,0,0,0,0,0,0,0,0,0,0,13,0,0,0,0,433,53,137,0,0,1,0,0,0,0,0,0,0,0,0,10,0,0,0,0,0,0,0,0,0,0,0,0,0,0,0
358617,0,0,0,0,0,0,0,0,0,1,0,0,1,33,0,15,2,0,5,24,1,0,0,0,0,0,0,0,0,0,3,0,0,0,0,0,3,10,0,14,0,0,0,0,0,3,0,4,0,2,0,0,0,0,0,0,0,0,0,0,0,0,0,0,0,0,1,2,0,14,33,0,0,3,0,0,2,0,0,0,0,0,0,0,0,0,0,0,0,0,0,0,0,0,0,0,0,0,0,0,0,0,0,0,0,0,0,0,19,0,0,5,326,0,131,5,4,49,347,0,0,0,1,0,0,0,0,0,0,186,0,0,0,0,0,1128,1364,22,57,0,17,0,0,0,38,0,85,0,12,21,0,8,0,0,0,0,0,0,0,0,0,0,0,0,0,0,17,44,94,193,0,0,13,1,0,10,0,0,0,0,0,0,4,0,0,0,0,0,0,0,0,0,0,0,0,0,1,0
356565,0,0,0,0,0,0,0,0,0,0,6,0,3,91,0,83,12,0,68,265,1080,0,0,136,0,0,0,0,0,0,0,0,0,0,0,0,12,102,119,319,0,0,0,0,0,128,0,75,0,86,48,0,13,0,0,0,0,0,0,5,0,0,0,0,0,0,3,10,0,353,634,8,10,75,13,0,0,0,0,0,0,0,0,2,0,0,0,0,0,0,0,0,0,0,0,0,0,0,0,0,0,0,0,0,0,0,0,0,0,0,0,0,5,0,43,1,0,4,5,59,0,0,3,0,0,0,0,0,0,0,0,0,0,0,0,0,1,22,7,0,0,0,0,0,1,0,11,0,1,1,0,1,0,0,0,0,0,0,0,0,0,0,0,0,0,0,0,0,5,8,2,0,2,0,0,0,0,0,0,0,0,0,0,0,0,0,0,0,0,0,0,0,0,0,0,0,0,0
341943,0,0,0,0,0,0,0,0,0,0,1,0,32,422,0,0,28,0,18,8,0,0,0,0,0,0,0,0,0,0,34,0,0,0,16,0,10,48,0,29,0,71,0,0,0,17,157,0,0,0,26,0,0,0,0,0,0,0,0,0,0,0,0,2,0,0,0,0,433,9,19,0,0,1,0,0,0,0,0,0,0,1,0,33,0,0,0,0,0,0,0,0,0,0,0,0,0,0,0,0,0,0,0,0,0,0,0,1,2,2,0,15,528,0,3,41,0,20,8,0,0,0,0,0,0,0,0,0,0,176,0,0,0,23,0,70,138,0,22,0,233,0,0,0,24,153,1,0,0,19,0,0,0,0,0,0,0,0,0,0,0,0,2,0,0,0,0,426,6,23,0,0,4,0,0,0,0,0,0,0,30,0,30,0,0,0,0,0,0,0,0,0,0,0,0,0,0,0
358594,0,0,0,0,0,0,0,0,0,7,1,0,9,59,0,3,12,0,22,6,21,0,0,0,0,0,0,0,0,0,45,0,0,0,12,0,52,175,0,3,0,43,0,0,0,12,120,0,0,0,0,0,1,0,0,0,0,0,0,0,1,0,0,11,0,0,0,0,298,3,6,0,0,1,0,0,0,0,0,0,0,0,0,3,0,0,0,0,47,0,0,0,0,0,0,0,0,0,0,0,0,0,0,0,0,0,0,8,19,12,0,44,464,0,16,51,0,74,36,0,0,0,1,0,0,0,0,0,0,531,0,0,0,44,0,423,480,0,13,0,416,0,0,0,41,377,2,0,0,0,0,2,0,0,0,0,0,0,0,0,0,0,12,0,0,0,0,879,2,31,0,0,2,0,0,0,0,0,0,0,0,0,8,0,0,0,0,40,0,0,0,0,0,0,0,0,0,0
357724,0,0,0,0,0,0,0,0,0,0,1,0,6,197,0,2,18,0,25,10,97,0,0,1,0,0,0,0,0,0,21,0,0,0,0,0,82,167,0,45,0,38,0,0,0,24,91,3,0,5,5,0,0,0,0,0,0,0,0,0,0,0,0,5,0,0,0,0,87,35,71,0,0,4,0,0,0,0,0,0,0,0,0,3,0,0,0,0,0,0,0,0,0,0,0,0,0,1,0,0,0,0,0,0,0,0,0,0,5,12,0,19,850,0,41,25,2,61,33,0,0,0,1,0,0,0,0,0,0,377,0,0,0,0,0,240,205,9,111,0,457,0,0,0,99,309,22,0,13,22,0,1,0,0,0,0,0,0,0,0,0,0,39,0,0,0,0,552,63,132,0,0,6,0,0,0,0,0,0,0,1,0,13,0,0,0,0,0,0,0,0,0,0,0,0,0,0,0
355283,0,0,0,18,0,0,0,0,0,106,1,0,5,1141,0,632,259,32,204,161,784,0,0,27,0,2,0,0,0,0,24,0,0,0,0,0,16,198,0,8,0,4,0,0,0,37,0,113,0,25,17,0,229,0,0,0,0,0,0,0,1,0,0,1,0,0,0,0,93,7,36,0,0,9,6,0,0,0,0,0,0,0,0,125,0,0,0,0,0,0,0,0,0,0,0,0,0,0,0,0,0,0,0,0,0,0,0,0,5,0,0,0,22,0,4,10,0,11,3,0,0,0,0,0,0,0,0,0,0,0,0,0,0,0,0,1,9,0,1,0,0,0,0,0,1,0,4,0,1,1,0,0,0,0,0,0,0,0,0,0,0,0,0,0,0,0,0,1,0,0,0,0,0,0,0,0,0,0,0,0,0,0,3,0,0,0,0,0,0,0,0,0,0,0,0,0,0,0
358873,0,0,0,0,0,0,0,0,0,2,0,0,5,17,0,0,2,0,4,1,0,0,4,0,0,0,0,0,0,0,14,0,0,0,1,0,4,8,0,7,0,4,0,0,0,4,20,1,0,2,0,0,3,0,0,0,0,0,0,0,0,0,0,0,0,0,0,0,23,1,1,0,0,0,0,0,0,0,0,0,0,1,0,4,0,0,0,0,0,0,0,0,0,0,0,0,0,0,0,0,0,0,0,0,0,0,0,18,11,0,0,54,445,0,38,21,0,49,120,0,0,19,0,0,0,0,0,0,0,590,0,0,0,23,0,109,144,0,88,0,191,0,0,0,117,165,39,0,7,4,0,50,0,0,0,0,0,0,0,0,0,0,6,0,0,0,0,367,9,35,0,2,4,3,0,0,0,0,0,0,24,19,32,0,0,0,0,3,0,0,0,0,0,0,0,0,0,0
356314,0,0,0,0,0,0,0,0,0,0,0,0,0,37,0,30,7,0,24,37,304,0,0,0,0,0,0,0,0,0,0,0,0,0,0,0,610,391,0,92,0,0,0,0,0,14,0,0,0,0,1,0,0,0,0,0,0,0,0,0,0,0,0,3,0,0,0,0,1,113,141,0,0,2,0,0,0,0,0,0,0,0,1,0,0,0,0,0,0,0,0,0,0,0,0,0,0,0,0,0,0,0,0,0,0,0,0,0,1,0,0,1,62,0,41,7,0,30,94,10,0,0,3,0,0,0,0,0,0,1,0,0,0,0,0,1640,1063,0,171,0,1,0,0,0,27,0,1,0,17,2,0,0,0,0,0,0,0,0,0,0,0,0,1,0,0,0,0,1,130,186,0,0,1,0,0,0,0,0,0,0,0,1,0,0,0,0,0,0,0,0,0,0,0,0,0,0,0,0
340051,0,0,0,0,0,0,0,0,0,18,37,0,7,1615,0,17,20,2,54,49,33,0,0,0,0,0,0,0,0,0,1102,0,0,0,0,0,0,0,0,438,0,0,0,0,0,153,183,25,0,9,3,0,5,0,0,0,0,0,0,0,1,0,0,12,0,0,1,0,2,10,16,0,0,1,0,0,0,0,0,0,0,4,0,22,0,0,0,0,0,0,0,0,0,0,0,0,0,0,0,0,0,0,0,0,0,0,0,0,8,0,0,10,411,0,39,5,36,49,22,0,0,0,0,0,0,0,0,0,0,125,0,0,0,0,0,0,2,0,132,0,0,0,0,0,221,17,9,0,2,2,0,3,0,0,0,0,0,0,0,0,0,0,6,0,0,0,0,2,1,3,0,0,0,0,0,0,0,0,0,0,0,0,3,0,0,0,0,0,0,0,0,0,0,0,0,0,0,0
345221,0,0,0,0,0,0,0,1,0,128,0,0,27,901,0,194,28,85,206,115,1916,0,0,3,0,0,0,0,0,0,0,0,0,0,0,0,33,68,0,158,0,0,0,0,0,84,0,14,0,12,2,0,17,0,0,0,0,0,0,7,2,0,0,2,0,0,0,0,0,26,39,0,0,3,0,0,0,0,0,0,0,1,0,166,0,0,0,0,0,0,0,0,0,0,0,0,0,1,0,0,0,0,0,0,0,0,0,0,18,0,0,1,62,0,26,1,22,49,18,41,0,0,0,0,0,0,0,0,0,0,0,0,0,0,0,2,9,0,43,0,0,0,0,0,57,0,7,1,1,1,0,5,0,0,0,0,0,0,0,0,0,0,0,0,0,0,0,0,8,8,0,0,0,0,0,0,0,0,0,0,0,0,4,0,0,0,0,0,0,0,0,0,0,0,0,0,0,0
353424,0,0,0,0,0,0,0,6,0,48,0,0,10,447,0,611,58,9,94,505,777,0,0,0,0,0,0,0,0,0,13,0,0,0,0,0,8,88,0,61,0,1,0,0,0,34,0,66,0,13,5,0,75,0,0,0,0,0,0,6,1,0,0,0,0,0,0,0,25,23,42,0,0,9,1,0,0,0,1,0,0,1,0,39,0,0,0,0,0,0,0,0,0,0,0,0,0,0,0,0,0,0,0,0,0,0,1,0,16,0,0,1,117,0,59,37,0,73,102,10,0,0,0,0,0,0,0,0,0,8,0,0,0,0,0,4,22,0,78,0,1,0,0,0,28,0,14,0,7,0,0,5,0,0,0,0,0,0,1,1,0,0,0,0,0,0,1,4,9,15,0,0,1,1,0,0,0,0,0,0,2,0,4,0,0,0,0,0,0,0,0,0,0,0,0,0,0,0
356259,0,0,0,0,0,0,0,0,0,2,0,0,2,53,0,9,22,1,33,63,0,0,0,0,0,0,0,0,0,0,0,0,0,0,0,0,2,20,0,28,0,0,0,0,0,3,0,2,0,3,0,0,0,0,0,0,0,0,0,0,0,0,0,0,0,0,0,0,2,2,6,0,0,0,0,0,0,0,0,0,0,0,0,3,0,0,0,0,0,0,0,0,0,0,0,0,0,0,0,0,0,0,0,0,0,0,0,0,30,0,0,24,440,0,384,166,2,152,716,6,0,0,18,0,0,0,0,0,0,1,0,0,0,0,0,68,303,0,280,0,4,0,0,0,28,0,52,0,45,4,0,12,0,0,0,0,0,0,0,4,0,0,0,0,0,0,0,21,14,52,0,0,10,0,0,0,0,0,0,0,0,0,56,0,0,0,0,0,0,0,0,0,0,0,0,0,1,0
355144,0,0,0,0,0,0,0,138,0,26,3,0,48,1534,0,9,34,1,66,18,51,0,0,0,0,0,0,0,0,0,162,0,0,0,0,0,1,17,0,57,0,20,0,0,0,292,361,15,0,20,12,0,1,0,0,0,0,0,0,0,3,0,0,43,0,0,0,0,535,7,6,0,0,11,2,0,0,0,0,0,0,51,3,326,0,0,0,0,0,0,0,0,0,0,0,0,0,0,0,0,0,0,0,0,0,0,2,0,0,0,0,16,38,0,4,3,0,6,6,0,0,0,0,0,0,0,0,0,0,0,0,0,0,0,0,0,2,0,2,0,0,0,0,0,11,1,2,0,1,0,0,0,0,0,0,0,0,0,0,0,0,0,0,0,0,0,0,0,0,0,0,0,0,0,0,0,0,0,0,0,0,1,3,0,0,0,0,0,0,0,0,0,0,0,0,0,0,0
355145,0,0,0,0,0,0,0,0,0,1,0,0,3,57,0,0,36,0,10,7,0,0,0,0,0,0,0,0,0,0,0,0,0,0,0,0,0,0,0,25,0,0,0,0,0,1,0,0,0,0,0,0,0,0,0,0,0,0,0,0,0,0,0,22,0,0,0,0,0,5,19,0,0,0,0,0,2,0,0,0,0,0,0,0,0,0,0,0,0,0,0,0,0,0,0,0,0,0,0,0,0,0,0,0,0,0,0,0,15,1,0,32,1472,0,19,151,1,40,66,0,0,0,2,0,0,0,0,0,0,784,0,0,0,101,0,139,178,0,83,0,384,0,0,0,20,145,10,0,2,2,0,2,0,0,0,0,0,0,0,0,0,0,76,0,0,0,0,453,37,108,0,0,5,0,0,2,0,0,0,0,11,1,5,0,0,0,0,4,0,0,0,0,0,0,0,0,0,0
357751,0,0,0,0,0,0,0,0,0,0,0,0,0,2,0,0,0,0,0,0,0,0,0,0,0,0,0,0,0,0,0,0,0,0,0,0,0,0,0,0,0,0,0,0,0,0,0,0,0,0,0,0,0,0,0,0,0,0,0,0,0,0,0,0,0,0,0,0,0,1,1,1,0,0,0,0,0,0,0,0,0,0,0,0,0,0,0,0,0,0,0,0,0,0,0,0,0,0,0,0,0,0,0,0,0,0,0,111,16,1,0,11,700,0,29,54,26,49,72,0,0,1,0,0,0,0,0,0,0,937,0,0,0,40,0,307,311,0,30,0,305,0,0,0,57,304,20,0,5,5,0,16,0,0,0,0,0,0,0,0,0,0,42,0,0,0,0,496,28,76,1,7,9,0,0,33,0,0,0,0,24,0,33,0,0,0,0,0,0,0,0,0,0,0,0,0,0,0
330001,0,0,0,0,0,0,0,0,0,7,110,0,43,1691,0,220,48,3,190,59,108,0,0,0,0,0,0,0,0,0,218,0,0,0,0,0,5,8,0,118,0,0,0,0,0,61,277,88,0,14,3,0,0,0,0,0,0,0,0,0,0,0,0,174,0,0,1,0,53,19,37,1,0,9,0,0,0,0,0,0,0,0,0,21,0,0,0,0,0,0,0,0,0,0,0,0,0,0,0,0,0,0,0,0,0,0,0,0,1,12,0,17,139,0,64,10,0,30,24,0,0,0,0,0,0,0,0,0,0,66,0,0,0,0,0,0,0,0,81,0,0,0,0,0,22,6,11,0,6,0,0,0,0,0,0,0,0,0,0,0,0,0,57,0,0,0,0,2,5,13,0,0,0,0,0,0,0,0,0,0,0,0,0,0,0,0,0,0,0,0,0,0,0,0,0,0,0,0
357802,0,0,0,0,0,0,0,0,0,0,0,0,2,19,0,0,7,0,9,1,0,0,0,0,0,0,0,0,0,0,24,0,0,0,0,0,2,3,0,1,0,5,0,0,0,7,6,2,0,4,0,0,1,0,0,0,0,0,0,0,0,0,0,3,0,0,0,0,17,4,11,0,0,1,0,0,0,0,0,0,0,0,1,0,0,0,0,0,0,0,0,0,0,0,0,0,0,0,0,0,0,0,0,0,0,0,1,19,3,0,0,52,655,0,21,53,0,80,46,0,0,9,3,0,0,0,0,0,0,746,0,0,0,3,0,199,179,0,40,0,114,0,0,0,108,142,36,0,12,16,0,39,0,0,0,0,0,0,0,0,0,0,22,0,0,0,0,168,27,74,4,5,8,0,0,0,0,0,0,0,2,8,10,0,0,0,0,0,0,0,0,0,0,0,0,0,1,0
358187,0,0,0,0,0,0,0,0,0,0,0,0,0,6,0,0,0,0,0,2,0,0,0,0,0,0,0,0,0,0,0,0,0,0,0,0,0,9,0,0,0,0,0,0,0,1,0,0,0,1,0,0,0,0,0,0,0,0,0,0,0,0,0,0,0,0,0,0,0,2,1,0,0,0,0,0,0,0,0,0,0,0,0,0,0,0,0,0,0,0,0,0,0,0,0,0,0,0,0,0,0,0,3,0,0,0,0,0,37,0,0,5,764,0,367,123,1,48,162,0,0,8,0,0,0,0,0,0,0,51,0,0,0,0,0,486,600,0,14,0,72,0,0,0,132,0,1,0,23,51,0,8,0,0,0,0,0,0,0,0,0,0,0,0,0,0,0,137,31,69,0,0,11,5,0,0,0,0,0,0,0,1,34,0,0,0,0,0,0,0,0,0,0,0,0,0,0,0
351274,0,0,0,0,0,0,0,1,1,5,26,0,60,2149,0,72,56,14,244,14,17,0,0,0,0,0,0,0,0,0,177,0,0,0,0,0,0,5,0,66,0,7,0,0,0,101,305,52,0,18,4,0,1,0,0,0,0,0,0,0,1,0,0,241,0,0,0,0,166,25,39,0,3,4,0,0,0,0,0,0,0,0,1,145,0,0,0,0,0,0,0,0,0,0,0,0,0,1,0,0,0,0,0,0,0,0,0,1,1,0,0,12,566,0,150,3,28,67,37,0,0,0,0,0,0,0,0,0,0,68,0,0,0,0,0,2,16,0,55,0,6,0,0,0,202,65,79,0,7,1,0,0,0,0,0,0,0,0,0,0,0,0,26,0,0,1,0,14,12,25,0,2,2,0,0,0,0,0,0,0,0,0,8,0,0,0,0,0,0,0,0,0,0,0,0,0,0,0
345331,0,0,0,0,0,0,0,0,0,0,1,0,0,196,0,50,31,0,97,653,1563,0,0,13,0,0,0,0,0,0,0,0,0,0,0,0,0,96,0,218,0,0,0,0,0,32,0,40,0,43,5,16,23,0,0,0,0,0,0,42,37,3,0,0,0,39,1,5,0,101,265,0,2,70,3,0,0,0,0,0,0,5,0,13,0,0,0,0,0,0,0,0,0,0,0,0,0,5,0,0,0,0,0,0,0,0,0,0,1,0,0,0,5,0,2,1,0,7,6,6,0,0,0,0,0,0,0,0,0,0,0,0,0,0,0,0,0,0,6,0,0,0,0,0,0,0,2,0,0,0,0,3,0,0,0,0,0,0,0,0,0,0,0,0,0,0,0,0,1,5,0,0,1,0,0,0,0,0,0,0,0,0,0,0,0,0,0,0,0,0,0,0,0,0,0,0,0,0
356214,0,0,0,0,0,0,0,0,0,5,0,0,3,149,0,140,12,127,61,46,927,0,0,4,0,0,0,0,0,0,1,0,0,0,0,0,637,991,0,62,0,0,0,0,0,23,0,1,0,10,0,0,0,0,0,0,0,0,0,0,0,0,0,0,0,0,0,0,2,63,124,0,0,25,8,0,0,0,0,0,0,4,3,16,0,0,0,0,0,0,0,0,0,0,0,0,0,0,0,0,0,0,0,0,0,0,0,0,6,0,0,2,20,0,27,4,2,15,13,10,0,0,1,0,0,0,0,0,0,0,0,0,3,0,0,225,193,0,13,0,0,0,0,0,14,0,4,0,3,0,0,0,0,0,0,0,0,0,0,0,0,0,0,0,0,0,0,0,13,19,0,0,5,0,0,0,0,0,0,0,1,0,5,0,0,0,0,0,0,0,0,0,0,0,0,0,0,0
357360,0,0,0,0,0,0,0,0,0,32,0,0,2,170,0,807,73,0,17,37,5,0,0,0,0,0,0,0,0,0,5,0,0,0,0,0,25,53,0,20,0,3,0,0,0,32,0,13,0,2,1,0,0,0,0,0,0,0,0,0,0,0,0,0,0,0,0,0,7,8,38,0,0,2,14,0,0,0,0,0,0,0,0,0,0,0,0,0,0,0,0,0,0,0,0,0,0,0,0,0,0,0,0,0,0,0,0,0,64,0,0,16,542,0,1306,157,0,50,170,0,0,0,0,0,0,0,0,0,0,239,0,0,0,0,0,836,670,0,53,0,98,0,0,0,55,0,28,0,6,20,0,0,0,0,0,0,0,0,0,0,0,0,0,0,0,0,0,167,52,151,0,0,3,6,0,0,0,0,0,0,2,0,0,0,0,0,0,0,0,0,0,0,0,0,0,0,0,0
349850,0,0,0,0,0,0,0,0,0,11,0,0,1,371,0,25,27,0,57,296,2615,0,0,0,0,16,0,0,0,0,0,0,0,0,0,0,1,262,0,291,0,0,0,0,1,151,0,28,0,34,20,0,3,0,0,0,0,0,0,57,43,0,0,0,0,37,2,3,0,72,187,1,0,21,1,0,0,0,0,0,0,1,0,28,0,0,0,0,0,0,0,0,0,0,0,0,0,2,0,0,0,0,0,0,0,0,0,0,0,0,0,0,2,0,0,0,0,1,2,9,0,0,0,0,0,0,0,0,0,0,0,0,0,0,0,0,1,0,7,0,0,0,0,0,2,0,0,0,0,1,0,0,0,0,0,0,0,0,0,2,0,0,0,0,2,0,0,0,3,5,0,0,0,0,0,0,0,0,0,0,0,0,1,0,0,0,0,0,0,0,0,0,0,0,0,0,0,0
346105,0,0,0,0,0,0,0,0,0,1,0,0,4,215,0,77,58,3,158,1085,2224,0,0,3,0,0,0,0,0,0,0,0,0,0,0,0,14,198,0,233,0,0,0,0,0,139,0,46,0,37,8,0,7,0,0,0,0,0,0,14,3,0,0,0,0,1,0,0,0,83,217,0,0,18,3,0,0,0,0,0,0,23,0,11,0,0,0,0,0,0,0,0,0,0,0,0,0,2,0,0,0,0,0,0,0,0,0,0,5,0,0,1,109,0,20,20,16,61,107,21,0,0,1,0,0,0,0,0,0,0,0,0,0,0,0,88,108,0,77,0,0,0,0,0,195,0,58,0,19,11,0,7,0,0,0,0,0,0,1,1,0,0,0,0,0,0,0,0,28,82,0,0,6,5,0,0,0,0,0,0,19,0,6,0,0,0,0,0,0,0,0,0,0,0,0,0,0,0
347593,0,0,0,0,0,0,0,0,0,129,0,0,1,343,0,244,23,201,148,104,1383,0,0,19,0,1,0,0,0,0,8,0,0,0,0,0,6,100,0,530,0,1,0,0,0,169,0,30,0,24,6,0,19,0,0,0,0,0,0,0,2,0,0,1,0,0,4,0,8,11,38,0,1,4,0,0,0,0,0,0,0,6,0,53,0,0,0,0,0,0,0,0,0,0,0,0,0,3,0,0,0,0,0,0,0,0,0,0,10,0,0,1,23,0,11,0,13,19,2,14,0,0,0,0,0,0,0,0,0,9,0,0,0,0,0,16,28,0,22,0,0,0,0,0,9,0,4,0,3,0,0,0,0,0,0,0,0,0,0,0,0,0,0,0,0,1,0,1,1,4,0,0,0,0,0,0,0,0,0,0,10,0,3,0,0,0,0,0,0,0,0,0,0,0,0,0,0,0
355677,0,0,0,0,0,0,0,0,0,2,6,0,3,59,0,22,15,0,40,49,243,0,0,0,0,0,0,0,0,0,0,0,0,0,0,0,653,704,0,265,0,0,0,0,0,23,0,11,0,15,2,0,0,0,0,0,0,0,0,0,0,0,0,41,0,0,1,0,0,76,110,0,0,11,0,0,0,0,0,0,0,7,0,0,0,0,0,0,0,0,0,0,0,0,0,0,0,0,0,0,0,0,0,0,0,0,0,0,4,4,0,3,100,0,65,15,0,63,136,15,0,0,0,0,0,0,0,0,0,1,0,0,0,0,0,928,514,0,248,0,0,0,0,0,32,0,6,0,4,0,0,0,0,0,0,0,0,0,0,0,0,0,36,0,0,1,0,3,57,82,0,0,15,0,0,0,0,0,0,0,4,0,0,0,0,0,0,0,0,0,0,0,0,0,0,0,1,0
354084,0,0,0,0,0,0,0,0,0,0,0,0,1,74,0,79,22,4,48,137,114,0,0,0,0,0,0,0,0,0,0,0,0,0,0,0,8,139,0,86,0,0,0,0,0,5,0,8,0,19,0,0,8,0,0,0,0,0,0,1,0,0,0,0,0,0,0,0,0,23,124,0,0,6,0,0,0,0,0,0,0,0,0,0,0,0,0,0,0,0,0,0,0,0,0,0,0,0,0,0,0,0,0,0,0,0,0,1,5,0,0,1,493,0,206,217,0,298,649,0,0,0,0,0,0,0,0,0,0,0,0,0,0,0,0,346,709,0,147,0,0,0,0,0,350,0,46,0,33,26,0,41,0,0,0,0,0,0,0,0,0,0,0,0,0,0,0,0,55,244,0,0,8,0,0,0,0,0,0,0,0,0,0,0,0,0,0,0,0,0,0,0,0,0,0,0,0,0
355675,0,0,0,0,0,0,0,0,0,5,6,0,19,260,0,1,37,0,28,99,196,0,0,0,0,0,0,0,0,0,140,0,0,0,0,0,75,329,0,8,0,134,0,0,0,1,329,8,0,1,3,0,13,0,0,0,0,0,0,0,0,0,0,10,0,0,0,0,1040,23,78,0,0,3,0,0,0,0,0,0,0,2,0,86,0,0,0,0,0,0,0,0,0,0,0,0,0,0,0,0,0,0,0,0,0,0,0,0,0,2,0,3,48,0,6,39,0,9,144,0,0,0,0,0,0,0,0,0,0,65,0,0,0,0,0,53,39,0,1,0,246,0,0,0,1,104,2,0,1,1,0,3,0,0,0,0,0,0,0,0,0,0,0,0,0,0,0,435,6,21,0,0,4,0,0,0,0,0,0,0,2,0,13,0,0,0,0,0,0,0,0,0,0,0,0,0,0,0
346109,0,0,0,0,0,0,0,1,0,11,0,0,37,1448,0,20,26,0,100,46,0,0,7,0,0,0,0,0,0,0,366,0,0,0,0,0,0,8,0,26,0,17,0,0,0,221,270,29,0,5,16,0,2,0,0,0,0,0,0,2,4,0,0,25,0,0,0,0,222,10,2,0,0,12,0,0,3,0,9,0,0,12,1,262,0,0,0,0,8,0,0,0,0,0,0,0,0,0,0,0,0,0,0,0,0,0,0,0,0,0,0,0,54,0,20,0,0,2,14,0,0,0,0,0,0,0,0,0,0,25,0,0,0,0,0,0,0,0,0,0,1,0,0,0,3,2,1,0,0,1,0,0,0,0,0,0,0,0,0,0,0,0,0,0,0,0,0,4,0,0,0,0,0,0,0,0,0,2,0,0,0,0,0,0,0,0,0,0,0,0,0,0,0,0,0,0,0,0
345536,0,0,0,0,0,0,0,0,0,3,28,0,11,454,0,26,9,1,32,18,18,0,0,0,0,0,0,0,0,0,83,0,0,0,0,0,1,11,0,41,0,4,0,0,0,36,87,12,0,3,0,0,6,0,0,0,0,0,0,0,0,0,0,14,0,0,1,0,62,2,13,1,0,0,0,0,0,0,0,0,0,0,0,13,0,0,0,0,0,0,0,0,0,0,0,0,0,0,0,0,0,0,0,0,0,0,0,0,2,0,0,5,247,0,36,15,0,17,23,0,0,0,1,0,0,0,0,0,0,60,0,0,0,0,0,0,16,0,59,0,1,0,0,2,48,18,10,0,1,7,0,1,0,0,0,0,0,0,1,0,0,0,6,0,0,1,0,4,1,6,0,0,0,0,0,0,0,0,0,0,0,0,5,0,0,0,0,0,0,0,0,0,0,0,0,0,0,0
349481,0,0,0,0,0,0,0,0,0,17,0,0,16,449,0,21,7,44,60,5,81,0,0,0,0,0,0,0,0,0,89,0,0,0,0,0,10,21,0,34,0,36,0,0,0,7,88,12,0,3,1,0,0,0,0,0,0,0,0,0,0,0,0,31,0,0,0,0,139,10,20,0,0,4,0,0,0,0,0,0,0,28,0,7,0,0,0,0,0,0,0,0,0,0,0,0,0,1,0,0,0,0,0,0,0,0,0,0,4,0,0,100,1054,0,162,27,78,98,45,0,0,0,1,0,0,0,0,0,0,664,0,0,0,0,0,34,58,0,87,0,255,0,0,0,40,223,26,0,10,7,0,0,0,0,0,0,0,0,0,0,0,0,95,0,0,0,0,344,23,38,0,2,17,1,0,0,0,0,0,0,126,0,9,0,0,0,0,0,0,0,0,0,0,0,0,0,0,0
345560,0,0,0,0,0,0,0,0,0,0,0,0,2,248,0,60,7,1,159,479,1474,0,0,0,0,0,0,0,0,0,0,0,0,0,0,0,0,21,0,600,0,0,0,0,0,349,0,16,0,120,10,0,7,0,0,0,0,0,0,42,0,0,0,0,0,0,13,0,0,69,115,0,0,58,0,0,0,0,0,0,0,0,1,1,0,0,0,0,0,0,0,0,0,0,0,0,0,0,0,0,0,0,0,0,0,0,0,0,0,0,0,0,1,0,0,0,0,2,1,17,0,0,0,0,0,0,0,0,0,0,0,0,0,0,0,0,0,0,2,0,0,0,0,0,2,0,0,0,0,0,0,0,0,0,0,0,0,0,0,0,0,0,0,0,0,0,0,0,0,1,0,0,2,0,0,0,0,0,0,0,0,0,0,0,0,0,0,0,0,0,0,0,0,0,0,0,0,0
348520,0,0,0,0,0,0,0,0,0,25,4,0,8,1289,0,4,40,9,38,5,0,0,0,0,0,0,0,0,0,0,374,0,0,0,0,0,0,2,0,10,0,2,0,0,0,36,64,8,0,4,5,0,3,0,0,0,0,0,0,0,0,0,0,1,0,0,0,0,151,4,7,0,0,2,0,0,0,0,0,0,0,14,6,16,0,0,0,0,0,0,0,0,0,0,0,0,0,3,0,0,0,0,0,0,0,0,0,0,0,0,0,0,0,0,0,0,0,0,0,0,0,0,0,0,0,0,0,0,0,0,0,0,0,0,0,0,0,0,0,0,0,0,0,0,0,0,0,0,0,0,0,0,0,0,0,0,0,0,0,0,0,0,0,0,0,0,0,0,0,0,0,0,0,0,0,0,0,0,0,0,0,0,0,0,0,0,0,0,0,0,0,0,0,0,0,0,0,0
344778,0,0,0,0,0,0,0,0,0,0,10,0,0,342,0,108,30,0,85,501,2178,0,0,2,0,0,0,0,0,0,0,0,0,0,0,0,6,139,0,1591,0,0,0,0,3,121,0,21,0,135,2,0,8,0,0,0,0,0,0,24,1,0,0,0,0,0,3,1,0,75,120,0,0,8,3,0,0,0,0,0,0,5,7,2,0,0,0,0,0,0,0,0,0,0,0,0,0,1,0,0,0,0,0,0,0,0,0,0,0,0,0,0,2,0,5,2,8,4,8,36,0,0,0,0,0,0,0,0,0,0,0,0,0,0,0,0,1,0,35,0,0,0,0,0,12,0,5,0,1,0,0,0,0,0,0,0,0,0,0,0,0,0,0,0,0,0,0,0,4,3,0,0,0,0,0,0,0,0,0,0,0,0,0,0,0,0,0,0,0,0,0,0,0,0,0,0,0,0
351997,0,0,0,0,0,0,0,0,0,30,0,0,2,251,0,157,28,0,341,116,2206,0,0,4,0,0,0,1,0,0,0,0,0,0,1,0,0,506,1,276,0,0,0,0,0,194,0,37,0,21,1,0,6,0,0,0,0,0,0,38,0,0,0,0,0,0,4,0,0,22,36,2,7,5,0,0,0,0,0,0,0,11,7,30,0,0,0,0,0,0,0,0,0,0,0,0,0,3,0,0,0,0,0,0,0,0,0,0,2,0,0,0,18,0,23,1,3,26,17,36,0,0,0,0,0,0,0,0,0,0,0,0,0,0,0,1,110,0,49,0,0,0,0,0,70,0,14,0,2,0,0,2,0,0,0,0,0,0,0,0,0,0,0,0,0,0,0,0,1,2,1,1,1,0,0,0,0,0,0,0,1,6,2,0,0,0,0,0,0,0,0,0,0,0,0,0,0,0
353486,0,0,0,0,0,0,0,13,0,23,0,0,36,801,0,126,29,1,78,18,4,0,0,0,0,0,0,0,0,0,281,0,0,0,15,0,0,0,0,69,0,1,0,0,0,38,47,8,1,3,18,0,4,0,0,0,0,0,0,0,1,0,0,7,0,1,0,0,177,9,11,0,2,3,1,0,24,0,0,0,1,48,17,23,0,0,0,0,7,0,0,0,0,0,0,0,0,0,0,0,0,0,0,0,0,0,3,1,1,0,0,2,120,0,53,2,48,10,8,0,0,0,0,0,0,0,0,0,0,33,0,0,0,0,0,0,0,0,11,0,0,0,0,0,5,4,1,0,0,5,0,2,0,0,0,0,0,0,0,0,0,0,0,0,0,0,0,3,2,1,0,0,1,1,0,5,0,0,0,0,10,2,1,0,0,0,0,0,0,0,0,0,0,0,0,0,0,0
351995,0,0,0,0,0,0,0,0,0,23,0,0,2,266,0,707,39,0,20,880,216,0,0,18,0,0,0,0,0,0,25,0,0,0,0,0,41,123,0,169,0,16,0,0,0,111,0,73,1,81,151,0,19,0,0,0,0,0,0,0,0,0,0,0,0,0,0,5,70,68,158,0,0,14,1,0,3,0,0,0,0,22,8,70,0,0,0,0,0,0,0,0,0,0,0,0,0,3,0,0,0,0,0,0,0,0,0,0,19,2,0,0,113,0,208,9,0,17,245,1,0,0,11,0,0,0,0,0,0,34,0,0,0,0,0,19,69,0,140,0,4,0,0,0,30,0,30,1,33,20,0,25,0,0,0,0,0,0,0,0,0,0,0,0,0,0,8,16,34,56,0,0,6,0,0,4,0,0,0,0,12,8,7,0,0,0,0,0,0,0,0,0,0,0,0,0,2,0
355497,0,0,0,0,0,0,0,4,0,11,11,0,17,315,0,0,49,8,58,12,145,0,0,0,0,0,0,0,0,0,157,0,0,0,0,0,147,513,0,42,0,125,0,0,0,26,593,6,1,14,0,0,24,0,0,0,0,0,0,3,0,0,0,12,0,0,0,0,1137,12,35,1,8,7,0,0,0,0,0,0,0,1,0,52,0,0,0,0,0,0,0,0,0,0,0,0,0,1,0,0,0,0,0,0,0,0,0,0,2,0,0,2,26,0,3,9,1,6,1,0,0,0,0,0,0,0,0,0,0,16,0,0,0,0,0,33,61,0,17,0,30,0,0,0,3,51,1,0,2,0,0,1,0,0,0,0,0,0,0,0,0,0,0,0,0,0,0,61,2,13,0,0,1,0,0,0,0,0,0,0,0,0,0,0,0,0,0,0,0,0,0,0,0,0,0,0,0,0
357078,0,0,0,0,0,0,0,0,0,7,3,0,23,307,0,6,29,0,49,24,145,0,0,0,0,0,0,0,0,0,137,0,0,0,0,0,122,408,0,9,0,139,0,0,0,0,374,0,0,6,0,0,2,0,0,0,0,0,0,0,4,0,0,17,0,0,0,0,911,17,52,0,0,3,1,0,0,0,0,0,0,0,0,90,0,0,0,0,0,0,0,0,0,0,0,0,0,0,0,0,0,0,0,0,0,0,0,0,8,2,0,9,92,0,5,11,0,21,22,0,0,0,0,0,0,0,0,0,0,107,0,0,0,0,0,121,107,0,5,0,204,0,0,0,3,98,0,0,1,1,0,4,0,0,0,0,0,0,0,0,0,0,5,0,0,0,0,363,6,24,0,0,2,2,0,0,0,0,0,0,1,0,13,0,0,0,0,1,0,0,0,0,0,0,0,0,0,0
357721,0,0,0,0,0,0,0,0,0,0,0,0,1,20,0,9,4,0,4,33,7,0,0,0,0,0,0,0,0,0,3,0,0,0,0,0,2,19,0,3,0,1,0,0,0,5,0,3,0,0,1,0,2,0,0,0,0,0,0,0,0,0,0,0,0,0,0,0,3,2,3,0,0,0,0,0,4,0,0,0,0,0,0,0,0,0,0,0,0,0,0,0,0,0,0,0,0,0,0,0,0,0,0,0,0,0,0,0,9,0,0,21,425,0,239,76,0,81,825,2,0,1,29,0,0,0,0,0,0,34,0,0,0,0,0,41,88,0,101,0,6,0,0,0,140,0,100,0,6,29,0,28,0,0,0,0,0,0,0,0,0,0,0,0,0,0,4,60,11,44,0,0,2,0,0,17,0,0,0,0,0,0,2,0,0,0,0,0,0,0,0,0,0,0,0,0,1,0
357689,0,0,0,0,0,0,0,0,0,0,0,0,0,0,0,0,0,0,0,0,0,0,0,0,0,0,0,0,0,0,0,0,0,0,0,0,0,0,0,0,0,0,0,0,0,0,0,0,0,0,0,0,0,0,0,0,0,0,0,0,0,0,0,0,0,0,0,0,0,0,0,0,0,0,0,0,0,0,0,0,0,0,0,0,0,0,0,0,0,0,0,0,0,0,0,0,0,0,0,0,0,0,0,0,0,0,0,0,1,0,0,0,7,0,16,0,1,4,1,0,0,0,0,0,0,0,0,0,0,1,0,0,0,0,0,36,49,0,3,0,1,0,0,0,2,0,2,0,2,1,0,2,0,0,0,0,0,0,0,0,0,0,0,0,0,0,0,1,4,4,0,0,4,0,0,0,0,0,0,0,11,2,1,0,0,0,0,0,0,0,0,0,0,0,0,0,0,0
358579,0,0,0,0,0,0,0,0,0,13,0,0,2,191,0,213,29,0,23,135,4,0,3,1,0,0,0,0,0,0,21,0,0,0,0,0,14,38,0,10,0,14,0,0,0,11,0,5,0,2,13,0,2,0,0,0,0,0,0,0,0,0,0,0,0,0,0,0,52,9,14,0,0,1,0,0,0,0,0,0,0,4,0,8,0,0,0,0,0,0,0,0,0,0,0,0,0,0,0,0,0,0,3,0,0,0,0,0,26,0,0,2,418,0,495,80,1,31,574,0,0,1,3,0,0,0,0,0,0,159,0,0,0,0,0,267,271,2,45,0,76,0,0,0,25,0,6,0,21,46,0,8,0,0,0,0,0,0,0,0,0,0,0,0,0,0,1,151,36,74,0,0,8,2,0,0,0,0,0,0,1,0,35,0,0,0,0,0,0,0,0,0,0,0,0,0,0,0
349538,0,0,0,0,0,0,0,0,0,101,0,0,4,511,0,535,103,0,79,522,96,0,0,4,0,0,0,0,0,0,53,0,0,0,0,0,76,231,0,109,0,14,0,0,0,24,0,0,0,27,37,0,11,0,0,0,0,0,1,0,0,0,0,0,0,0,0,0,114,58,129,0,0,20,0,0,0,0,0,0,0,6,0,1,0,0,0,0,0,0,0,0,0,0,0,0,0,0,0,0,0,0,0,0,0,0,0,0,13,0,0,1,135,0,89,18,0,33,234,2,0,0,1,0,0,0,0,0,0,33,0,0,0,0,0,46,75,0,38,0,14,0,0,0,12,0,0,0,5,7,0,7,0,0,0,0,0,0,0,0,0,0,0,0,0,0,0,23,12,39,0,0,8,0,0,0,0,0,0,0,4,0,0,0,0,0,0,0,0,0,0,0,0,0,0,0,0,0
337778,0,0,0,0,0,0,0,0,0,6,0,0,3,57,0,85,20,0,43,110,271,0,0,6,0,0,1,0,0,0,2,0,0,2,0,0,307,330,2,73,0,3,0,0,0,218,0,4,0,7,19,0,1,0,0,0,0,0,0,2,2,2,0,9,0,0,0,0,0,142,250,0,1,8,2,0,3,0,0,0,0,0,0,0,0,0,0,0,0,0,0,0,0,0,0,0,0,3,0,0,0,0,0,0,0,0,0,0,4,1,0,7,57,0,57,21,0,50,102,132,0,0,2,0,0,0,1,0,0,2,0,0,0,0,0,470,355,15,81,0,4,0,0,0,170,0,7,0,4,10,0,2,0,0,0,0,0,0,5,1,0,0,2,0,0,0,0,3,106,171,1,0,5,1,0,2,0,0,0,1,0,1,0,0,0,0,0,0,0,0,0,0,0,0,0,0,2,0
333163,0,0,0,0,0,0,0,0,0,89,0,0,28,575,0,143,181,7,127,108,11,0,0,10,0,0,0,0,0,0,294,0,0,1,0,0,0,0,0,239,0,0,0,0,2,318,39,53,0,8,29,0,168,0,0,0,0,0,0,0,1,0,0,22,0,0,20,15,0,70,132,0,0,9,1,0,0,0,0,1,1,10,0,1,0,0,0,0,0,0,0,0,0,0,0,0,0,0,0,0,0,0,0,0,0,0,0,0,21,0,0,2,53,0,21,36,26,44,49,0,0,0,0,0,0,0,0,0,0,24,0,0,0,0,0,0,1,0,64,0,0,0,0,0,103,0,15,0,3,7,0,35,0,0,0,0,0,0,2,0,0,0,2,0,0,5,0,0,11,8,0,0,2,0,0,0,0,0,0,0,0,0,0,0,0,0,0,0,0,0,0,0,0,0,0,0,0,0
358570,0,0,0,0,0,0,0,1,0,3,0,0,7,135,0,0,5,1,24,2,7,0,0,0,0,0,0,0,0,0,185,0,0,0,1,0,20,84,0,21,0,69,0,0,0,17,63,5,0,3,0,0,0,0,0,0,0,0,0,0,0,0,0,7,0,0,0,0,280,3,3,0,0,0,1,0,0,0,0,0,0,2,0,5,0,0,0,0,0,0,0,0,0,0,0,0,0,1,0,0,0,0,0,0,0,0,0,11,24,7,0,39,843,0,84,28,6,57,8,0,0,0,0,0,0,0,0,0,0,1085,0,0,0,1,0,224,232,0,54,0,279,0,0,0,39,162,27,0,4,0,0,9,0,0,0,0,0,0,0,0,0,0,30,0,0,0,0,475,3,6,0,1,0,1,0,0,0,0,0,0,7,0,9,0,0,0,0,0,0,0,0,0,0,0,0,0,0,0
353164,0,0,0,0,0,0,0,0,0,6,0,0,11,69,0,35,4,0,13,40,0,0,0,0,0,0,0,0,0,0,1,0,0,0,0,0,0,2,0,16,0,0,0,0,0,4,0,4,0,5,1,0,3,0,0,0,0,0,0,0,0,0,0,0,0,0,4,0,0,10,36,0,0,2,0,0,4,0,0,0,0,2,0,0,0,0,0,0,0,0,0,0,0,0,0,0,0,0,0,0,0,0,0,0,0,0,0,0,47,0,0,19,432,0,327,32,0,78,892,0,0,0,19,0,0,0,0,0,0,87,0,0,0,2,0,351,382,18,145,0,32,0,0,0,35,0,52,0,65,24,0,11,0,0,0,0,0,0,0,0,0,0,0,0,0,5,7,59,41,134,0,0,12,3,0,13,0,0,0,0,20,0,14,0,0,0,0,0,0,0,0,0,0,0,0,0,0,0
356304,0,0,0,0,0,0,0,0,0,6,2,0,1,100,0,8,48,1,16,19,53,0,0,0,0,0,0,0,0,0,42,0,0,0,0,0,6,100,0,7,0,47,0,0,0,3,196,11,0,0,0,0,1,0,0,0,0,0,0,0,0,1,0,2,0,0,0,0,385,9,18,0,1,8,0,0,0,0,0,0,0,1,1,35,0,0,0,0,0,0,0,0,0,0,0,0,0,0,0,0,0,0,0,0,0,0,2,16,25,5,0,23,661,0,40,72,162,96,70,0,0,0,0,0,0,0,0,0,0,596,0,0,0,12,0,235,433,1,51,0,474,0,0,0,83,355,96,0,2,4,0,6,0,0,0,0,0,1,0,0,0,0,3,0,0,0,0,1060,32,88,0,1,19,0,0,1,0,0,0,0,12,6,63,0,0,0,0,1,0,0,0,0,0,0,0,0,1,0
354098,0,0,0,0,0,0,0,0,0,118,4,0,8,605,0,369,71,70,217,398,2306,0,0,1,0,0,0,0,0,0,0,0,0,0,0,0,13,212,4,386,0,0,0,0,0,49,0,7,0,39,1,0,39,0,0,0,0,0,0,0,2,0,0,30,0,0,1,0,1,41,75,0,0,19,2,0,0,0,0,0,0,4,0,20,0,0,0,0,0,0,0,0,0,0,0,0,0,0,0,0,0,0,0,0,0,0,0,0,10,0,0,1,89,0,46,15,23,47,95,17,0,0,3,0,0,0,0,0,0,0,0,0,0,0,0,7,37,1,61,0,0,0,0,0,56,0,12,0,11,2,0,6,0,0,0,0,0,0,0,0,0,0,4,0,0,0,0,0,6,13,0,0,5,0,0,0,0,0,0,0,0,0,0,0,0,0,0,0,0,0,0,0,0,0,0,0,0,0
351919,0,0,0,0,0,0,0,0,0,2,0,0,1,38,0,1,2,0,7,0,1,0,0,0,0,0,0,0,0,0,2,0,0,0,0,0,17,41,0,3,0,4,0,0,0,1,18,2,0,0,0,0,1,0,0,0,0,0,0,0,0,0,0,1,0,0,0,0,19,5,8,0,0,0,0,0,0,0,0,0,0,0,0,1,0,0,0,0,0,0,0,0,0,0,0,0,0,0,0,0,0,0,0,0,0,0,0,3,3,2,0,11,1118,0,46,18,26,29,4,0,0,0,0,0,0,0,0,0,0,326,0,0,0,3,0,161,69,0,16,0,521,15,0,0,3,171,9,0,0,5,0,0,0,0,0,0,0,0,0,0,0,0,30,0,0,0,0,779,23,68,0,0,1,0,0,0,0,0,0,0,0,0,16,0,0,0,0,0,0,0,0,0,0,0,0,0,0,0
353408,0,0,0,0,0,0,0,0,0,49,0,0,1,271,0,75,16,0,86,207,643,0,0,10,0,0,0,0,0,0,42,0,0,0,0,0,2,207,0,23,0,0,0,0,0,59,0,165,18,5,16,0,14,0,0,0,0,0,0,2,1,0,0,0,0,0,2,5,12,16,29,0,0,11,0,0,0,0,0,0,0,13,7,29,0,0,0,0,0,0,0,0,0,0,0,0,0,0,0,0,0,0,0,0,0,0,0,0,9,0,0,0,42,0,5,1,0,21,25,17,0,0,0,0,0,0,0,0,0,12,0,0,0,0,0,3,20,0,2,0,0,0,0,0,11,0,34,2,3,6,0,0,0,0,0,0,0,0,0,0,0,0,0,0,0,1,2,2,0,7,0,0,1,0,0,1,0,0,0,0,2,1,0,0,0,0,0,0,0,0,0,0,0,0,0,0,0,0
331220,0,0,0,0,0,0,0,6,0,27,2,0,19,334,0,31,40,8,49,73,372,0,0,1,0,0,0,0,0,0,352,0,0,0,0,0,12,54,0,80,0,46,1,0,0,119,185,28,0,7,6,0,4,0,0,0,0,0,0,0,0,0,0,6,0,0,0,0,518,6,24,0,0,4,0,0,0,0,2,0,0,34,0,66,0,0,0,0,0,0,0,0,0,0,0,0,0,1,0,0,0,0,0,0,0,0,0,0,2,0,0,6,74,0,8,17,0,20,8,0,0,0,0,0,0,0,0,0,0,127,0,0,0,0,0,3,3,0,58,0,29,0,0,0,25,23,2,0,2,0,0,0,0,0,0,0,0,0,0,0,0,0,0,0,0,0,0,36,4,7,0,0,0,1,0,0,0,0,0,0,5,0,2,0,0,0,0,0,0,0,0,0,0,0,0,0,0,0
333733,0,0,0,0,0,0,0,0,0,0,0,0,0,1,0,0,0,0,0,0,0,0,0,0,0,0,0,0,0,0,0,0,0,0,0,0,0,0,0,3,0,0,0,0,0,1,0,0,0,1,0,1,0,0,0,0,0,0,0,0,0,0,0,0,0,0,0,0,0,0,2,0,0,1,0,0,0,0,0,0,0,0,0,0,0,0,0,0,0,0,0,0,0,0,0,0,0,0,0,0,0,0,0,0,0,0,0,0,20,6,0,18,1002,0,38,126,113,1,108,0,0,2,3,0,0,0,0,0,0,368,0,0,0,0,0,20,53,0,83,0,337,0,0,0,39,201,16,0,23,6,0,9,0,1,0,0,0,4,0,0,0,0,61,0,3,0,0,564,15,34,2,1,2,2,0,160,0,0,0,0,55,0,34,0,0,0,0,0,0,0,0,0,0,0,0,0,2,0
347674,0,0,0,0,0,0,0,0,0,1,0,0,3,154,0,21,8,11,48,225,1505,0,0,33,0,0,0,0,0,0,0,0,0,0,0,0,0,111,0,1135,0,0,0,0,0,70,0,7,0,91,1,0,1,0,0,0,0,0,0,4,4,0,0,0,0,0,16,0,0,26,86,1,0,14,2,0,0,0,0,0,0,7,70,12,0,0,0,0,0,0,0,0,0,0,0,0,0,1,0,0,0,0,0,0,0,0,0,0,0,0,0,0,2,0,0,0,0,1,1,16,0,0,0,0,0,0,0,0,0,0,0,0,0,0,0,0,3,0,16,0,0,0,0,0,10,0,3,0,1,0,0,0,0,0,0,0,0,0,1,0,0,0,0,0,0,0,0,0,0,0,0,0,1,0,0,0,0,0,0,0,0,0,0,0,0,0,0,0,0,0,0,0,0,0,0,0,0,0
352070,0,0,0,0,0,0,0,0,0,0,0,0,0,2,0,0,0,0,4,6,53,0,0,0,0,0,0,0,0,0,0,0,0,0,0,0,2,18,0,2,0,0,0,0,0,0,0,0,0,0,0,0,0,0,0,0,0,0,0,0,0,0,0,0,0,0,0,0,0,3,1,0,0,1,0,0,0,0,0,0,0,0,0,0,0,0,0,0,0,0,0,0,0,0,0,0,0,0,0,0,0,0,0,0,0,0,0,0,0,0,0,21,248,0,19,47,0,48,273,3,0,0,55,0,0,0,0,0,0,0,0,0,0,0,0,652,976,0,204,0,0,0,0,0,231,0,6,0,55,3,0,0,0,0,0,0,0,0,0,0,0,0,0,0,0,0,0,0,98,182,0,0,17,1,0,0,0,0,0,0,7,0,7,0,0,0,0,0,0,0,0,0,0,0,0,0,1,0
347489,0,0,0,0,0,0,0,0,0,318,10,0,12,1144,0,389,44,317,357,471,2380,0,0,0,0,0,0,0,0,0,1,0,0,0,0,0,30,183,0,487,0,0,0,0,0,84,0,23,0,35,1,0,12,0,0,0,0,0,0,0,4,0,0,32,0,0,1,1,3,48,79,0,0,5,0,0,0,0,0,0,0,9,0,77,0,0,0,0,0,0,0,0,0,0,0,0,0,5,0,0,0,0,0,0,0,0,0,0,17,2,0,1,79,0,17,6,9,51,35,17,0,0,0,0,0,0,0,0,0,0,0,0,0,0,0,3,6,0,43,0,0,0,0,0,21,0,4,0,5,0,0,3,0,0,0,0,0,0,0,0,0,0,5,0,0,0,0,0,4,2,0,0,0,0,0,0,0,0,0,0,0,0,1,0,0,0,0,0,0,0,0,0,0,0,0,0,0,0
355080,0,0,0,0,0,0,0,0,0,55,0,0,19,616,0,9,12,0,212,23,262,0,0,0,0,0,0,0,0,0,8,0,0,0,0,0,0,11,0,0,0,0,0,0,0,568,351,72,0,0,0,0,17,0,0,0,0,0,0,0,0,0,0,23,0,0,0,0,62,2,0,0,0,0,0,0,0,0,0,0,0,0,0,1260,0,1,0,0,0,0,0,0,0,0,0,0,0,0,0,0,0,0,0,0,0,0,0,0,0,0,0,0,1,0,0,0,0,0,0,0,0,0,0,0,0,0,0,0,0,0,0,0,0,0,0,0,1,0,0,0,0,0,0,0,3,2,0,0,0,0,0,0,0,0,0,0,0,0,0,0,0,0,0,0,0,0,0,0,0,0,0,0,0,0,0,0,0,0,0,0,0,0,3,0,0,0,0,0,0,0,0,0,0,0,0,0,0,0
358948,0,0,0,0,0,0,0,0,0,4,1,0,33,116,0,6,23,0,21,18,19,0,0,0,0,0,0,0,0,0,113,0,0,0,0,0,59,157,0,22,0,32,0,0,0,13,141,7,0,3,1,0,9,0,0,0,0,0,0,0,0,0,0,17,0,0,0,0,310,28,38,0,8,3,0,0,0,0,0,0,0,11,11,35,0,0,0,0,0,0,0,0,0,0,0,0,0,0,0,0,0,0,0,0,0,0,0,6,18,0,0,62,375,0,20,54,5,35,48,0,0,0,1,0,0,0,0,0,0,543,0,0,0,15,0,276,263,0,44,0,257,0,0,0,52,209,16,0,7,3,0,26,0,0,0,0,0,0,0,0,0,0,31,0,0,3,0,542,32,67,0,14,10,1,0,0,0,0,0,0,37,30,22,0,0,0,0,4,0,0,0,0,0,0,0,0,0,0
352992,0,0,0,0,0,0,0,0,0,2,0,0,0,39,0,42,2,6,25,40,296,0,0,0,0,0,0,0,0,0,0,0,0,0,0,0,9,125,0,183,0,0,0,0,0,22,0,9,0,18,0,0,3,0,0,0,0,0,0,0,0,0,0,0,0,0,0,0,0,9,24,0,0,2,0,0,0,0,0,0,0,0,0,3,0,0,0,0,0,0,0,0,0,0,0,0,0,0,0,0,0,0,0,0,0,0,0,0,1,0,0,17,453,0,87,16,0,138,124,11,0,0,0,0,0,0,0,0,0,0,0,0,0,0,0,160,164,0,457,0,0,0,0,0,441,0,92,0,41,1,0,2,0,0,0,0,0,0,0,0,0,0,0,0,0,0,0,0,29,66,0,0,3,0,0,0,0,0,0,0,0,0,0,0,0,0,0,0,0,0,0,0,0,0,0,0,0,0
355451,0,0,0,25,0,0,0,0,0,42,1,0,19,699,0,765,173,2,102,85,768,0,0,13,0,0,0,0,0,0,21,0,0,0,0,0,9,80,6,8,0,1,0,0,0,38,0,52,0,11,12,0,107,0,0,0,0,0,0,1,3,0,0,0,0,0,0,0,61,25,124,0,0,4,17,0,0,0,0,0,0,1,0,43,0,0,0,0,0,0,0,0,0,0,0,0,0,2,0,0,0,0,4,0,0,0,0,0,0,0,0,0,11,0,17,10,0,7,3,0,0,0,0,0,0,0,0,0,0,2,0,0,0,0,0,1,4,1,2,0,0,0,0,0,1,0,2,0,0,2,0,3,0,0,0,0,0,0,0,0,0,0,0,0,0,0,0,0,0,3,0,0,0,0,0,0,0,0,0,0,0,0,0,0,0,0,0,0,0,0,0,0,0,0,0,0,1,0
355546,0,0,0,0,0,0,0,0,0,0,0,0,0,17,0,18,0,0,3,38,16,0,0,0,0,0,0,0,0,0,0,0,0,0,0,0,1,12,0,5,0,0,0,0,0,3,0,6,0,1,1,0,2,0,0,0,0,0,0,0,0,0,0,0,0,0,0,0,1,1,2,0,0,1,0,0,7,0,0,0,0,0,0,1,0,0,0,0,0,0,0,0,0,0,0,0,0,1,0,0,0,0,0,0,0,0,0,0,12,0,0,8,497,0,230,9,1,91,492,0,0,0,18,0,0,1,0,0,0,20,0,0,0,0,0,49,136,9,70,0,4,0,0,0,86,0,129,0,23,44,0,16,0,0,0,0,0,0,0,1,0,0,0,0,0,1,20,8,22,39,0,3,6,1,0,156,0,20,0,0,3,0,24,0,0,0,0,0,0,0,0,0,0,0,0,0,0,0
355134,0,0,0,0,0,0,0,0,0,19,0,0,8,1409,0,160,35,7,155,372,1287,0,0,7,0,0,0,0,0,0,0,0,0,0,0,0,3,241,0,90,0,0,0,0,0,19,0,98,0,29,39,0,3,0,0,0,0,0,1,0,11,0,0,2,0,1,0,0,1,19,82,0,0,1,0,0,0,0,0,0,0,1,0,9,0,0,0,0,0,0,0,0,0,0,0,0,0,1,0,0,0,0,0,0,0,0,0,0,18,0,0,12,175,0,46,20,24,125,156,31,0,0,3,0,0,0,0,0,0,0,0,0,0,0,0,8,44,0,39,0,0,0,0,0,34,0,30,0,10,0,0,10,0,0,0,0,0,0,0,0,0,0,5,0,0,0,0,0,3,15,0,0,2,0,0,0,0,0,0,0,1,0,0,0,0,0,0,0,0,0,0,0,0,0,0,0,0,0
353176,0,0,0,0,0,0,0,0,0,0,1,0,3,96,0,91,4,0,57,111,784,0,0,1,0,0,0,0,0,0,0,0,0,0,0,0,278,469,0,118,0,1,0,0,0,9,0,3,0,15,1,0,0,0,0,0,0,0,0,0,0,0,0,12,0,0,0,0,2,14,32,0,0,2,1,0,0,0,0,0,0,0,0,0,0,0,0,0,0,0,0,0,0,0,0,0,0,0,0,0,0,0,0,0,0,0,0,0,1,1,0,2,61,0,84,2,0,21,55,48,0,0,4,0,0,0,0,0,0,3,0,0,0,0,0,101,117,0,24,0,1,0,0,0,8,0,2,0,5,0,0,0,0,0,0,0,0,0,0,1,0,0,4,0,0,0,0,3,5,11,0,0,1,0,0,0,0,0,0,0,0,0,0,0,0,0,0,0,0,0,0,0,0,0,0,0,1,0
345238,0,0,0,0,0,0,0,0,0,39,1,0,5,291,0,122,82,31,127,233,935,0,0,18,0,0,0,0,0,0,21,0,0,0,0,0,11,168,0,13,0,5,0,0,0,3,434,68,0,2,0,0,53,0,0,0,0,0,0,0,0,0,0,1,0,0,0,0,105,5,19,0,0,1,0,0,0,0,0,0,0,2,4,11,0,0,0,0,0,0,0,0,0,0,0,0,0,1,0,0,0,0,0,0,0,0,0,0,11,0,0,11,176,0,89,62,15,58,180,0,0,0,22,0,0,0,0,0,0,61,0,0,0,0,0,43,129,0,19,0,43,0,0,0,8,147,71,0,1,4,0,25,0,0,0,0,0,1,0,0,0,0,0,0,0,0,0,168,4,14,0,0,1,0,0,0,0,0,0,0,18,2,8,0,0,0,0,0,0,0,0,0,0,0,0,0,0,0
357735,0,0,0,0,0,0,0,0,3,8,28,0,60,302,0,17,26,1,62,10,70,0,0,0,0,0,0,0,0,0,95,0,0,0,0,0,23,46,0,69,0,0,0,0,0,84,53,9,0,15,1,0,2,0,0,0,0,0,0,0,1,0,0,5,0,0,1,0,15,17,22,0,0,4,1,0,0,0,0,0,0,4,8,3,0,0,0,0,0,0,0,0,0,0,0,0,0,0,0,0,0,0,0,0,0,0,0,45,8,92,0,300,1075,0,37,76,0,151,26,12,0,0,0,0,0,0,0,0,0,966,0,0,0,0,0,55,99,0,113,0,32,0,0,0,351,75,44,0,19,12,0,3,0,0,0,0,0,0,0,1,0,0,19,0,0,0,0,81,42,74,0,1,9,2,0,0,0,0,0,0,19,16,0,0,0,0,0,0,0,0,0,0,0,0,0,0,0,0
357068,0,0,0,0,0,0,0,0,0,14,0,0,2,138,0,45,29,0,58,116,864,0,0,204,0,1,0,0,0,0,0,0,0,0,0,0,16,161,0,746,0,0,0,0,0,182,0,41,0,85,15,0,38,0,0,0,0,0,0,139,17,0,0,0,0,15,6,1,0,44,97,8,7,13,3,0,1,0,0,0,0,102,2,47,0,0,0,0,0,0,0,0,0,0,0,0,0,1,0,0,0,0,0,0,0,0,0,0,0,0,0,0,2,0,0,1,0,2,4,16,0,0,1,0,0,0,0,0,0,0,0,0,0,0,0,5,7,0,10,0,0,0,0,0,17,0,1,0,1,0,0,3,0,0,0,0,0,0,0,1,0,0,0,0,0,0,0,0,1,4,2,0,1,0,0,0,0,0,0,0,4,0,0,0,0,0,0,0,0,0,0,0,0,0,0,0,0,0
357736,0,0,0,0,0,0,0,0,0,0,0,0,2,63,0,15,1,0,35,45,220,0,0,0,0,0,0,0,0,0,0,0,0,0,0,0,19,89,0,78,0,0,0,0,0,50,0,6,0,17,0,0,0,0,0,0,0,0,0,6,0,0,0,0,0,0,0,0,0,14,20,0,1,0,0,0,0,0,0,0,0,0,1,2,0,0,0,0,0,0,0,0,0,0,0,0,0,0,0,0,0,0,0,0,0,0,0,0,0,0,0,14,527,0,55,20,1,185,398,0,0,0,0,0,0,0,0,0,0,0,0,0,0,0,0,754,1031,0,556,0,0,0,0,0,579,0,179,0,99,4,0,3,0,0,0,0,0,0,1,0,0,0,0,0,0,1,0,0,84,225,6,0,18,2,0,0,0,0,0,0,0,0,23,0,0,0,0,0,0,0,0,0,0,0,0,0,0,0
355710,0,0,0,1,0,0,0,0,0,29,0,0,9,456,0,107,115,6,56,432,1272,0,0,253,0,0,0,0,0,0,43,0,0,0,0,0,51,197,0,121,0,23,1,0,0,104,0,73,0,31,14,0,57,0,0,0,0,0,0,0,4,0,0,0,0,0,0,23,71,57,206,0,0,10,4,0,1,0,1,0,0,43,10,17,0,0,0,0,0,0,0,0,0,0,0,0,0,0,0,0,0,0,0,0,0,0,0,0,3,0,0,3,82,0,19,17,4,11,74,52,0,0,14,0,0,1,0,0,0,7,0,0,0,0,0,45,78,0,32,0,8,0,0,0,29,0,6,0,4,7,0,13,0,0,0,0,0,0,3,1,0,0,0,0,0,0,9,25,20,42,0,0,5,1,0,0,0,0,0,0,11,2,3,0,0,0,0,0,0,0,0,0,0,0,0,0,0,0
358892,0,0,0,0,0,0,0,0,0,6,1,0,12,99,0,1,8,0,6,6,15,0,0,0,0,0,0,0,0,0,66,0,0,0,0,0,14,41,0,17,0,11,0,0,0,8,30,2,0,2,0,0,2,0,0,0,0,0,0,0,0,0,0,12,0,0,2,0,104,4,16,0,0,1,0,0,0,0,0,0,0,1,0,0,0,0,0,0,0,0,0,0,0,0,0,0,0,0,0,0,0,0,0,0,0,0,0,19,14,1,0,69,487,0,4,58,2,61,35,0,0,6,0,0,0,0,0,0,0,741,0,0,0,5,0,213,215,0,48,0,301,0,0,0,61,131,20,0,3,1,0,30,0,0,0,0,0,0,0,0,0,0,66,0,0,2,0,435,30,57,0,4,6,0,0,0,0,0,0,0,14,1,14,0,0,0,0,0,0,0,0,0,0,0,0,0,0,0
352079,0,0,0,6,0,0,0,0,0,25,0,0,37,612,0,1097,178,1,131,268,971,0,0,0,0,0,0,0,0,0,65,0,0,0,0,0,4,170,3,96,0,2,0,0,1,102,0,97,0,29,27,0,58,0,0,0,0,0,0,0,0,0,0,0,0,46,6,1,55,28,96,0,0,17,14,0,0,0,2,0,0,21,0,39,0,0,0,0,0,0,0,0,0,0,0,0,0,0,0,0,0,0,0,0,0,0,0,0,0,0,0,0,98,0,46,63,0,42,7,5,0,0,0,0,0,0,0,0,0,4,0,0,0,0,0,0,5,3,24,0,0,0,0,0,1,0,3,0,1,2,0,1,0,0,0,0,0,0,0,0,0,0,0,0,0,1,0,3,3,5,0,0,0,1,0,0,0,0,0,0,0,0,0,0,0,0,0,0,0,0,0,0,0,0,0,0,0,0
353070,0,0,0,0,0,0,0,0,0,6,1,0,9,243,0,26,2,20,32,6,224,0,0,3,0,0,0,0,0,0,19,0,0,0,0,0,50,101,0,29,0,6,0,0,0,22,37,22,2,2,2,0,0,0,0,0,0,0,0,0,0,0,0,21,0,0,0,0,27,5,24,1,0,1,0,0,0,0,0,0,0,0,0,1,0,0,0,0,0,0,0,0,0,0,0,0,0,0,0,0,0,0,0,0,0,0,0,0,10,5,0,14,1418,0,178,16,105,72,10,0,0,0,0,0,0,0,0,0,0,380,0,0,0,0,0,13,13,0,45,0,359,0,0,0,40,218,71,0,14,18,0,0,0,0,0,0,0,1,0,0,0,0,107,0,0,0,0,481,13,43,0,0,9,0,0,0,0,0,0,1,12,0,13,0,0,0,0,0,0,0,0,0,0,0,0,0,0,0
355417,0,0,0,0,0,0,0,0,0,24,2,0,5,155,0,45,23,0,93,96,403,0,0,1,0,0,0,0,0,0,0,0,0,0,0,0,362,458,0,265,0,1,0,0,0,35,0,17,0,33,7,0,3,0,0,0,0,0,0,2,1,0,0,11,0,0,0,0,16,102,194,0,0,2,5,0,0,0,0,0,0,2,1,12,0,0,0,0,0,0,0,0,0,0,0,0,0,0,0,0,0,0,0,0,0,0,0,0,45,5,0,6,305,0,57,30,0,121,124,52,0,5,1,0,0,0,0,0,0,9,0,0,0,0,0,602,523,0,308,0,13,0,0,0,45,0,17,0,25,3,0,3,0,0,0,0,0,0,1,0,0,0,13,0,0,2,0,33,113,175,0,0,0,2,0,0,0,0,0,0,3,0,8,0,0,0,0,0,0,0,0,0,0,0,0,0,1,0
358623,0,0,0,0,0,0,0,0,0,1,1,0,33,131,0,4,26,0,35,29,22,0,5,0,0,0,0,0,0,0,45,0,0,0,1,0,3,35,0,20,0,13,0,0,0,28,50,14,0,4,5,0,2,0,0,0,0,0,0,0,0,0,0,0,0,0,0,0,45,4,13,1,0,1,0,0,0,0,0,0,0,0,0,14,0,0,0,0,0,0,0,0,0,0,0,0,0,0,0,0,0,0,0,0,0,0,0,47,12,5,0,240,1072,0,77,125,1,160,67,1,0,4,0,0,0,0,0,0,0,1298,0,0,0,32,0,128,109,0,72,0,311,0,0,0,102,169,68,0,13,8,0,30,0,0,0,0,0,2,3,1,0,0,36,0,0,0,0,409,45,67,0,9,17,0,0,1,0,0,0,0,8,3,44,0,0,0,0,0,0,0,0,0,0,0,0,0,1,0
354125,0,0,0,0,0,0,0,0,0,4,0,0,3,31,0,120,5,6,25,49,162,0,0,0,0,0,0,0,0,0,0,0,0,0,0,0,223,376,0,75,0,1,0,0,0,18,0,1,0,4,0,0,0,0,0,0,0,0,0,0,0,0,0,0,0,0,0,0,5,36,80,0,0,4,0,0,0,0,0,0,0,0,0,0,0,0,0,0,0,0,0,0,0,0,0,0,0,0,0,0,0,0,0,0,0,0,0,0,9,0,0,4,124,0,312,71,1,73,369,2,0,0,0,0,0,0,0,0,0,1,0,0,0,0,0,823,994,0,114,0,4,0,0,0,64,0,15,0,6,0,0,0,0,0,0,0,0,0,0,0,0,0,0,0,0,0,0,5,78,155,0,0,8,0,0,0,0,0,0,0,0,0,0,0,0,0,0,0,0,0,0,0,0,0,0,0,0,0
355639,0,0,0,0,0,0,0,0,0,0,0,0,0,29,0,2,6,0,10,20,8,0,0,0,0,0,0,0,0,0,0,0,0,0,0,0,0,3,0,30,0,0,0,0,0,8,0,0,0,0,1,0,0,0,0,0,0,0,0,0,1,0,0,1,0,0,0,0,0,1,1,0,0,1,0,0,0,0,0,0,0,0,0,0,0,0,0,0,0,0,0,0,0,0,0,0,0,0,0,0,0,0,0,0,0,0,1,1,3,0,0,4,653,0,125,69,3,142,599,0,0,0,6,0,0,0,0,0,0,2,0,0,0,0,0,31,75,0,371,0,0,1,0,0,310,0,20,0,19,13,0,5,0,0,0,0,0,0,2,29,0,0,26,0,0,5,0,0,20,51,0,0,19,1,0,0,0,0,0,0,84,0,32,0,0,0,0,0,0,0,0,0,0,0,0,0,5,0
354043,0,0,0,0,0,0,0,0,0,5,0,0,0,174,0,128,2,12,30,29,781,0,0,0,0,0,0,0,0,0,1,0,0,0,0,0,626,550,0,32,0,0,0,0,0,1,0,4,0,2,0,0,0,0,0,0,0,0,0,0,0,0,0,2,0,0,0,0,5,31,43,0,0,0,0,0,0,0,0,0,0,0,0,0,0,0,0,0,0,0,0,0,0,0,0,0,0,0,0,0,0,0,0,0,0,0,0,0,5,0,0,2,65,0,57,1,0,15,54,6,0,0,0,0,0,0,0,0,0,2,0,0,0,0,0,688,584,0,37,0,0,0,0,0,4,0,0,0,2,0,0,0,0,0,0,0,0,0,0,0,0,0,1,0,0,0,0,2,33,54,0,0,0,0,0,0,0,0,0,0,0,0,0,0,0,0,0,0,0,0,0,0,0,0,0,0,0,0
358936,0,0,0,0,0,0,0,0,0,0,0,0,0,2,0,1,0,0,0,1,0,0,0,0,0,0,0,0,0,0,1,0,0,0,0,0,2,5,0,1,0,3,0,0,0,2,0,0,0,0,0,0,0,0,0,0,0,0,0,0,0,0,0,0,0,0,0,0,4,1,1,0,0,0,0,0,0,0,0,0,0,0,0,0,0,0,0,0,0,0,0,0,0,0,0,0,0,0,0,0,0,0,0,0,0,0,0,0,41,0,0,10,278,0,54,4,0,85,131,0,0,0,0,0,0,0,0,0,0,268,0,0,0,0,0,889,1112,24,27,0,66,0,0,0,123,0,64,0,13,45,0,12,0,0,0,0,0,0,0,1,0,0,0,0,0,0,14,204,44,97,0,1,7,0,0,34,0,0,0,0,9,15,8,0,0,0,0,0,0,0,0,0,0,0,0,0,0,0
341980,0,0,0,0,0,0,0,0,0,0,1,0,1,44,0,98,5,0,3,15,9,0,0,0,0,0,0,0,0,0,22,0,0,0,0,0,1,7,0,33,0,1,0,0,0,12,14,4,0,0,3,0,5,0,0,0,0,0,0,0,0,0,0,0,0,4,0,0,7,2,4,0,0,6,0,0,0,0,0,0,0,2,0,0,0,0,0,0,0,0,0,0,0,0,0,0,0,0,0,0,0,0,0,0,0,0,0,0,7,0,0,42,268,0,810,43,0,31,952,0,0,2,0,0,0,0,0,0,0,293,0,0,0,0,0,3,27,0,129,0,11,0,0,0,54,35,10,0,4,12,0,9,0,0,0,0,0,0,0,0,0,0,0,0,0,1,0,34,12,28,0,0,19,0,0,0,0,0,0,0,17,0,14,0,0,0,0,0,0,0,0,0,0,0,0,0,0,0
356181,0,0,0,0,0,0,0,2,5,28,1,0,135,1392,0,376,56,5,137,18,18,0,3,0,0,0,0,0,0,0,501,0,0,0,23,0,0,14,0,81,0,9,0,0,0,113,130,12,0,10,82,0,4,0,0,0,0,0,0,2,1,0,0,18,0,1,0,0,242,21,23,0,1,39,1,0,16,0,0,0,0,23,61,89,0,0,0,0,0,0,0,0,0,0,0,0,0,0,0,0,0,0,0,0,0,0,0,1,5,0,0,6,48,0,7,1,29,3,4,0,0,0,0,0,0,0,0,0,0,22,0,0,0,0,0,0,1,0,2,0,4,0,0,0,2,7,1,0,0,0,0,1,0,0,0,0,0,0,0,0,0,0,0,0,0,0,0,6,0,1,0,0,0,0,0,0,0,0,0,0,1,1,1,0,0,0,0,0,0,0,0,0,0,0,0,0,0,0
358863,0,0,0,0,0,0,0,0,0,1,0,0,0,3,0,1,0,0,0,3,0,0,0,0,0,0,0,0,0,0,0,0,0,0,0,0,0,0,0,3,0,0,0,0,0,0,0,0,0,0,1,0,0,0,0,0,0,0,0,0,0,0,0,0,0,0,0,0,2,2,3,0,0,0,0,0,0,0,0,0,0,0,0,0,0,0,0,0,0,0,0,0,0,0,0,0,0,0,0,0,0,0,0,0,0,0,0,0,34,0,0,18,399,0,200,91,0,24,698,0,0,4,0,0,0,0,0,0,0,316,0,0,0,15,0,413,405,0,90,0,140,0,0,0,87,0,6,0,31,24,0,4,0,0,0,0,0,0,0,0,0,0,0,0,0,1,0,306,20,49,0,0,4,3,0,0,0,0,0,0,0,0,4,0,0,0,0,0,0,0,0,0,0,0,0,0,0,0
356959,0,0,0,0,0,0,0,0,0,0,0,0,0,1,0,0,0,0,1,2,0,0,0,0,0,0,0,0,0,0,0,0,0,0,0,0,0,0,0,6,0,0,0,0,0,2,0,0,0,0,0,0,0,0,0,0,0,0,0,0,0,0,0,0,0,0,0,0,0,0,1,0,0,0,0,0,0,0,0,0,0,0,0,0,0,0,0,0,0,0,0,0,0,0,0,0,0,0,0,0,0,0,0,0,0,0,0,0,3,0,0,18,199,0,26,24,0,85,160,0,0,0,13,0,0,0,0,0,0,0,0,0,0,0,0,93,256,0,877,0,0,0,0,0,455,0,77,0,76,28,0,12,0,0,0,0,0,0,3,3,0,0,0,0,0,20,0,0,45,92,7,14,13,0,0,0,0,0,0,0,17,5,7,0,0,0,0,0,0,0,0,0,0,0,0,0,2,0
357700,0,0,0,0,0,0,0,1,3,0,1,0,14,102,0,5,9,1,17,5,0,0,9,0,0,0,0,0,0,0,55,0,0,0,1,0,1,6,0,18,0,0,0,0,0,34,20,1,0,3,3,0,2,0,0,0,0,0,0,0,0,0,0,1,0,0,0,0,9,9,12,2,0,1,0,0,0,0,0,0,0,0,0,4,0,0,0,0,0,0,0,0,0,0,0,0,0,0,0,0,0,0,0,0,0,0,3,57,2,8,0,137,790,0,111,46,0,134,52,0,0,8,0,0,0,0,0,0,0,1325,0,0,0,17,0,15,29,0,79,0,15,0,0,0,155,58,45,0,29,18,0,24,0,0,0,0,0,0,0,0,0,0,18,0,0,0,0,54,35,74,9,13,25,1,0,0,0,1,0,0,13,11,7,0,0,0,0,0,0,0,0,0,0,0,0,0,0,0
357701,0,0,0,0,0,0,0,0,0,1,0,0,0,22,0,12,4,0,24,25,21,0,0,0,0,0,0,0,0,0,0,0,0,0,0,0,17,48,0,64,0,2,0,0,0,9,0,0,0,4,0,0,0,0,0,0,0,0,0,0,0,0,0,0,0,0,0,0,0,20,47,0,0,0,2,0,0,0,0,0,0,0,0,2,0,0,0,0,0,0,0,0,0,0,0,0,0,0,0,0,0,0,0,0,0,0,0,0,29,1,0,4,346,0,66,34,3,151,204,1,0,0,1,0,0,0,0,0,0,5,0,0,0,0,0,1034,1322,0,250,0,6,0,0,0,43,0,53,0,27,0,0,0,0,0,0,0,0,0,0,0,0,0,3,0,0,0,0,24,99,176,0,0,6,0,0,0,0,0,0,0,0,0,11,0,0,0,0,0,0,0,0,0,0,0,0,0,0,0
352950,0,0,0,0,0,0,0,0,1,2,0,0,5,119,0,35,3,0,20,9,10,0,0,0,0,0,0,0,0,0,39,0,0,0,0,0,0,17,0,4,0,0,0,0,0,17,39,1,0,1,1,0,2,0,0,0,0,0,0,0,1,0,0,4,0,0,0,0,20,2,1,0,0,3,0,0,0,0,0,0,0,2,0,4,0,0,0,0,0,0,0,0,0,0,0,0,0,0,0,0,0,0,0,0,0,0,10,99,2,10,0,49,1826,0,124,32,5,49,104,1,0,0,0,0,0,0,0,0,0,1005,0,0,0,18,0,0,3,2,8,0,11,0,1,1,128,120,13,0,3,0,0,0,0,0,0,0,0,0,0,1,0,0,83,0,0,0,0,177,13,7,0,0,5,0,0,0,0,0,0,0,2,1,10,0,0,0,0,0,0,0,0,0,0,0,0,0,1,0
355073,0,0,0,0,0,0,0,0,0,74,2,0,69,612,0,438,84,34,105,151,624,0,82,0,0,0,0,0,0,0,23,0,0,0,0,0,7,111,0,60,0,3,0,0,0,28,652,104,0,8,42,0,80,0,0,0,0,0,0,8,1,0,0,3,0,0,0,0,173,7,49,0,1,5,0,0,0,0,0,0,0,18,37,380,0,0,0,0,0,0,0,0,0,0,0,0,0,1,0,0,0,0,0,0,0,0,0,0,3,0,0,7,50,0,9,12,0,3,23,0,0,2,0,0,0,0,0,0,0,17,0,0,0,0,0,4,11,0,6,0,16,0,0,0,1,32,1,0,0,1,0,3,0,0,0,0,0,0,0,0,0,0,0,0,0,0,0,68,2,12,0,0,0,0,0,0,0,0,0,0,6,10,12,0,0,0,0,0,0,0,0,0,0,0,0,0,0,0
358228,0,0,0,0,0,0,0,0,0,0,0,0,1,1,0,1,0,0,4,1,0,0,0,0,0,0,0,0,0,0,0,0,0,0,0,0,0,18,0,10,0,0,0,0,0,13,0,1,0,1,0,0,0,0,0,0,0,0,0,0,0,0,0,0,0,0,1,0,0,0,0,1,0,0,0,0,0,0,0,0,0,0,0,0,0,0,0,0,0,0,0,0,0,0,0,0,0,0,0,0,0,0,0,0,0,0,0,0,1,0,0,54,213,0,37,15,0,143,112,0,0,0,16,0,0,0,0,0,0,0,0,0,0,0,0,74,400,0,736,0,0,0,0,0,783,0,106,0,69,27,0,17,0,0,0,0,0,0,0,2,0,0,0,0,0,6,0,0,39,61,6,5,6,0,0,1,0,0,0,0,13,0,4,0,0,0,0,0,0,0,0,0,0,0,0,0,0,0
357783,0,0,0,0,0,0,0,0,0,13,5,0,8,140,0,12,108,0,35,16,226,0,0,0,0,0,0,0,0,0,70,0,0,0,5,0,39,274,0,106,0,48,0,0,0,24,204,12,0,8,1,0,31,0,0,0,0,0,2,0,0,2,0,5,0,0,0,0,399,9,28,0,0,8,2,0,0,0,0,0,0,4,15,119,0,0,0,0,0,0,0,0,0,0,0,0,0,0,0,0,0,0,0,0,0,0,0,8,13,2,0,48,465,0,30,79,27,69,46,0,0,1,0,0,0,0,0,0,0,497,0,0,0,110,0,309,350,0,133,0,463,0,0,0,63,292,93,0,13,2,0,44,0,0,0,0,0,0,2,0,4,0,28,0,0,0,0,832,31,76,0,0,11,3,0,0,0,0,0,0,12,34,175,0,0,0,0,0,0,0,0,0,0,0,0,0,0,0
353069,0,0,0,0,0,0,0,0,0,1,0,0,1,43,0,1,2,0,25,14,253,0,0,5,0,0,0,0,0,0,0,0,0,0,0,0,292,589,0,32,0,0,0,0,0,19,0,5,0,8,0,0,0,0,0,0,0,0,0,0,0,0,0,3,0,0,0,0,0,36,56,0,0,11,0,0,0,0,0,0,0,0,0,0,0,0,0,0,0,0,0,0,0,0,0,0,0,0,0,0,0,0,0,0,0,0,0,0,28,0,0,2,247,0,32,11,69,64,53,40,0,0,12,0,0,0,0,0,0,0,0,0,0,0,0,1050,778,18,92,0,5,0,0,0,69,0,13,0,24,0,0,3,0,0,0,0,0,0,0,0,0,0,8,0,0,0,0,6,77,133,0,0,47,2,0,0,0,0,0,0,0,0,0,0,0,0,0,0,0,0,0,0,0,0,0,0,0,0
355642,0,0,0,0,0,0,0,0,0,1,0,0,6,93,0,0,32,0,12,4,18,0,0,0,0,0,0,0,0,0,8,0,0,0,0,0,21,58,0,0,0,108,0,0,0,0,126,1,0,0,0,0,9,0,0,0,0,0,0,0,0,0,0,5,0,0,0,0,520,2,14,0,0,1,0,0,0,0,0,0,0,0,0,7,0,0,0,0,0,0,0,0,0,0,0,0,0,0,0,0,0,0,0,0,0,0,0,0,1,0,0,8,263,0,10,59,1,49,29,0,0,2,1,0,0,0,0,0,0,63,0,0,0,0,0,385,484,0,0,0,660,0,0,0,0,306,11,0,0,0,0,17,0,0,0,0,0,0,0,0,0,0,2,0,0,0,0,1034,4,68,0,0,11,0,0,0,0,0,0,0,0,0,26,0,0,0,0,0,0,0,0,0,0,0,0,0,0,0
350407,0,0,0,0,0,0,0,80,0,71,0,0,22,1210,0,71,84,1,146,223,141,0,2,5,0,0,0,0,0,0,29,0,0,0,0,0,4,65,0,82,0,2,0,0,0,216,0,179,34,4,72,0,93,0,0,0,0,0,0,30,44,0,0,0,0,46,0,1,105,20,92,5,2,13,1,0,0,0,0,0,0,53,1,399,0,0,0,0,0,0,0,0,0,0,0,0,0,1,0,0,0,0,0,0,0,0,3,0,7,0,0,2,114,0,1,6,0,22,54,5,0,0,4,0,0,0,0,0,0,2,0,0,0,0,0,0,21,0,18,0,0,0,0,0,29,0,32,3,0,2,0,15,0,0,0,0,0,0,0,0,0,0,0,0,2,0,1,6,3,2,0,0,5,0,0,0,0,0,0,0,8,0,16,0,0,0,0,0,0,0,0,0,0,0,0,0,1,0
355438,0,0,0,0,0,0,0,0,0,32,0,0,28,355,0,2,29,37,39,5,5,0,0,0,0,0,0,0,0,0,80,0,0,0,0,0,20,207,0,19,0,106,0,0,0,4,117,0,0,0,13,0,5,0,0,0,0,0,0,0,0,0,0,3,0,0,0,0,619,14,30,0,0,4,0,0,1,0,0,0,0,6,11,34,0,0,0,0,41,0,0,0,0,0,0,0,0,0,0,0,0,0,0,0,0,0,0,29,25,1,0,46,472,0,19,30,6,35,48,0,0,7,0,0,0,0,0,0,0,319,0,0,0,1,0,121,148,0,22,0,285,0,0,0,177,94,9,0,0,8,0,7,0,0,0,0,0,0,0,7,0,0,3,0,0,0,0,700,13,47,0,0,4,2,0,22,0,0,0,0,30,22,13,0,0,0,0,22,0,0,0,0,0,0,0,0,0,0
357113,0,0,0,0,0,0,0,0,0,9,2,0,0,188,0,833,61,3,41,282,52,0,1,1,0,0,0,0,0,0,43,0,0,0,0,0,60,169,0,46,0,10,0,0,0,138,0,10,0,19,38,0,14,0,0,0,0,0,0,0,0,0,0,0,0,0,0,0,112,50,84,0,0,5,1,0,0,0,0,0,0,27,0,19,0,0,0,0,0,0,0,0,0,0,0,0,0,0,0,0,0,0,0,0,0,0,0,0,4,0,0,0,98,0,282,43,2,47,75,4,0,0,1,0,0,0,0,0,0,25,2,0,0,0,0,43,49,0,18,0,7,0,0,0,59,0,3,0,7,8,0,5,0,0,0,0,0,0,0,0,0,0,0,0,0,0,0,38,13,20,0,0,1,1,0,0,0,0,0,0,14,0,6,0,0,0,0,0,0,0,0,0,0,0,0,0,0,0
350401,0,0,0,0,0,0,0,3,0,33,1,0,138,1574,0,270,42,3,137,14,14,0,6,0,0,0,0,0,0,0,517,0,0,0,1,0,1,9,0,51,0,11,0,0,0,129,216,31,0,14,68,0,10,0,0,0,0,0,0,3,0,0,0,21,0,0,0,0,343,6,20,0,0,7,0,0,4,0,0,0,0,24,39,73,0,0,0,0,0,0,0,0,0,0,0,0,0,0,0,0,0,0,0,0,0,0,0,0,0,0,0,1,8,0,0,0,0,0,0,0,0,0,0,0,0,0,0,0,0,6,0,0,0,0,0,0,0,0,0,0,3,0,0,0,0,0,0,0,0,0,0,0,0,0,0,0,0,0,0,0,0,0,0,0,0,0,0,3,0,0,0,0,0,0,0,0,0,0,0,0,1,0,0,0,0,0,0,0,0,0,0,0,0,0,0,0,0,0
355530,0,0,0,0,0,0,0,0,0,11,0,0,1,180,0,198,4,0,21,193,72,0,0,1,0,0,0,0,0,0,61,0,0,0,0,0,50,224,1,5,0,24,0,0,0,62,0,53,0,0,15,0,12,0,0,0,0,0,0,0,0,0,0,0,0,0,0,8,123,6,20,0,0,6,0,0,10,0,0,0,0,0,0,21,0,0,0,0,0,0,0,0,0,0,0,0,0,0,0,0,0,0,0,0,0,0,0,0,4,0,0,0,255,0,256,7,0,71,259,2,0,0,2,0,0,0,0,0,0,125,0,0,0,0,0,306,403,115,21,0,26,0,0,0,99,0,92,0,0,47,0,15,0,0,0,0,0,0,0,0,0,0,0,0,0,0,10,102,12,44,0,0,4,0,0,31,0,0,0,0,1,0,5,0,0,0,0,0,0,0,0,0,0,0,0,0,0,0
356518,0,0,0,0,0,0,0,0,0,17,0,0,8,167,0,353,49,0,23,240,406,0,0,12,0,0,0,0,0,0,7,0,0,0,13,0,351,504,0,148,0,14,0,0,0,94,0,29,0,54,12,0,13,0,0,0,0,0,0,0,0,0,0,0,0,0,0,0,29,129,277,0,0,55,1,0,0,0,0,0,0,5,0,2,0,0,0,0,0,0,0,0,0,0,0,0,0,1,0,0,0,0,0,0,0,0,0,0,11,0,0,2,58,0,65,13,0,12,98,26,0,0,9,0,0,0,0,0,0,11,4,0,0,3,0,262,212,0,63,0,11,0,0,0,29,0,9,0,17,4,0,9,0,0,0,0,0,0,0,0,0,0,0,0,0,0,0,9,40,62,0,0,15,0,0,0,0,0,0,0,7,0,0,0,0,0,0,0,0,0,0,0,0,0,0,0,0,0
355532,0,0,0,0,0,0,0,0,0,1,0,0,15,123,0,29,13,0,24,129,10,0,0,6,0,0,0,0,0,0,71,0,0,2,0,0,69,287,0,33,0,0,0,0,0,76,0,170,0,22,6,0,3,0,0,0,0,0,0,0,0,7,0,0,0,0,1,6,0,15,26,3,4,12,1,0,11,0,0,1,0,4,0,9,0,0,0,0,0,0,0,0,0,0,0,0,0,0,0,0,0,0,0,0,0,0,0,0,0,0,0,13,164,0,32,26,2,45,171,1,0,1,11,0,0,2,0,0,0,35,0,0,0,0,0,115,306,0,38,0,0,0,0,0,92,0,188,0,29,7,0,3,0,0,0,0,0,0,0,0,5,0,0,0,0,2,26,0,18,26,3,3,7,0,0,4,0,0,1,0,2,0,9,0,0,0,0,0,0,0,0,0,0,0,0,0,1,0
356352,0,0,0,0,0,0,0,0,0,17,0,0,8,239,0,1496,22,0,43,291,509,0,0,3,0,0,0,0,0,0,0,0,0,0,0,0,2,5,0,135,0,0,0,0,0,125,0,68,2,19,15,0,25,0,0,0,0,0,0,1,14,0,0,0,0,127,1,0,2,9,62,0,0,12,1,0,0,0,1,0,0,0,0,27,0,0,0,0,0,0,0,0,0,0,0,0,0,1,0,0,0,0,0,0,0,0,0,0,1,0,0,3,83,0,163,43,0,21,64,0,0,0,0,0,0,0,0,0,0,0,0,0,0,0,0,5,16,1,80,0,0,0,0,1,44,0,15,0,11,1,0,7,0,0,0,0,0,0,0,11,0,0,0,0,0,0,3,1,4,15,0,0,7,2,0,0,0,0,0,0,1,0,5,0,0,0,0,0,0,0,0,0,0,0,0,0,0,0
356512,0,0,0,0,0,0,0,0,0,2,0,0,42,653,0,260,74,0,8,8,0,0,3,0,0,0,0,0,0,0,14,0,0,0,0,0,4,9,0,33,0,34,0,0,0,85,0,0,0,9,3,0,3,0,0,0,0,0,0,0,0,0,0,0,0,0,0,0,76,8,20,0,0,1,0,0,0,0,0,0,0,7,0,24,0,0,0,0,0,0,0,0,0,0,0,0,0,0,0,0,0,0,0,0,0,0,0,0,7,0,0,24,771,0,289,62,0,8,219,0,0,2,5,0,2,0,0,0,0,260,0,0,0,0,0,149,160,0,70,0,60,0,0,0,109,0,11,0,36,6,0,10,0,0,0,0,0,0,0,1,0,0,1,0,0,0,0,86,19,48,0,0,3,0,0,0,0,0,0,0,17,0,26,0,0,0,0,0,0,0,0,0,0,0,0,0,0,0
355538,0,0,0,0,0,0,0,0,0,35,0,0,9,362,0,425,43,1,85,445,107,0,0,20,0,0,0,0,0,0,54,0,0,0,0,0,275,562,54,48,0,2,0,0,0,152,0,87,0,44,28,0,21,0,0,0,0,0,0,0,5,0,0,0,0,0,0,4,218,34,86,0,0,2,0,0,12,0,0,0,0,0,4,20,0,0,0,0,0,0,0,0,0,0,0,0,0,0,0,0,0,0,0,0,0,0,0,0,52,2,0,14,244,0,211,19,0,43,258,12,0,0,2,0,0,0,0,0,0,61,0,0,0,0,0,219,217,43,28,0,0,0,0,0,53,0,42,0,22,27,0,4,0,0,0,0,0,0,0,0,0,0,0,0,1,0,1,169,16,27,0,0,0,0,0,6,0,0,0,0,0,0,5,0,0,0,0,0,0,0,0,0,0,0,0,0,0,0
353508,0,0,0,0,0,0,0,1,0,7,3,0,43,1051,0,166,49,0,73,43,42,0,0,0,0,0,0,0,0,0,199,0,0,0,20,0,5,61,0,34,0,186,0,0,0,58,427,7,0,1,1,0,0,0,0,0,0,0,0,0,0,0,0,127,0,0,0,0,1181,17,27,0,0,11,0,0,0,0,0,0,0,13,1,196,0,0,0,0,0,0,0,0,0,0,0,0,0,0,0,0,0,0,0,0,0,0,0,0,5,0,0,32,331,0,11,64,10,70,31,0,0,3,0,0,0,0,0,0,0,108,0,0,0,8,0,10,16,0,35,0,171,0,0,0,33,52,7,0,0,0,0,0,0,0,0,0,0,0,0,0,0,0,116,0,0,0,0,267,6,18,0,0,3,0,0,0,0,0,0,0,10,0,11,0,0,0,0,1,0,0,0,0,0,0,0,0,0,0
355224,0,0,0,0,0,0,0,0,0,1,0,0,2,11,0,0,0,0,2,3,13,0,0,0,0,0,0,0,0,0,4,0,0,0,0,0,9,39,0,2,0,2,0,0,0,0,20,1,0,0,1,0,2,0,0,0,0,0,0,0,0,0,0,1,0,0,0,0,18,2,7,0,0,1,0,0,0,0,0,0,0,0,0,1,0,0,0,0,0,0,0,0,0,0,0,0,0,0,0,0,0,0,0,0,0,0,0,73,15,0,0,43,739,0,18,45,0,73,34,0,0,0,0,0,0,0,0,0,0,311,0,0,0,0,0,497,693,0,21,0,163,0,0,0,105,729,26,0,6,1,0,52,0,0,0,0,0,0,0,2,0,0,18,0,0,0,0,558,23,68,0,0,5,0,0,0,0,0,0,0,4,19,37,0,0,0,0,0,0,0,0,0,0,0,0,0,0,0
358944,0,0,0,0,0,0,0,0,0,2,0,0,4,53,0,1,2,0,4,2,0,0,0,0,0,0,0,0,0,0,63,0,0,0,0,0,8,33,0,11,0,19,0,0,0,7,28,2,0,0,0,0,6,0,0,0,0,0,0,0,0,0,0,16,0,0,0,0,62,8,14,0,0,2,0,0,0,0,0,0,0,0,0,0,0,0,0,0,0,0,0,0,0,0,0,0,0,0,0,0,0,0,0,0,0,0,0,10,37,0,0,22,619,0,30,47,0,68,29,2,0,0,0,0,0,0,0,0,0,715,0,0,0,5,0,279,211,0,76,0,406,0,0,0,39,206,14,0,1,0,0,21,0,0,0,0,0,0,0,0,0,0,24,0,0,0,0,528,32,87,0,1,10,0,0,0,0,0,0,0,4,0,5,0,0,0,0,0,0,0,0,0,0,0,0,0,0,0
355220,0,0,0,0,0,0,0,0,0,11,0,0,1,103,0,16,41,18,76,71,64,0,0,0,0,0,0,0,0,0,0,0,0,0,0,0,4,50,0,93,0,0,0,0,0,6,0,18,0,9,0,0,1,0,0,0,0,0,0,0,0,0,0,0,0,0,0,0,0,3,11,0,0,1,0,0,1,0,0,0,0,0,0,12,0,0,0,0,0,0,0,0,0,0,0,0,0,0,0,0,0,0,0,0,0,0,0,0,76,1,0,20,835,0,217,187,0,343,399,0,0,0,10,0,0,0,0,0,0,2,0,0,0,0,0,57,732,1,539,0,0,0,0,0,39,0,163,1,106,21,0,15,0,0,0,0,0,0,0,29,0,0,1,0,0,1,0,57,19,51,0,0,6,0,0,0,0,0,0,0,6,0,93,0,0,0,0,0,0,0,0,0,0,0,0,0,1,0
330198,0,0,0,0,0,0,0,0,0,45,0,0,10,376,0,106,141,4,49,300,1551,0,0,28,0,0,0,0,0,0,13,0,0,0,0,0,87,479,4,33,0,3,0,0,0,11,0,104,0,12,25,0,23,0,0,0,0,0,0,0,0,0,0,0,0,0,0,19,58,15,79,0,0,16,0,0,0,0,0,0,0,2,0,37,0,0,0,0,0,0,0,0,0,0,0,0,0,0,0,0,0,0,0,0,0,0,0,0,25,0,0,2,172,0,63,61,0,44,106,131,0,0,5,0,0,0,0,0,0,6,0,0,0,0,0,103,210,0,33,0,1,0,0,0,11,0,36,0,4,10,0,1,0,0,0,0,0,0,0,0,0,0,0,0,0,0,11,5,8,40,0,0,5,0,0,0,0,0,0,0,2,0,4,0,0,0,0,0,0,0,0,0,0,0,0,0,0,0
357088,0,0,0,0,0,0,0,0,0,1,0,0,3,67,0,19,3,0,4,42,1,0,0,0,0,0,0,0,0,0,2,0,0,0,0,0,3,9,0,16,0,0,0,0,0,8,0,30,0,1,2,0,1,0,0,0,0,0,0,0,0,0,0,0,0,0,0,1,0,6,31,0,0,0,0,0,0,0,0,0,0,0,0,0,0,0,0,0,0,0,0,0,0,0,0,0,0,0,0,0,0,0,0,0,0,0,0,0,6,0,0,7,395,0,160,13,3,57,585,0,0,0,4,0,0,0,0,0,0,175,0,0,0,0,0,1116,1095,2,72,0,22,0,0,0,33,0,83,0,16,44,0,25,0,0,0,0,0,0,0,0,0,0,0,0,0,1,13,73,67,209,0,0,1,0,0,2,0,0,0,0,0,0,0,0,0,0,0,0,0,0,0,0,0,0,0,0,0,0
356261,0,0,0,0,0,0,0,2,0,176,0,0,28,310,0,124,17,355,119,127,967,0,0,2,0,0,0,0,0,0,11,0,0,0,0,0,87,208,0,497,0,0,0,0,0,38,7,19,7,53,2,0,20,0,0,0,0,0,0,0,4,0,0,1,0,0,0,0,15,56,66,1,4,21,2,0,0,0,0,0,0,46,0,117,0,0,0,0,0,0,0,0,0,0,0,0,0,0,0,0,0,0,0,0,0,0,0,0,19,0,0,14,43,0,18,2,3,28,26,22,0,0,0,0,0,0,0,0,0,0,0,0,0,0,0,167,161,0,74,0,0,0,0,0,26,0,4,1,9,1,0,1,0,0,0,0,0,0,0,1,0,0,0,0,0,0,0,0,23,21,3,0,6,1,0,0,0,0,0,0,33,0,8,0,0,0,0,0,0,0,0,0,0,0,0,0,0,0
356262,0,0,0,0,0,0,0,0,0,16,0,0,5,279,0,145,39,13,82,347,206,0,0,1,0,0,0,0,0,0,0,0,0,0,0,0,144,554,0,658,0,0,0,0,0,210,0,38,0,112,29,0,19,0,0,0,0,0,14,9,5,0,0,0,0,3,7,0,0,366,477,32,11,145,13,0,0,0,0,0,0,202,0,31,0,0,0,0,0,0,0,0,0,0,0,0,0,0,0,0,0,0,0,0,0,0,0,0,2,0,0,1,74,0,50,8,2,27,35,16,0,0,0,0,0,0,0,0,0,0,0,0,0,0,0,35,81,0,106,0,0,0,0,0,45,0,10,0,21,11,0,6,0,0,0,0,0,3,2,0,0,0,1,0,0,2,0,0,30,37,1,1,7,0,0,0,0,0,0,0,35,0,13,0,0,0,0,0,0,0,0,0,0,0,0,0,0,0
352946,0,0,0,0,0,0,0,0,0,0,0,0,0,1,0,1,1,0,4,8,8,0,0,0,0,0,0,0,0,0,0,0,0,0,0,0,2,1,0,16,0,0,0,0,0,8,0,1,0,5,1,0,0,0,0,0,0,0,0,26,0,0,0,0,0,0,0,0,0,3,0,0,0,0,0,0,0,0,0,0,0,0,0,0,0,0,0,0,0,0,0,0,0,0,0,0,0,0,0,0,0,0,0,0,0,0,0,0,0,7,0,6,166,0,13,7,0,246,132,3,0,0,0,0,0,0,0,0,0,0,0,0,0,0,0,6,18,0,519,0,0,0,0,1,804,0,272,0,121,8,0,1,0,0,0,0,0,0,56,4,0,0,0,0,0,11,0,0,16,36,0,5,8,0,0,0,0,0,1,0,0,0,33,0,0,0,0,0,0,0,0,0,0,0,0,0,0,0
355588,0,0,0,0,0,0,0,3,0,10,1,0,47,770,0,21,18,0,58,22,1,0,1,0,0,0,0,0,0,0,106,0,0,0,3,0,0,7,0,10,0,5,0,0,0,186,161,16,0,10,18,0,0,0,0,0,0,0,0,1,0,0,0,16,0,0,0,0,94,2,1,0,0,5,0,0,6,0,0,0,0,8,4,159,0,0,0,0,0,0,0,0,0,0,0,0,0,1,0,0,0,0,0,0,0,0,0,0,0,0,0,8,69,0,0,2,0,4,1,0,0,0,0,0,0,0,0,0,0,7,0,0,0,0,0,0,0,0,1,0,1,0,0,0,12,5,0,0,0,0,0,0,0,0,0,0,0,0,0,0,0,0,1,0,0,0,0,1,0,0,0,0,0,0,0,0,0,0,0,0,0,0,8,0,0,0,0,0,0,0,0,0,0,0,0,0,0,0
345275,0,0,0,0,0,0,0,95,0,42,6,0,100,2035,0,5,38,0,103,49,8,0,0,7,0,0,0,0,0,0,51,0,0,0,0,0,0,57,0,90,0,1,0,0,0,622,461,42,0,52,23,0,0,0,0,0,0,0,0,0,2,0,0,18,0,0,2,0,335,5,0,0,3,19,0,0,0,0,0,0,0,44,6,359,0,0,0,0,0,0,0,0,0,0,0,0,0,0,0,0,0,0,0,0,0,0,7,0,0,1,0,45,189,0,14,14,0,14,76,0,0,0,12,0,0,0,0,0,0,1,0,0,0,0,0,0,0,0,37,0,0,0,0,0,73,0,9,0,12,0,0,0,0,0,0,0,0,0,0,0,0,0,0,0,0,0,0,1,0,0,0,0,2,0,0,0,0,0,0,0,7,8,6,0,0,0,0,0,0,0,0,0,0,0,0,0,2,0
351239,0,0,0,0,0,0,0,0,1,0,0,0,2,8,0,0,0,0,9,21,9,0,0,0,0,0,0,0,0,0,0,0,0,0,0,0,2,25,0,105,0,0,0,0,0,21,0,6,0,4,3,0,1,0,0,0,0,0,0,0,0,0,0,0,0,0,1,0,0,1,2,0,0,0,0,0,0,0,0,0,0,0,0,2,0,0,0,0,0,0,0,0,0,0,0,0,0,0,0,0,0,0,0,0,0,0,0,1,1,0,0,9,367,0,29,34,3,239,255,0,0,0,7,0,0,0,0,0,0,0,0,0,0,0,0,20,71,0,568,0,0,0,0,0,610,0,170,0,49,25,0,13,0,0,0,0,0,0,5,12,0,0,0,0,0,6,0,0,19,70,0,12,6,7,0,16,0,0,1,0,18,0,13,0,0,0,0,0,0,0,0,0,0,0,0,0,0,0
343918,0,0,0,0,0,0,0,0,0,0,1,0,0,318,0,66,53,0,223,625,1493,0,0,0,0,0,0,0,0,0,0,0,0,0,0,0,0,23,0,313,0,0,0,0,0,168,0,16,0,40,12,0,22,0,0,0,0,0,0,65,4,0,0,0,0,0,6,0,0,23,38,0,0,5,0,0,0,0,0,0,0,0,0,291,0,0,0,0,0,0,0,0,0,0,0,0,0,0,0,0,0,0,0,0,0,0,0,0,0,0,0,0,5,0,2,2,1,4,2,4,0,0,0,0,0,0,0,0,0,0,0,0,0,0,0,0,0,0,6,0,0,0,0,0,6,0,5,0,1,0,0,0,0,0,0,0,0,0,1,0,0,0,0,0,0,0,0,0,0,0,0,0,0,0,0,0,0,0,0,0,0,0,0,0,0,0,0,0,0,0,0,0,0,0,0,0,0,0
356225,0,0,0,0,0,0,0,0,1,13,17,0,74,861,0,54,32,2,104,38,173,0,0,0,0,0,0,0,0,0,148,0,0,0,0,0,17,46,0,113,0,18,0,0,0,65,142,16,0,11,0,0,3,0,0,0,0,0,0,0,3,0,0,22,0,0,0,0,147,20,47,0,0,2,2,0,0,0,0,0,0,1,1,12,0,0,0,0,0,0,0,0,0,0,0,0,0,0,0,0,0,0,0,0,0,0,0,9,24,14,0,159,1052,0,132,83,0,136,54,80,0,0,0,0,0,0,0,0,0,438,0,0,0,0,0,92,220,0,122,0,10,0,0,0,110,61,31,0,8,1,0,0,0,0,0,0,0,0,0,2,0,0,7,0,0,0,0,61,23,56,0,0,4,1,0,0,0,0,0,0,4,5,4,0,0,0,0,0,0,0,0,0,0,0,0,0,0,0
355428,0,0,0,0,0,0,0,0,0,6,0,0,2,346,0,0,8,0,24,2,0,0,0,0,0,0,0,0,0,0,7,0,0,0,1,0,0,0,0,2,0,35,0,0,0,4,53,0,0,0,0,0,0,0,0,0,0,0,0,0,0,0,0,2,0,0,0,0,29,6,6,0,0,0,0,0,0,0,0,0,0,0,0,0,0,0,0,0,0,0,0,0,0,0,0,0,0,0,0,0,0,0,0,0,0,0,0,0,19,0,0,25,574,0,12,22,0,42,24,0,0,0,1,0,0,0,0,0,0,186,0,0,0,11,0,13,18,0,15,0,111,0,0,0,31,86,2,0,0,0,0,0,0,0,0,0,0,0,0,0,0,0,9,0,0,0,0,100,9,14,1,0,1,0,0,0,0,0,0,0,0,0,0,0,0,0,0,0,0,0,0,0,0,0,0,0,0,0
357792,0,0,0,0,0,0,0,0,4,4,0,0,55,399,0,37,71,4,94,5,265,0,28,0,0,0,0,0,0,0,257,0,0,0,3,0,72,298,0,31,0,144,1,0,0,15,490,43,0,4,9,0,12,0,0,0,0,0,0,0,0,0,0,26,0,0,0,0,1381,16,60,0,0,3,0,0,5,0,0,0,0,12,8,103,0,0,0,0,0,0,0,0,0,0,0,0,0,0,0,0,0,0,0,0,0,0,0,1,0,0,0,99,171,0,7,36,1,38,27,2,0,35,0,0,0,0,0,0,0,222,0,0,0,7,0,125,123,0,17,0,345,0,0,0,23,225,5,0,1,4,0,8,0,0,0,0,0,0,0,0,0,0,3,0,0,0,0,580,5,33,0,0,1,0,0,6,0,0,0,0,13,7,27,0,0,0,0,0,0,0,0,0,0,0,0,0,0,0
354205,0,0,0,0,0,0,0,0,0,3,8,0,19,1044,0,0,76,1,64,3,0,0,0,0,0,0,0,0,0,0,136,0,0,0,17,0,9,103,0,6,0,142,0,0,0,11,237,1,0,5,2,0,0,0,0,0,0,0,0,0,3,0,0,61,0,0,0,0,623,9,39,0,0,6,1,0,7,0,0,0,0,5,12,28,0,0,0,0,42,0,0,0,0,0,0,0,0,0,0,0,0,0,0,0,0,0,0,0,0,6,0,17,288,0,4,23,0,39,5,0,0,0,0,1,0,0,0,0,0,260,0,0,0,60,0,10,22,0,6,0,209,0,0,0,17,64,3,0,2,6,0,0,0,0,0,0,0,0,0,0,0,0,31,0,0,0,0,229,4,29,0,0,5,0,0,7,0,0,0,0,2,2,7,0,0,0,0,123,0,0,0,0,0,0,0,0,0,0
358117,0,0,0,0,0,0,0,0,0,0,0,0,0,2,0,1,0,0,0,0,1,0,0,0,0,0,0,0,0,0,0,0,0,0,0,0,0,0,0,0,0,0,0,0,0,3,0,1,0,0,0,0,0,0,0,0,0,0,0,0,0,0,0,0,0,0,0,0,2,0,0,0,0,0,0,0,0,0,0,0,0,0,0,0,0,0,0,0,0,0,0,0,0,0,0,0,0,0,0,0,0,0,11,0,0,0,0,0,14,0,0,23,662,0,167,29,0,114,331,0,0,0,0,0,0,0,0,0,0,389,0,0,0,0,0,261,405,0,151,0,209,0,0,0,689,0,44,0,36,24,0,14,0,0,0,0,0,0,0,23,0,0,0,0,0,0,0,470,55,108,0,0,4,0,0,0,0,0,0,0,1,0,68,0,0,0,0,0,0,0,0,0,0,0,0,0,0,0
358600,0,0,0,7,0,0,0,0,0,0,0,0,1,108,0,24,63,0,1,9,0,0,0,0,0,0,0,0,0,0,2,0,0,0,0,0,3,1,0,11,0,0,0,0,0,4,0,2,0,4,1,0,0,0,0,0,0,0,0,0,1,0,0,0,0,0,0,0,2,3,11,0,0,0,0,0,0,0,0,0,0,0,0,1,0,0,0,0,0,0,0,0,0,0,0,0,0,0,0,0,0,0,7,0,0,0,0,0,16,1,0,31,770,0,655,283,0,73,420,0,0,1,19,0,0,0,0,0,0,263,0,0,0,0,0,410,404,0,34,0,162,0,0,0,194,0,56,0,65,66,0,0,0,0,0,0,0,0,7,0,0,0,0,0,0,0,0,321,25,83,0,0,3,0,0,0,0,0,0,0,10,0,3,0,0,0,0,0,0,0,0,0,0,0,0,0,0,0
353194,0,0,0,0,0,0,0,0,0,44,0,0,31,949,0,509,110,1,151,316,861,0,0,0,0,0,0,0,0,0,45,0,0,0,0,0,0,42,0,42,0,0,0,0,0,264,0,193,0,18,63,0,153,0,0,0,0,0,0,0,1,0,0,0,0,0,4,1,5,9,16,0,0,2,2,0,0,0,0,0,0,2,0,119,0,0,0,0,0,0,0,0,0,0,0,0,0,1,0,0,0,0,0,0,0,0,0,0,0,0,0,0,15,0,11,0,0,4,6,0,0,0,0,0,0,0,0,0,0,0,0,0,0,0,0,0,3,0,3,0,0,0,0,0,5,0,3,0,0,0,0,0,0,0,0,0,0,0,0,0,0,0,0,0,0,0,0,0,0,1,0,0,0,0,0,0,0,0,0,0,0,0,0,0,0,0,0,0,0,0,0,0,0,0,0,0,0,0
346381,0,0,0,46,0,0,0,0,0,9,0,0,7,363,0,41,144,0,50,62,17,0,0,0,0,0,0,0,0,0,109,0,0,0,0,0,59,95,0,47,0,2,0,0,0,8,0,4,0,26,2,0,3,0,0,0,0,0,0,0,2,0,0,0,0,0,1,0,44,15,42,0,0,0,0,0,16,0,0,0,0,6,0,9,0,0,0,0,0,0,0,0,0,0,0,0,0,0,0,0,0,0,34,0,0,0,0,0,17,0,0,21,682,0,91,269,0,68,200,0,0,0,17,0,2,0,0,0,0,381,0,0,0,0,0,128,210,0,120,0,74,0,0,0,26,0,38,0,49,30,0,20,0,0,0,0,0,0,0,3,0,0,0,0,0,9,0,189,39,93,0,0,7,0,0,3,0,0,0,0,36,0,24,0,0,0,0,0,0,0,0,0,0,0,0,0,0,0
