Issuer_id,Week_1_,Week_2_,Week_3_,Week_4_,Week_5_,Week_6_,Week_7_,Week_8_,Week_9_,Week_10_,Week_11_,Week_12_,Week_13_,Week_14_,Week_15_,Week_16_,Week_17_,Week_18_,Week_19_,Week_20_,Week_21_,Week_22_,Week_23_,Week_24_,Week_25_,Week_26_,Week_27_,Week_28_,Week_29_,Week_30_,Week_31_,Week_32_,Week_33_,Week_34_,Week_35_,Week_36_,Week_37_,Week_38_,Week_39_,Week_40_,Week_41_,Week_42_,Week_43_,Week_44_,Week_45_,Week_46_,Week_47_,Week_48_,Week_49_,Week_50_,Week_51_,Week_52_,Week_53_,Week_54_,Week_55_,Week_56_,Week_57_,Week_58_,Week_59_,Week_60_,Week_61_,Week_62_,Week_63_,Week_64_,Week_65_,Week_66_,Week_67_,Week_68_,Week_69_,Week_70_,Week_71_,Week_72_,Week_73_,Week_74_,Week_75_,Week_76_,Week_77_,Week_78_,Week_79_,Week_80_,Week_81_,Week_82_,Week_83_,Week_84_,Week_85_,Week_86_,Week_87_,Week_88_,Week_89_,Week_90_,Week_91_,Week_92_,Week_93_,Week_94_,Week_95_,Week_96_,Week_97_,Week_98_,Week_99_,Weekend_1_,Weekend_2_,Weekend_3_,Weekend_4_,Weekend_5_,Weekend_6_,Weekend_7_,Weekend_8_,Weekend_9_,Weekend_10_,Weekend_11_,Weekend_12_,Weekend_13_,Weekend_14_,Weekend_15_,Weekend_16_,Weekend_17_,Weekend_18_,Weekend_19_,Weekend_20_,Weekend_21_,Weekend_22_,Weekend_23_,Weekend_24_,Weekend_25_,Weekend_26_,Weekend_27_,Weekend_28_,Weekend_29_,Weekend_30_,Weekend_31_,Weekend_32_,Weekend_33_,Weekend_34_,Weekend_35_,Weekend_36_,Weekend_37_,Weekend_38_,Weekend_39_,Weekend_40_,Weekend_41_,Weekend_42_,Weekend_43_,Weekend_44_,Weekend_45_,Weekend_46_,Weekend_47_,Weekend_48_,Weekend_49_,Weekend_50_,Weekend_51_,Weekend_52_,Weekend_53_,Weekend_54_,Weekend_55_,Weekend_56_,Weekend_57_,Weekend_58_,Weekend_59_,Weekend_60_,Weekend_61_,Weekend_62_,Weekend_63_,Weekend_64_,Weekend_65_,Weekend_66_,Weekend_67_,Weekend_68_,Weekend_69_,Weekend_70_,Weekend_71_,Weekend_72_,Weekend_73_,Weekend_74_,Weekend_75_,Weekend_76_,Weekend_77_,Weekend_78_,Weekend_79_,Weekend_80_,Weekend_81_,Weekend_82_,Weekend_83_,Weekend_84_,Weekend_85_,Weekend_86_,Weekend_87_,Weekend_88_,Weekend_89_,Weekend_90_,Weekend_91_,Weekend_92_,Weekend_93_,Weekend_94_,Weekend_95_,Weekend_96_,Weekend_97_,Weekend_98_,Weekend_99_
355212,0,0,0,0,0,0,0,0,0,45,0,0,7,461,0,57,85,3,135,273,761,0,7,0,0,0,0,0,0,0,107,0,0,0,0,0,25,141,0,17,0,21,0,0,0,1,615,69,0,7,13,0,141,0,0,0,0,0,0,0,0,0,0,0,0,0,0,0,489,8,32,0,0,7,0,0,0,0,0,0,0,9,27,211,0,0,0,0,0,0,0,0,0,0,0,0,0,1,0,0,0,0,0,0,0,0,0,0,3,0,0,2,85,0,29,23,0,22,85,119,0,0,0,0,0,0,0,0,0,19,0,0,0,0,0,0,52,0,16,0,0,0,0,0,1,51,6,0,0,0,0,22,0,0,0,0,0,0,0,0,0,0,0,0,0,0,0,13,3,10,0,0,1,0,0,0,0,0,0,0,1,6,22,0,0,0,0,0,0,0,0,0,0,0,0,0,0,0
355218,0,0,0,0,0,0,0,0,0,27,2,0,2,317,0,218,23,105,36,178,1005,0,0,46,0,1,0,0,0,0,0,0,0,0,0,0,1,32,0,98,0,0,0,0,0,27,0,34,0,39,3,0,10,0,0,0,0,0,2,19,2,0,0,2,0,1,0,0,0,15,39,0,0,23,1,0,0,0,0,0,0,8,0,38,0,0,0,0,0,0,0,0,0,0,0,0,0,3,0,0,0,0,0,0,0,0,0,0,11,2,0,0,183,0,71,56,6,38,128,162,0,1,2,0,0,0,0,0,0,0,0,0,0,0,0,1,54,0,232,0,0,0,0,0,16,0,16,0,78,9,0,26,0,0,0,0,0,1,10,0,0,0,0,0,0,1,0,0,17,31,0,0,12,0,0,0,0,0,0,0,6,0,8,0,0,0,0,0,0,0,0,0,0,0,0,0,0,0
358857,0,0,0,0,0,0,0,0,2,27,0,0,59,354,0,27,60,0,95,62,0,0,1,0,0,0,0,0,0,0,1239,0,0,0,4,0,79,121,0,74,0,203,0,0,0,51,121,36,0,32,0,0,33,0,0,0,0,0,0,0,0,0,0,12,0,0,0,0,590,20,28,3,6,4,0,0,0,0,0,0,0,5,2,15,0,0,0,0,16,0,0,0,0,0,0,0,0,0,0,0,0,0,0,0,0,0,0,1,9,0,0,32,87,0,0,6,0,21,5,10,0,0,0,0,0,0,0,0,0,104,0,0,0,0,0,16,52,0,69,0,8,0,0,0,24,51,9,0,30,1,0,9,0,0,0,0,0,0,0,0,2,0,6,0,0,0,0,43,6,8,0,1,1,0,0,0,0,0,0,0,0,0,6,0,0,0,0,0,0,0,0,0,0,0,0,0,0,0
358204,0,0,0,0,0,0,0,0,24,3,1,0,55,958,0,48,31,0,39,84,0,0,9,0,0,0,0,0,0,0,1358,0,0,0,28,0,25,41,0,35,0,127,1,0,0,78,31,20,0,7,5,0,10,0,0,0,0,0,0,0,0,0,0,29,0,0,0,0,204,19,26,2,7,6,0,0,0,0,0,0,0,10,26,42,0,0,0,0,0,0,0,0,0,0,0,0,0,0,0,0,0,0,0,0,0,0,0,0,0,0,0,16,97,0,5,1,0,2,2,0,0,0,0,0,0,0,0,0,0,13,0,0,0,0,0,5,33,0,8,0,1,0,0,0,17,3,3,0,2,0,0,1,0,0,0,0,0,0,0,0,0,0,3,0,0,0,0,8,5,5,0,1,0,0,0,0,0,0,0,0,0,1,2,0,0,0,0,0,0,0,0,0,0,0,0,0,0,0
357338,0,0,0,1,0,0,0,0,0,61,0,0,89,1465,0,627,266,3,66,135,6,0,11,14,0,9,0,0,0,0,132,0,0,0,0,0,108,147,0,54,0,154,0,0,2,350,0,22,0,24,51,0,8,0,0,0,0,0,0,0,1,0,0,0,0,0,9,0,304,14,68,1,0,5,1,0,0,0,0,0,0,43,0,96,0,0,0,0,0,0,0,0,0,0,0,0,0,0,0,0,0,0,1,0,0,0,0,0,0,0,0,4,192,0,15,54,0,7,5,0,0,0,0,0,0,0,0,0,0,72,0,0,0,0,0,185,287,0,32,0,9,0,0,0,16,0,0,0,0,2,0,0,0,0,0,0,0,0,0,2,0,0,0,0,0,2,0,23,7,40,0,0,0,1,0,0,0,0,0,0,2,0,3,0,0,0,0,0,0,0,0,0,0,0,0,0,0,0
357086,0,0,0,0,0,0,0,0,0,62,0,0,32,1081,0,1048,283,0,89,158,37,0,0,2,0,0,0,0,0,0,219,0,0,0,0,0,187,182,3,101,0,214,0,0,0,208,0,12,0,35,27,0,10,0,0,0,0,0,0,0,2,0,0,0,0,0,1,0,389,23,82,0,0,7,2,0,1,0,0,0,0,27,0,20,0,0,0,0,0,0,0,0,0,0,0,0,0,0,0,0,0,0,1,0,0,0,0,0,5,0,0,4,286,0,48,111,0,9,73,1,0,0,0,0,0,0,0,0,0,108,0,0,0,1,0,54,113,0,117,0,1,0,0,0,7,0,0,0,25,0,0,2,0,0,0,0,0,0,0,0,0,0,0,0,0,0,0,8,25,89,0,0,8,1,0,1,0,0,0,0,4,0,0,0,0,0,0,0,0,0,0,0,0,0,0,0,1,0
330291,0,0,0,0,0,0,0,0,0,0,10,0,2,527,0,7,18,3,83,230,1221,0,0,0,0,0,0,0,0,0,0,0,0,0,0,0,1,74,0,165,0,0,0,0,0,355,0,30,1,59,2,0,11,0,0,0,0,0,0,91,2,0,0,0,0,1,7,0,0,14,38,0,0,3,0,0,0,0,0,0,0,3,0,11,0,0,0,0,0,0,0,0,0,0,0,0,0,0,0,0,0,0,0,0,0,0,0,0,1,4,0,1,26,0,2,7,0,19,119,283,0,0,0,0,0,0,0,0,0,0,0,0,0,0,0,0,121,0,149,0,0,0,0,0,20,0,20,0,24,0,0,2,0,0,0,0,0,0,48,1,0,0,0,0,1,12,0,0,7,16,0,0,1,0,0,0,0,0,0,0,0,0,0,0,0,0,0,0,0,0,0,0,0,0,0,0,0,0
350423,0,0,0,0,0,0,0,0,0,11,2,0,2,197,0,17,130,0,26,446,17,0,1,105,0,0,0,0,0,0,42,0,0,0,0,0,0,1424,0,70,0,0,0,0,0,22,41,18,0,18,1,0,34,0,0,0,0,0,0,0,0,1,0,0,0,0,0,1,146,65,161,0,0,29,0,0,0,0,0,0,0,1,0,0,0,0,0,0,0,0,0,0,0,0,0,0,0,0,0,0,0,0,0,0,0,0,0,0,0,1,0,0,38,0,21,62,0,4,93,1,0,0,2,0,0,0,0,0,0,3,0,0,0,0,0,0,443,0,37,0,0,0,0,0,0,1,1,0,5,1,0,11,0,0,0,0,0,0,0,0,0,0,0,0,0,0,1,3,12,58,0,0,7,0,0,0,0,0,0,0,0,0,0,0,0,0,0,0,0,0,0,0,0,0,0,0,0,0
350424,0,0,0,0,0,0,0,5,0,24,0,0,50,757,0,35,26,11,86,42,10,0,0,2,0,0,0,0,0,0,1027,0,0,0,140,0,1,38,0,16,0,3,0,0,0,65,162,4,0,3,7,0,3,0,0,0,0,0,2,0,1,0,0,12,0,1,0,0,144,6,20,0,4,8,0,0,2,0,0,0,0,92,0,9,0,0,0,0,0,0,0,0,0,0,0,0,0,0,0,0,0,0,0,0,0,0,1,0,0,0,0,2,34,0,9,1,0,5,9,11,0,0,0,0,0,0,0,0,0,43,0,0,0,1,0,0,11,0,1,0,0,0,0,0,3,2,0,0,0,0,0,0,0,0,0,0,0,0,0,0,0,0,0,0,0,0,0,5,0,0,0,0,0,0,0,0,0,0,0,0,1,0,0,0,0,0,0,0,0,0,0,0,0,0,0,0,0,0
350425,0,0,0,0,0,0,0,2,0,32,0,0,1,279,0,74,14,31,53,112,724,0,0,1,0,0,0,0,0,0,0,0,0,0,0,0,10,111,0,147,0,0,0,0,0,120,0,116,0,22,39,1,50,0,0,0,0,0,0,7,68,0,0,0,0,55,7,4,0,29,44,6,10,9,0,0,0,0,0,0,0,126,1,168,0,0,0,0,0,0,0,0,0,0,0,0,0,1,0,0,0,0,0,0,0,0,0,0,2,0,0,0,23,0,5,5,0,9,6,97,0,0,3,0,0,0,0,0,0,0,0,0,0,0,0,0,44,0,28,0,0,0,0,0,5,0,4,0,3,1,0,3,0,0,0,0,0,0,1,2,0,0,0,0,4,0,0,0,7,3,0,1,0,1,0,0,0,0,0,0,11,0,14,0,0,0,0,0,0,0,0,0,0,0,0,0,0,0
346409,0,0,0,0,0,0,0,79,0,19,5,0,20,1151,0,12,25,1,60,24,33,0,0,0,0,0,0,0,0,0,143,0,0,0,0,0,3,14,0,6,0,25,0,0,0,108,280,26,0,13,10,0,3,0,0,0,0,0,1,0,1,0,0,24,0,0,1,0,470,7,10,0,0,4,1,0,0,0,0,0,0,79,14,147,0,0,0,0,0,0,0,0,0,0,0,0,0,1,0,0,0,0,0,0,0,0,3,0,0,0,0,1,27,0,1,1,0,10,0,0,0,0,0,0,0,0,0,0,0,4,0,0,0,0,0,0,2,0,1,0,0,0,0,0,3,6,0,0,1,0,0,0,0,0,0,0,0,0,0,1,0,0,1,0,0,0,0,7,0,0,0,0,0,0,0,0,0,0,0,0,1,0,5,0,0,0,0,0,0,0,0,0,0,0,0,0,0,0
330692,0,0,0,0,0,0,0,0,13,30,11,0,46,1043,0,141,17,95,92,182,234,0,0,0,0,0,0,0,0,0,205,2,0,0,0,0,84,81,0,135,0,0,0,0,0,37,269,76,0,21,0,3,2,0,0,0,0,0,0,0,0,0,0,177,0,0,4,0,455,11,47,0,0,17,0,0,0,0,0,0,0,3,0,39,0,0,0,0,0,0,0,0,0,0,0,0,0,0,0,0,0,0,0,0,0,0,0,0,3,7,0,7,131,0,44,6,0,44,29,2,0,0,0,0,0,0,0,0,0,16,0,0,0,0,0,13,32,0,139,0,0,0,0,0,25,44,5,0,11,1,0,2,0,0,0,0,0,0,0,0,0,0,85,0,0,0,0,64,9,28,0,0,4,0,0,0,0,0,0,0,0,0,6,0,0,0,0,0,0,0,0,0,0,0,0,0,1,0
355453,0,0,0,0,0,0,0,3,0,58,2,0,19,811,0,645,80,14,32,257,274,0,3,0,0,0,0,0,0,0,12,0,0,0,0,0,1,35,0,5,0,24,0,0,0,319,388,72,0,8,10,0,50,0,0,0,0,0,1,1,2,0,0,12,0,0,0,0,187,3,61,1,5,4,0,0,0,0,0,1,0,6,5,284,0,0,0,0,2,0,0,0,0,0,0,0,0,0,0,0,0,0,0,0,0,0,0,0,3,0,0,10,45,0,105,20,0,0,8,45,0,0,0,0,0,0,0,0,0,8,0,0,0,0,0,0,12,0,1,0,0,0,0,0,33,68,7,0,1,1,0,1,0,0,0,0,0,0,0,0,0,0,0,0,0,0,0,11,2,5,0,1,1,0,0,0,0,0,0,0,0,3,38,0,0,0,0,0,0,1,0,0,0,0,0,0,0,0
355156,0,0,0,0,0,0,0,0,0,106,0,0,9,520,0,137,7,49,145,142,1211,0,1,0,0,0,0,0,0,0,6,0,0,0,0,0,5,27,0,107,0,0,1,0,0,55,0,14,0,7,1,0,5,0,0,0,0,0,0,0,0,0,0,18,0,0,1,1,15,17,30,0,0,2,0,0,0,0,0,0,0,1,0,14,0,0,0,0,0,0,0,0,0,0,0,0,0,1,0,0,0,0,0,0,0,0,0,0,37,0,0,4,245,0,56,17,5,133,208,134,0,7,0,0,0,0,0,0,0,0,0,0,0,0,0,10,54,0,152,0,0,0,0,0,37,0,4,0,8,4,0,15,0,0,0,0,0,0,0,1,0,0,20,0,1,2,0,1,24,35,0,0,5,1,0,0,0,0,0,0,2,0,2,0,0,0,0,0,0,0,0,0,0,0,0,0,5,0
349570,0,0,0,0,0,0,0,0,0,156,0,0,2,263,0,178,46,121,508,159,2873,0,0,0,0,0,0,0,0,0,0,0,0,0,0,0,24,282,0,192,0,0,0,0,0,356,0,44,0,17,7,1,13,0,0,0,0,0,0,21,4,0,0,0,0,2,0,0,0,38,135,0,10,6,0,0,0,0,0,2,0,1,0,44,0,0,0,0,0,0,0,0,0,0,0,0,0,0,0,0,0,0,0,0,0,0,0,0,9,0,0,2,36,0,10,2,0,112,34,550,0,0,0,0,0,0,0,0,0,0,0,0,0,0,0,9,156,0,54,0,0,0,0,0,75,0,4,0,2,0,0,2,0,0,0,0,0,0,0,0,0,0,0,0,0,0,0,0,4,23,0,2,3,0,0,0,0,0,0,0,0,0,6,0,0,0,0,0,0,0,0,0,0,0,0,0,0,0
342966,0,0,0,0,0,0,0,0,0,57,94,0,13,1599,0,38,24,3,84,55,31,0,4,0,0,0,0,0,0,0,1156,0,0,0,0,0,0,2,0,472,0,0,0,0,0,249,193,38,0,18,7,0,18,0,0,0,0,0,0,0,0,0,0,13,0,0,8,0,9,7,15,0,1,1,0,0,0,0,0,0,0,10,0,55,0,0,0,0,0,0,0,0,0,0,0,0,0,0,0,0,0,0,0,0,0,0,0,0,0,0,0,1,68,0,6,0,0,8,4,0,0,0,0,0,0,0,0,0,0,53,0,0,0,0,0,0,0,0,8,0,0,0,0,0,20,6,2,0,1,0,0,0,0,0,0,0,0,0,0,0,0,0,2,0,0,0,0,0,0,0,0,0,0,0,0,0,0,0,0,0,1,0,1,0,0,0,0,0,0,0,0,0,0,0,0,0,0,0
349576,0,0,0,0,0,0,0,0,0,0,7,0,5,629,0,0,10,0,15,6,0,0,0,0,0,0,0,0,0,0,344,0,0,0,19,0,2,6,0,31,0,753,0,0,0,3,180,1,0,0,3,0,0,0,0,0,0,0,0,0,0,0,0,7,0,0,0,0,1175,6,32,0,0,8,0,0,0,0,0,0,0,6,0,33,0,0,0,0,0,0,0,0,0,0,0,0,0,0,0,0,0,0,0,0,0,0,0,0,0,1,0,1,82,0,7,1,0,1,4,0,0,0,0,0,0,0,0,0,0,14,0,0,0,1,0,94,303,0,20,0,7,0,0,0,0,22,0,0,0,0,0,0,0,0,0,0,0,0,0,0,0,0,7,0,0,0,0,34,18,45,0,0,1,0,0,0,0,0,0,0,0,0,3,0,0,0,0,0,0,0,0,0,0,0,0,0,0,0
352036,0,0,0,0,0,0,0,0,13,12,0,0,11,251,0,33,50,4,51,330,990,0,0,1,0,0,0,0,0,0,802,0,0,0,0,0,7,92,0,15,0,21,0,0,0,69,301,16,0,3,11,0,14,0,0,0,0,0,0,0,0,0,0,3,0,0,0,0,349,12,54,0,0,30,1,0,0,0,0,0,0,73,0,3,0,0,0,0,0,0,0,0,0,0,0,0,0,3,0,0,0,0,0,0,0,0,0,0,4,0,0,13,239,0,52,120,0,58,54,219,0,2,4,0,0,0,0,0,0,99,0,0,0,0,0,1,117,0,73,0,2,0,0,0,22,61,7,0,0,1,0,6,0,0,0,0,0,0,1,0,0,0,1,0,0,0,0,19,10,33,0,0,13,1,0,0,0,0,0,0,10,0,1,0,0,0,0,0,0,0,0,0,0,0,0,0,1,0
357771,0,0,0,0,0,0,0,0,24,1,0,0,63,1538,0,97,15,2,22,15,0,0,0,0,0,0,0,0,0,0,1279,0,0,0,7,0,2,13,0,5,0,29,0,0,0,160,123,31,0,2,2,0,2,0,0,0,0,0,0,0,0,0,0,13,0,0,0,0,72,5,1,1,20,8,0,0,9,0,0,0,0,6,0,79,0,0,0,0,0,0,0,0,0,0,0,0,0,0,0,0,0,0,0,0,0,0,0,18,0,0,0,9,134,0,10,1,0,7,2,0,0,0,0,0,0,0,0,0,0,24,0,0,0,0,0,0,40,0,3,0,0,0,0,0,35,7,6,0,0,0,0,0,0,0,0,0,0,0,0,0,0,0,2,0,0,0,0,7,3,3,0,0,0,0,0,0,0,0,0,0,0,0,9,0,0,0,0,0,0,0,0,0,0,0,0,0,0,0
356964,0,0,0,12,0,0,0,0,0,9,0,0,12,469,0,1300,28,3,18,734,0,0,0,0,0,0,0,0,0,0,18,0,0,0,0,0,72,87,0,24,0,6,1,0,0,125,0,55,0,17,18,0,20,0,0,0,0,0,0,1,0,0,0,0,0,0,0,0,7,15,26,0,1,2,1,0,0,0,0,0,0,3,0,3,0,0,0,0,0,0,0,0,0,0,0,0,0,0,0,0,0,0,0,0,0,0,0,0,0,0,0,0,5,0,3,2,0,0,3,3,0,0,0,0,0,0,0,0,0,0,0,0,0,0,0,0,8,0,0,0,0,0,0,0,0,0,2,0,0,0,0,1,0,0,0,0,0,0,0,0,1,0,0,0,0,0,0,0,0,0,0,0,0,0,0,0,0,0,0,0,0,0,0,0,0,0,0,0,0,0,0,0,0,0,0,0,0,0
358126,0,0,0,0,0,0,0,0,0,10,4,0,0,215,0,255,3,8,56,61,789,0,0,4,0,0,0,0,0,0,0,0,0,0,0,0,1146,1082,1,93,0,2,0,0,0,11,0,3,0,6,1,0,1,0,0,0,0,0,0,0,0,0,0,2,0,0,0,0,10,36,64,0,0,7,0,0,0,0,0,0,0,0,0,19,0,0,0,0,0,0,0,0,0,0,0,0,0,0,0,0,0,0,0,0,0,0,0,0,0,2,0,0,10,0,5,2,0,1,8,22,0,0,0,0,0,0,0,0,0,0,0,0,0,0,0,174,314,1,11,0,0,0,0,0,1,0,0,0,0,0,0,0,0,0,0,0,0,0,0,0,0,0,0,0,0,0,0,0,19,26,0,0,0,0,0,0,0,0,0,0,0,0,2,0,0,0,0,0,0,0,0,0,0,0,0,0,0,0
358128,0,0,0,0,0,0,0,0,0,2,22,0,18,739,0,107,6,0,40,17,128,0,0,0,0,0,0,0,0,0,380,0,0,0,0,0,410,274,0,64,0,649,0,0,0,30,273,87,0,7,0,0,0,0,0,0,0,0,0,0,0,0,0,59,0,0,0,0,1185,103,242,0,0,8,0,0,0,0,0,0,0,1,0,14,0,0,0,0,0,0,0,0,0,0,0,0,0,0,0,0,0,0,0,0,0,0,0,0,3,1,0,7,82,0,12,2,0,17,7,1,0,2,0,0,0,0,0,0,0,15,0,0,0,0,0,78,151,0,68,0,11,0,0,0,17,29,7,0,4,1,0,0,0,0,0,0,0,0,0,0,0,0,19,0,0,0,0,40,56,110,0,0,3,1,0,0,0,0,0,0,1,0,3,0,0,0,0,0,0,0,0,0,0,0,0,0,0,0
355205,0,0,0,0,0,0,0,0,0,18,0,0,3,248,0,103,64,3,160,207,865,0,0,10,0,0,0,0,0,0,10,0,1,0,0,0,570,686,0,286,0,7,0,0,0,30,0,8,0,11,3,0,3,0,0,0,0,0,0,5,0,0,0,1,0,0,2,0,38,70,175,0,0,19,3,0,0,0,0,0,0,0,0,6,0,0,0,0,0,0,0,0,0,0,0,0,0,2,0,0,0,0,0,0,0,0,0,0,1,0,0,0,62,0,36,96,0,101,82,0,0,0,2,0,0,0,0,0,0,0,0,0,0,0,0,4,14,0,178,0,0,0,0,0,3,0,1,0,5,0,0,2,0,0,0,0,0,0,0,0,0,0,0,0,0,0,0,0,30,46,0,0,7,1,0,0,0,0,0,0,0,0,0,0,0,0,0,0,0,0,0,0,0,0,0,0,0,0
359336,0,0,0,0,0,0,0,0,0,3,1,0,9,46,0,17,3,1,26,30,6,0,0,0,0,0,0,0,0,0,0,0,0,0,0,0,462,498,0,75,0,0,0,0,0,64,0,12,0,1,0,0,0,0,0,0,0,0,0,0,0,0,0,0,0,0,0,0,0,45,67,0,5,6,1,0,0,0,0,0,0,1,0,0,0,0,0,0,0,0,0,0,0,0,0,0,0,0,0,0,0,0,0,0,0,0,0,0,0,1,0,1,0,0,1,1,0,1,7,0,0,0,0,0,0,0,0,0,0,0,0,0,0,0,0,35,112,0,12,0,0,0,0,0,3,0,2,0,2,0,0,0,0,0,0,0,0,0,0,0,0,0,0,0,0,0,0,0,12,18,0,0,0,0,0,0,0,0,0,0,0,0,0,0,0,0,0,0,0,0,0,0,0,0,0,0,0,0
346330,0,0,0,0,0,0,0,0,0,20,0,0,56,1340,0,507,153,273,76,319,76,0,1,0,0,0,0,0,0,0,399,0,0,0,0,0,0,0,0,55,0,0,1,0,0,77,110,44,0,1,37,0,0,0,0,0,0,0,0,0,5,0,0,20,0,4,0,0,9,19,35,0,0,11,0,0,3,0,0,0,0,28,43,54,0,0,0,0,0,0,0,0,0,0,0,0,0,0,0,0,0,0,0,0,0,0,0,0,5,0,0,8,284,0,136,32,0,21,144,115,0,0,0,0,0,0,0,0,0,45,0,0,0,0,0,0,78,0,23,0,0,0,0,0,22,5,12,0,0,10,0,0,0,0,0,0,0,0,0,0,0,0,0,0,0,0,0,1,5,7,0,0,6,0,0,0,0,0,0,0,4,10,6,0,0,0,0,0,0,0,0,0,0,0,0,0,0,0
358607,0,0,0,0,0,0,0,1,1,15,2,0,51,302,0,21,48,0,32,80,1,0,19,0,0,0,0,0,0,0,782,0,0,0,71,0,168,278,0,34,0,153,0,0,0,41,106,7,0,3,2,0,8,0,0,0,0,0,0,0,0,0,0,4,0,0,0,0,515,6,55,0,6,7,0,0,0,0,0,0,0,3,64,14,0,0,0,0,47,0,0,0,0,0,0,0,0,0,0,0,0,0,0,0,0,0,0,0,2,0,0,5,18,0,0,2,0,1,0,4,0,3,0,0,0,0,0,0,0,15,0,0,0,3,0,8,30,0,2,0,0,0,0,0,0,2,0,0,0,0,0,1,0,0,0,0,0,0,0,0,0,0,1,0,0,0,0,11,2,5,0,0,0,0,0,0,0,0,0,0,0,1,1,0,0,0,0,0,0,0,0,0,0,0,0,0,0,0
350433,0,0,0,0,0,0,0,0,0,1,0,0,5,233,0,26,1,1,68,224,1765,0,0,53,0,0,0,0,0,0,0,0,0,0,0,0,5,211,0,858,0,0,0,0,0,117,0,26,0,85,1,0,6,0,0,0,0,0,0,5,14,0,0,1,0,0,0,0,0,59,116,2,4,79,6,0,0,0,0,0,0,19,136,112,0,0,0,0,0,0,0,0,0,0,0,0,0,2,0,0,0,0,0,0,0,0,0,0,0,0,0,1,105,0,1,2,0,32,81,298,0,0,0,0,0,0,0,0,0,0,0,0,0,0,0,1,51,0,294,0,0,0,0,0,8,0,5,0,31,1,0,0,0,0,0,0,0,0,2,0,0,0,0,0,0,0,0,0,16,48,0,3,25,1,0,0,0,0,0,0,3,47,8,0,0,0,0,0,0,0,0,0,0,0,0,0,0,0
358603,0,0,0,0,0,0,0,0,4,19,0,0,68,517,0,36,42,0,60,16,0,0,11,0,0,0,0,0,0,0,855,0,0,0,13,0,139,162,0,43,0,353,0,0,0,43,251,56,0,2,0,0,5,0,0,0,0,0,0,0,0,0,0,6,0,0,0,0,680,17,44,2,12,7,0,0,0,0,0,0,0,2,1,24,0,0,0,0,0,0,0,0,0,0,0,0,0,0,0,0,0,0,0,0,0,0,0,0,3,1,0,11,78,0,7,6,0,16,0,3,0,16,0,0,0,0,0,0,0,61,0,0,0,0,0,33,99,0,38,0,9,0,0,0,11,80,19,0,0,0,0,0,0,0,0,0,0,0,0,0,0,0,1,0,0,0,0,46,7,19,0,3,2,0,0,0,0,0,0,0,0,0,3,0,0,0,0,0,0,0,0,0,0,0,0,0,0,0
358214,0,0,0,0,0,0,0,0,33,12,1,0,68,900,0,35,39,0,52,53,0,0,10,0,0,0,0,0,0,0,1168,0,0,0,1,0,105,125,0,44,0,131,0,0,0,67,75,17,0,14,3,0,12,0,0,0,0,0,0,0,0,0,0,22,0,0,0,0,173,36,44,5,3,8,3,0,0,0,0,0,0,11,92,18,0,0,0,0,0,0,0,0,0,0,0,0,0,0,0,0,0,0,0,0,0,0,0,0,0,2,0,24,72,0,5,0,0,13,2,0,0,0,0,0,0,0,0,0,0,15,0,0,0,0,0,5,20,0,9,0,1,0,0,0,11,2,3,0,8,1,0,0,0,0,0,0,0,0,0,0,0,0,0,0,0,0,0,3,7,5,0,0,2,0,0,0,0,0,0,0,1,0,2,0,0,0,0,0,0,0,0,0,0,0,0,0,0,0
358608,0,0,0,0,0,0,0,0,0,32,0,0,1,585,0,435,32,1,114,152,365,0,0,3,0,0,0,0,0,0,9,0,0,0,0,0,532,505,0,197,0,0,0,0,0,78,9,4,0,55,2,0,4,0,0,0,0,0,0,0,0,0,0,0,0,0,0,0,1,51,81,0,0,3,3,0,0,0,0,0,0,6,0,13,0,0,0,0,0,0,0,0,0,0,0,0,0,0,0,0,0,0,0,0,0,0,0,0,1,0,0,3,67,0,103,6,0,10,30,0,0,0,0,0,0,0,0,0,0,27,0,0,0,0,0,128,139,0,48,0,0,0,0,0,18,2,0,0,9,0,0,0,0,0,0,0,0,0,0,0,0,0,0,0,0,0,0,0,27,24,0,0,2,0,0,0,0,0,0,0,0,0,0,0,0,0,0,0,0,0,0,0,0,0,0,0,0,0
331510,0,0,0,17,0,0,0,0,0,18,0,0,16,944,0,445,95,3,169,531,5,0,0,0,0,0,0,0,0,0,231,0,0,0,0,0,49,58,0,185,0,2,0,0,0,85,0,131,0,22,17,0,118,0,0,0,0,0,0,0,3,0,0,0,0,0,28,0,32,25,39,0,0,11,1,0,0,0,0,0,0,22,0,13,0,0,0,0,0,0,0,0,0,0,0,0,0,1,0,0,0,0,1,0,0,0,0,0,0,0,0,0,14,0,3,7,0,3,4,0,0,0,0,0,0,0,0,0,0,0,0,0,0,0,0,1,0,0,2,0,0,0,0,0,0,0,0,0,0,2,0,0,0,0,0,0,0,0,0,0,0,0,0,0,0,1,0,0,1,1,0,0,0,0,0,0,0,0,0,0,0,0,0,0,0,0,0,0,0,0,0,0,0,0,0,0,0,0
350439,0,0,0,0,0,0,0,0,0,12,0,0,23,322,0,14,29,5,93,27,28,0,0,1,0,0,0,0,0,0,340,0,0,0,1,0,1,464,0,59,0,3,0,0,0,52,24,10,0,7,3,0,0,0,0,0,0,0,0,0,0,0,0,13,0,0,2,0,165,6,12,0,0,6,0,0,0,0,0,0,2,7,0,10,0,0,0,0,10,0,0,0,0,0,0,0,0,0,0,0,0,0,0,0,0,0,0,0,1,0,0,1,7,0,2,0,0,0,1,0,0,0,0,0,0,0,0,0,0,1,0,0,0,0,0,0,28,0,3,0,0,0,0,0,1,1,0,0,1,0,0,0,0,0,0,0,0,0,0,0,0,0,0,0,0,0,0,1,0,2,0,0,0,0,0,0,0,0,0,0,0,0,1,0,0,0,0,0,0,0,0,0,0,0,0,0,0,0
355619,0,0,0,0,0,0,0,0,0,1,0,0,3,443,0,391,57,0,52,615,48,0,0,23,0,0,0,0,0,0,46,0,0,0,0,0,42,142,2,81,0,1,3,0,0,702,0,162,0,31,70,0,79,0,0,0,0,0,0,1,2,0,0,0,0,0,0,4,43,13,51,0,0,2,5,0,73,0,0,0,0,11,20,10,0,0,0,0,0,0,0,0,0,0,0,0,0,0,0,0,0,0,0,0,0,0,0,0,7,0,0,1,52,0,4,6,0,15,69,1,0,0,0,0,0,0,0,0,0,2,0,0,0,0,0,1,5,0,24,0,0,0,0,0,14,0,31,0,4,6,0,4,0,0,0,0,0,0,0,0,0,0,0,0,0,0,0,0,2,7,0,0,1,0,0,23,0,0,0,0,1,3,0,0,0,0,0,0,0,0,0,0,0,0,0,0,2,0
355492,0,0,0,0,0,0,0,0,0,14,0,0,3,89,0,15,5,0,35,172,763,0,0,9,0,0,0,0,0,0,0,0,0,0,0,0,1,46,0,350,0,0,0,0,0,136,0,19,0,55,7,0,6,0,0,0,0,0,0,172,12,0,0,0,0,4,4,2,0,24,76,1,1,3,1,0,2,0,0,0,0,34,4,7,0,0,0,0,0,0,0,0,0,0,0,0,0,0,0,0,0,0,0,0,0,0,0,0,0,0,0,0,0,0,0,0,0,0,0,0,0,0,0,0,0,0,0,0,0,0,0,0,0,0,0,0,0,0,0,0,0,0,0,0,0,0,0,0,0,0,0,0,0,0,0,0,0,0,0,0,0,0,0,0,0,0,0,0,0,0,0,0,0,0,0,0,0,0,0,0,0,0,0,0,0,0,0,0,0,0,0,0,0,0,0,0,0,0
355050,0,0,0,0,0,0,0,1,0,34,1,0,98,335,0,105,62,7,104,265,349,0,67,7,0,0,0,0,0,0,57,0,0,0,3,0,20,112,0,15,0,25,0,0,0,354,492,25,0,8,1,0,58,0,0,0,0,0,0,3,6,0,0,3,0,0,0,0,276,7,21,0,1,3,0,0,0,0,0,1,0,2,0,253,0,0,0,0,1,0,1,0,0,0,0,0,0,0,0,0,0,0,0,0,0,0,1,0,5,0,0,22,55,0,7,10,0,14,28,44,0,22,0,0,0,0,0,0,0,2,0,0,0,0,0,1,25,0,3,0,0,0,0,0,35,49,5,0,0,1,0,9,0,0,0,0,0,0,0,0,0,0,2,0,0,0,0,7,1,1,0,0,0,0,0,0,0,0,0,0,0,0,12,0,0,0,0,0,0,0,0,0,0,0,0,0,0,0
341298,0,0,0,0,0,0,0,17,12,15,8,0,74,245,0,42,34,0,28,25,4,0,0,0,0,0,0,0,0,0,945,0,0,0,2,0,12,42,135,4,0,153,0,0,5,193,99,2,0,0,14,0,4,0,0,0,0,0,0,0,0,0,0,19,0,0,0,0,270,8,4,0,6,61,0,0,12,0,0,0,0,587,20,15,0,0,0,0,109,0,0,0,0,0,0,0,0,0,0,0,0,0,0,0,0,0,0,0,0,0,0,0,0,0,0,0,0,0,0,0,0,0,0,0,0,0,0,0,0,0,0,0,0,0,0,0,0,0,0,0,0,0,0,0,0,0,0,0,0,0,0,0,0,0,0,0,0,0,0,0,0,0,0,0,0,0,0,0,0,0,0,0,0,0,0,0,0,0,0,0,0,0,0,0,0,0,0,0,0,0,0,0,0,0,0,0,0,0
357073,0,0,0,0,0,0,0,0,0,20,0,0,11,265,0,81,27,0,40,257,6,0,1,2,0,0,0,0,0,0,192,0,0,0,0,0,829,998,58,7,0,85,0,0,0,116,0,58,0,7,46,0,15,0,0,0,0,0,0,0,0,0,0,0,0,0,0,13,163,57,146,1,1,10,0,0,9,0,0,0,0,0,0,4,0,0,0,0,0,0,0,0,0,0,0,0,0,0,0,0,0,0,0,0,0,0,0,0,3,0,0,0,26,0,8,0,0,8,20,93,0,0,0,0,0,0,0,0,0,17,0,0,0,0,0,114,464,1,0,0,1,0,0,0,24,0,3,0,1,0,0,4,0,0,0,0,0,0,0,0,0,0,0,0,0,0,1,16,12,35,0,0,3,0,0,1,0,0,0,0,0,0,1,0,0,0,0,0,0,0,0,0,0,0,0,0,0,0
356484,0,0,0,0,0,0,0,0,40,30,8,0,6,571,0,43,152,28,81,7,0,0,3,0,0,0,0,0,0,0,80,0,0,0,4,0,73,240,0,10,0,166,0,0,0,10,687,50,0,6,0,0,44,0,0,0,0,0,0,0,0,0,0,18,0,0,0,0,1086,10,60,0,0,12,0,0,0,0,0,0,0,2,1,412,0,0,0,0,0,0,0,0,0,0,0,0,0,0,0,0,0,0,0,0,0,0,2,0,0,0,0,5,55,0,0,31,0,18,3,71,0,0,0,0,0,0,0,0,0,28,0,0,0,0,0,14,114,0,2,0,8,0,0,0,4,106,4,0,1,0,0,4,0,0,0,0,0,0,0,0,0,0,1,0,0,0,0,106,4,14,0,0,3,0,0,0,0,0,0,0,0,0,88,0,0,0,0,0,0,0,0,0,0,0,0,0,0,0
347687,0,0,0,0,0,0,0,0,0,33,47,0,45,2830,0,139,56,22,318,18,21,0,0,0,0,0,0,0,0,0,256,0,0,0,0,0,0,5,0,85,0,0,0,0,0,92,541,75,0,18,5,0,4,0,0,0,0,0,1,0,0,0,0,253,0,0,0,0,90,33,70,0,0,3,0,0,0,0,0,0,0,0,0,55,0,0,0,0,0,0,0,0,0,0,0,0,0,1,0,0,0,0,0,0,0,0,0,0,0,0,0,15,199,0,40,3,0,51,14,0,0,0,0,0,0,0,0,0,0,72,0,0,0,0,0,0,11,0,62,0,0,0,0,0,29,98,31,0,4,0,0,0,0,0,0,0,0,0,0,0,0,0,84,0,0,0,0,21,19,71,0,0,4,0,0,0,0,0,0,0,0,0,2,0,0,0,0,0,0,0,0,0,0,0,0,0,0,0
355113,0,0,0,0,0,0,0,0,0,38,0,0,8,292,0,166,10,35,68,266,836,0,1,0,0,0,0,0,0,0,5,0,0,0,0,0,703,1258,2,168,0,2,0,0,0,6,0,31,0,20,0,0,16,0,0,0,0,0,0,0,0,0,0,0,0,0,0,0,14,32,86,0,0,2,2,0,0,0,0,0,0,1,0,25,0,0,0,0,0,0,0,0,0,0,0,0,0,0,0,0,0,0,0,0,0,0,0,0,21,0,0,13,77,0,17,3,0,48,57,23,0,3,0,0,0,0,0,0,0,0,0,0,0,0,0,103,337,0,195,0,0,0,0,0,5,0,6,0,15,0,0,6,0,0,0,0,0,0,0,0,0,0,1,0,0,0,0,4,43,101,0,0,0,1,0,0,0,0,0,0,0,0,1,0,0,0,0,0,0,0,0,0,0,0,0,0,0,0
355446,0,0,0,0,0,0,0,1,0,16,1,0,29,550,0,0,91,0,53,4,0,0,0,0,0,0,0,0,0,0,200,0,0,0,0,0,8,3,0,52,0,333,0,0,0,4,416,11,0,7,4,0,4,0,0,0,0,0,0,0,0,0,0,59,0,0,0,0,1767,11,26,0,2,5,0,0,0,0,0,0,0,2,3,218,0,0,0,0,3,0,0,0,0,0,0,0,0,0,0,0,0,0,0,0,0,0,0,0,2,0,0,3,75,0,1,7,0,10,0,0,0,0,0,0,0,0,0,0,0,56,0,0,0,0,0,9,91,0,6,0,20,0,0,0,0,39,4,0,3,0,0,0,0,0,0,0,0,0,0,0,0,0,14,0,0,0,0,164,1,3,0,0,1,0,0,0,0,0,0,0,0,0,51,0,0,0,0,0,0,0,0,0,0,0,0,0,0,0
355117,0,0,0,0,0,0,0,0,0,2,0,0,12,400,0,21,22,0,52,155,817,0,0,34,0,0,0,0,0,0,0,0,0,0,0,0,4,173,0,568,0,0,0,0,0,118,0,161,0,142,23,1,19,0,0,0,0,0,0,101,4,0,0,0,0,2,2,4,0,47,106,6,5,11,4,0,0,0,0,0,0,96,0,18,0,0,0,0,0,0,0,0,0,0,0,0,0,0,0,0,0,0,0,0,0,0,0,0,0,0,0,0,15,0,0,1,0,12,25,0,0,0,0,0,0,0,0,0,0,0,0,0,0,0,0,0,7,0,181,0,0,0,0,0,4,0,8,0,36,2,0,3,0,0,0,0,0,0,0,2,0,0,0,0,0,1,1,0,8,17,4,0,5,2,0,0,0,0,0,0,4,0,0,0,0,0,0,0,0,0,0,0,0,0,0,0,0,0
356356,0,0,0,0,0,0,0,0,0,136,1,0,29,520,0,22,94,37,189,81,795,0,0,0,0,0,0,0,0,0,86,0,0,0,2,0,36,100,0,39,0,6,0,0,0,108,781,62,0,2,4,0,42,0,0,0,0,0,0,0,6,0,0,0,0,0,0,0,301,4,30,0,0,3,0,0,0,0,0,0,6,3,0,107,0,0,0,0,0,0,0,0,0,0,0,0,0,0,0,0,0,0,0,0,0,0,0,0,0,0,0,0,0,0,0,0,0,0,0,0,0,0,0,0,0,0,0,0,0,0,0,0,0,0,0,0,0,0,0,0,0,0,0,0,0,0,0,0,0,0,0,0,0,0,0,0,0,0,0,0,0,0,0,0,0,0,0,0,0,0,0,0,0,0,0,0,0,0,0,0,0,0,0,0,0,0,0,0,0,0,0,0,0,0,0,0,0,0
348566,0,0,0,0,0,0,0,0,0,4,1,0,42,1432,0,49,26,0,88,22,0,0,1,0,0,0,0,0,0,0,403,0,0,0,0,0,0,4,0,30,0,14,0,0,0,151,210,21,0,3,1,0,0,0,0,0,0,0,0,1,0,0,0,22,0,0,1,0,169,4,7,0,0,2,0,0,3,0,5,0,0,5,0,152,0,0,0,0,3,0,0,0,0,0,0,0,0,1,0,0,0,0,0,0,0,0,0,0,1,0,0,0,33,0,2,0,0,6,0,0,0,0,0,0,0,0,0,0,0,6,0,0,0,0,0,1,7,0,1,0,0,0,0,0,8,14,4,0,0,0,0,0,0,0,0,0,0,0,0,1,0,0,3,0,0,0,0,0,0,0,0,0,0,0,0,0,0,0,0,0,0,0,5,0,0,0,0,2,0,0,0,0,0,0,0,0,0,0
333386,0,0,0,0,0,0,0,0,0,2,4,0,0,167,0,54,16,3,58,282,1738,0,0,0,0,0,0,0,0,0,0,0,0,0,0,0,2,63,1,220,0,0,0,0,0,104,0,23,0,25,0,0,0,0,0,0,0,0,0,77,0,0,0,0,0,0,1,0,0,16,80,0,0,8,0,0,0,0,0,0,0,0,0,1,0,0,0,0,0,0,0,0,0,0,0,0,0,2,0,0,0,0,0,0,0,0,0,0,0,0,0,0,18,0,4,2,0,8,55,176,0,0,0,0,0,0,0,0,0,0,0,0,0,0,0,0,94,0,39,0,0,0,0,0,8,0,0,0,4,0,0,0,0,0,0,0,0,0,0,0,0,0,0,0,0,0,0,0,2,7,0,0,0,0,0,0,0,0,0,0,0,0,0,0,0,0,0,0,0,0,0,0,0,0,0,0,0,0
355567,0,0,0,0,0,0,0,0,0,36,1,0,7,540,0,259,193,0,141,327,20,0,0,60,0,0,0,0,0,0,1,0,0,0,0,0,122,377,0,351,0,0,0,0,0,173,0,176,0,53,49,0,8,0,0,0,0,0,0,0,6,0,0,0,0,0,2,0,1,21,63,0,2,15,4,0,0,0,0,0,0,0,0,9,0,0,0,0,0,0,0,0,0,0,0,0,0,0,0,0,0,0,0,0,0,0,0,0,1,0,0,0,75,0,18,62,0,62,93,3,0,1,0,0,0,0,0,0,0,0,0,0,0,0,0,35,115,0,163,0,0,0,0,0,26,0,8,0,9,7,0,1,0,0,0,0,0,0,0,0,0,0,3,0,0,1,0,0,7,21,0,1,6,1,0,0,0,0,0,0,0,0,1,0,0,0,0,0,0,0,0,0,0,0,0,0,0,0
351929,0,0,0,2,0,0,0,0,0,20,0,0,36,656,0,460,223,1,43,165,0,0,2,22,0,10,0,0,0,0,204,0,0,0,0,0,136,199,0,60,0,102,1,0,0,126,0,21,0,10,41,0,12,0,0,0,0,0,0,0,0,0,0,0,0,0,0,0,283,27,78,0,0,15,0,0,1,0,0,0,0,33,0,16,0,0,0,0,0,0,0,0,0,0,0,0,0,0,0,0,0,0,21,0,0,0,0,0,22,0,0,6,366,0,100,197,0,43,62,0,0,0,0,0,0,0,0,0,0,24,0,0,0,0,0,99,179,0,100,0,1,0,0,0,35,0,2,0,6,2,0,1,0,0,0,0,0,0,0,0,0,0,0,0,0,0,0,8,43,112,0,0,20,0,0,0,0,0,0,0,4,0,3,0,0,0,0,0,0,0,0,0,0,0,0,0,0,0
358119,0,0,0,0,0,0,0,2,12,0,21,0,50,1700,0,132,1,2,46,193,0,0,2,0,0,0,0,0,0,0,722,0,0,0,92,0,38,49,0,38,0,3,65,0,0,232,81,13,0,10,5,0,6,0,0,0,0,0,0,0,1,0,0,30,0,0,2,0,95,25,26,0,0,14,1,0,0,0,0,0,0,7,2,14,0,0,0,0,0,0,0,0,0,0,0,0,0,0,0,0,0,0,0,0,0,0,0,0,0,2,0,4,107,0,12,7,0,17,14,0,0,0,0,0,0,0,0,0,0,23,0,0,0,0,0,8,36,10,9,0,0,0,0,0,36,9,0,0,0,0,0,2,0,0,0,0,0,0,0,0,0,0,4,0,0,1,0,2,1,13,1,0,0,0,0,0,0,0,0,0,0,0,3,0,0,0,0,0,0,0,0,0,0,0,0,0,0,0
358847,0,0,0,0,0,0,0,0,0,44,2,0,11,288,0,573,73,1,34,342,37,0,1,0,0,0,0,0,0,0,203,0,0,0,0,0,413,330,0,70,0,133,0,0,0,96,0,32,0,15,28,0,2,0,0,0,0,0,0,0,0,0,0,0,0,0,0,0,292,18,46,0,1,3,3,0,0,0,0,0,0,1,0,3,0,0,0,0,0,0,0,0,0,0,0,0,0,0,0,0,0,0,0,0,0,0,0,0,0,0,0,5,358,0,80,8,0,11,114,4,0,0,0,0,0,0,0,0,0,21,0,0,0,0,0,206,196,0,20,0,1,0,0,0,7,0,1,0,9,5,0,4,0,0,0,0,0,0,0,0,0,0,0,0,0,0,0,3,12,35,0,0,0,0,0,0,0,0,0,0,0,0,0,0,0,0,0,0,0,0,0,0,0,0,0,0,0,0
351280,0,0,0,0,0,0,0,0,0,25,0,0,5,482,0,265,43,0,121,315,1011,0,0,180,0,0,0,0,0,0,5,0,0,0,0,0,4,8,0,71,0,0,0,0,1,176,0,184,0,13,66,0,114,0,0,0,0,0,0,2,10,0,0,0,0,78,1,2,3,32,109,0,0,3,4,0,0,0,0,0,0,13,0,62,0,0,0,0,0,0,0,0,0,0,0,0,0,0,0,0,0,0,0,0,0,0,0,0,3,0,0,0,80,0,29,26,0,20,162,57,0,0,0,0,0,0,0,0,0,0,0,0,0,0,0,1,6,0,39,0,0,0,0,0,9,0,24,0,3,3,0,1,0,0,0,0,0,0,0,4,0,0,0,0,14,1,2,0,15,54,0,0,0,0,0,0,0,0,0,0,2,0,8,0,0,0,0,0,0,0,0,0,0,0,0,0,0,0
346346,0,0,0,0,0,0,0,0,0,16,2,0,15,1318,0,126,49,133,102,158,374,0,0,1,0,0,0,0,0,0,655,0,0,0,0,0,69,175,0,45,0,328,2,0,2,62,256,115,0,19,8,0,0,0,0,0,0,0,1,0,1,0,0,201,0,0,0,0,485,36,88,0,2,12,3,0,0,0,0,0,0,54,0,30,0,0,0,0,0,0,0,0,0,0,0,0,0,0,0,0,0,0,0,0,0,0,0,0,0,0,0,10,114,0,6,8,0,58,20,3,0,0,0,0,0,0,0,0,0,35,0,0,0,0,0,23,55,0,39,0,3,0,0,0,12,23,7,0,8,0,0,0,0,0,0,0,0,0,0,0,0,0,27,0,0,0,0,18,3,35,0,0,4,0,0,0,0,0,0,0,2,0,2,0,0,0,0,0,0,0,0,0,0,0,0,0,0,0
356522,0,0,0,0,0,0,0,0,3,2,0,0,4,175,0,11,30,8,23,29,0,0,0,1,0,0,0,0,0,0,109,0,0,0,7,0,375,319,0,4,0,338,0,0,0,0,168,8,0,1,0,0,9,0,0,0,0,0,0,0,0,0,0,3,0,0,0,0,503,20,59,0,0,9,0,0,0,0,0,0,0,1,0,3,0,0,0,0,0,0,0,0,0,0,0,0,0,0,0,0,0,0,0,0,0,0,0,0,1,0,0,0,79,0,32,79,0,43,26,60,0,0,0,0,0,0,0,0,0,16,0,0,0,0,0,101,278,0,10,0,8,0,0,0,0,41,7,0,0,0,0,2,0,0,0,0,0,0,0,0,0,0,1,0,0,0,0,28,38,98,0,0,6,0,0,0,0,0,0,0,1,0,0,0,0,0,0,0,0,0,0,0,0,0,0,0,0,0
358194,0,0,0,0,0,0,0,0,0,18,31,0,95,1426,0,78,30,0,147,40,473,0,0,0,0,0,0,0,0,0,308,0,0,0,0,0,538,639,1,119,0,354,0,0,0,110,189,36,0,20,1,0,0,0,0,0,0,0,0,0,0,0,0,6,0,0,0,0,479,62,167,0,0,1,1,0,0,0,0,0,0,0,0,10,0,0,0,0,0,0,0,0,0,0,0,0,0,0,0,0,0,0,0,0,0,0,0,0,3,12,0,7,151,0,14,6,0,48,10,7,0,0,0,0,0,0,0,0,0,18,0,0,0,0,0,52,126,0,107,0,13,0,0,0,31,26,9,0,4,0,0,0,0,0,0,0,0,0,0,0,0,0,13,0,0,0,0,20,23,48,0,0,2,0,0,0,0,0,0,0,0,0,0,0,0,0,0,0,0,0,0,0,0,0,0,0,0,0
358617,0,0,0,0,0,0,0,0,0,17,0,0,0,226,0,64,4,3,38,240,0,0,0,1,0,0,0,0,0,0,155,0,0,0,0,0,933,979,19,38,0,17,0,0,0,33,0,74,0,11,21,0,5,0,0,0,0,0,0,0,0,0,0,0,0,0,0,6,42,71,126,0,0,8,1,0,8,0,0,0,0,0,0,4,0,0,0,0,0,0,0,0,0,0,0,0,0,1,0,0,0,0,0,0,0,0,0,0,3,0,0,6,133,0,82,3,1,16,131,1,0,0,0,0,0,0,0,0,0,34,0,0,0,0,0,198,395,3,33,0,0,0,0,0,8,0,15,0,3,0,0,3,0,0,0,0,0,0,0,0,0,0,0,0,0,1,13,2,37,100,0,0,8,0,0,4,0,0,0,0,0,0,0,0,0,0,0,0,0,0,0,0,0,0,0,0,0,0
356565,0,0,0,0,0,0,0,0,0,0,0,0,0,76,0,121,9,0,58,206,1133,0,0,133,0,0,0,0,0,0,0,0,0,0,0,0,10,72,121,204,0,0,0,0,0,118,0,81,0,66,32,0,10,0,0,0,0,0,0,4,0,0,0,0,0,0,3,10,0,251,409,8,9,53,7,0,0,0,0,0,0,0,0,2,0,0,0,0,0,0,0,0,0,0,0,0,0,0,0,0,0,0,0,0,0,0,0,0,0,6,0,3,20,0,5,4,0,14,64,6,0,0,6,0,0,0,0,0,0,0,0,0,0,0,0,2,31,20,122,0,0,0,0,0,11,0,5,0,21,17,0,4,0,0,0,0,0,0,1,0,0,0,0,0,0,0,0,0,107,233,2,1,24,6,0,0,0,0,0,0,0,0,0,0,0,0,0,0,0,0,0,0,0,0,0,0,0,0
341943,0,0,0,0,0,0,0,0,1,2,3,0,29,721,0,3,35,0,22,4,0,0,0,0,0,0,0,0,0,0,199,0,0,0,32,0,0,3,0,5,0,295,0,0,0,9,246,1,0,0,45,0,0,0,0,0,0,0,0,0,0,0,0,2,0,0,0,0,824,7,10,0,0,3,0,0,0,0,0,0,0,16,0,41,0,0,0,0,0,0,0,0,0,0,0,0,0,0,0,0,0,0,0,0,0,0,0,0,0,0,0,18,229,0,0,34,0,16,12,0,0,0,0,0,0,0,0,0,0,11,0,0,0,7,0,80,183,0,46,0,9,0,0,0,32,64,0,0,0,0,0,0,0,0,0,0,0,0,0,0,0,0,2,0,0,0,0,35,8,32,0,0,2,0,0,0,0,0,0,0,15,0,22,0,0,0,0,0,0,0,0,0,0,0,0,0,0,0
358594,0,0,0,0,0,0,0,0,8,21,11,0,48,466,0,13,49,0,64,27,0,0,0,1,0,0,0,0,0,0,550,0,0,0,53,0,322,329,0,9,0,453,0,0,0,37,427,2,0,0,0,0,3,0,0,0,0,0,0,0,0,0,0,14,0,0,0,0,1127,5,27,0,0,2,0,0,0,0,0,0,0,0,0,10,0,0,0,0,87,0,0,0,0,0,0,0,0,0,0,0,0,0,0,0,0,0,0,0,5,2,0,5,57,0,6,14,0,32,15,21,0,0,0,0,0,0,0,0,0,26,0,0,0,3,0,153,326,0,7,0,6,0,0,0,16,70,0,0,0,0,0,0,0,0,0,0,0,0,0,1,0,0,9,0,0,0,0,50,0,10,0,0,1,0,0,0,0,0,0,0,0,0,1,0,0,0,0,0,0,0,0,0,0,0,0,0,0,0
357724,0,0,0,0,0,0,0,0,0,3,11,0,17,950,0,37,22,2,62,34,95,0,0,2,0,0,0,0,0,0,382,0,0,0,0,0,277,291,9,73,0,488,0,0,0,96,379,17,0,9,24,0,0,0,0,0,0,0,0,0,0,0,0,22,0,0,0,0,621,45,113,0,0,9,0,0,0,0,0,0,0,0,0,16,0,0,0,0,0,0,0,0,0,0,0,0,0,1,0,0,0,0,0,0,0,0,0,0,2,2,0,8,97,0,6,21,0,24,9,2,0,0,0,0,0,0,0,0,0,16,0,0,0,0,0,45,81,0,83,0,7,0,0,0,27,21,8,0,9,3,0,1,0,0,0,0,0,0,0,0,0,0,22,0,0,0,0,18,53,90,0,0,1,0,0,0,0,0,0,0,1,0,0,0,0,0,0,0,0,0,0,0,0,0,0,0,0,0
355283,0,0,0,18,0,0,0,0,0,96,0,0,5,1084,0,610,236,32,176,160,768,0,0,27,0,2,0,0,0,0,23,0,0,0,0,0,9,139,0,4,0,2,0,0,0,36,0,106,0,23,17,0,205,0,0,0,0,0,0,0,1,0,0,1,0,0,0,0,83,7,33,0,0,8,5,0,0,0,0,0,0,0,0,122,0,0,0,0,0,0,0,0,0,0,0,0,0,0,0,0,0,0,0,0,0,0,0,0,15,1,0,0,79,0,26,33,0,39,4,16,0,0,0,0,0,0,0,0,0,1,0,0,0,0,0,8,68,0,5,0,2,0,0,0,2,0,11,0,3,1,0,24,0,0,0,0,0,0,0,0,0,0,0,0,0,0,0,11,0,3,0,0,1,1,0,0,0,0,0,0,0,0,6,0,0,0,0,0,0,0,0,0,0,0,0,0,0,0
358873,0,0,0,0,0,0,0,0,18,10,0,0,53,430,0,33,22,0,47,113,0,0,8,0,0,0,0,0,0,0,549,0,0,0,23,0,104,119,0,59,0,190,0,0,0,110,155,36,0,7,4,0,52,0,0,0,0,0,0,0,0,0,0,6,0,0,0,0,378,8,30,0,2,4,3,0,0,0,0,0,0,24,13,34,0,0,0,0,3,0,0,0,0,0,0,0,0,0,0,0,0,0,0,0,0,0,0,0,3,0,0,6,32,0,5,1,0,6,8,0,0,15,0,0,0,0,0,0,0,55,0,0,0,1,0,9,33,0,36,0,5,0,0,0,11,30,4,0,2,0,0,1,0,0,0,0,0,0,0,0,0,0,0,0,0,0,0,12,2,6,0,0,0,0,0,0,0,0,0,0,1,6,2,0,0,0,0,0,0,0,0,0,0,0,0,0,0,0
356314,0,0,0,0,0,0,0,0,0,0,0,0,0,85,0,66,1,0,34,54,314,0,0,1,0,0,0,0,0,0,1,0,0,0,0,0,1952,1179,0,90,0,1,0,0,0,25,0,0,0,13,2,0,0,0,0,0,0,0,0,0,0,0,0,1,0,0,0,0,2,105,134,0,0,2,0,0,0,0,0,0,0,0,1,0,0,0,0,0,0,0,0,0,0,0,0,0,0,0,0,0,0,0,0,0,0,0,0,0,1,0,0,1,14,0,5,13,0,20,77,0,0,0,2,0,0,0,0,0,0,0,0,0,0,0,0,298,275,0,173,0,0,0,0,0,16,0,1,0,4,1,0,0,0,0,0,0,0,0,0,0,0,0,3,0,0,0,0,0,138,193,0,0,1,0,0,0,0,0,0,0,0,1,0,0,0,0,0,0,0,0,0,0,0,0,0,0,0,0
340051,0,0,0,0,0,0,0,0,0,18,37,0,12,1649,0,40,13,38,52,53,33,0,0,0,0,0,0,0,0,0,1189,0,0,0,0,0,0,2,0,428,0,0,0,0,0,240,183,24,0,11,5,0,0,0,0,0,0,0,0,0,1,0,0,13,0,0,0,0,1,8,13,0,0,1,0,0,0,0,0,0,0,4,0,24,0,0,0,0,0,0,0,0,0,0,0,0,0,0,0,0,0,0,0,0,0,0,0,0,8,0,0,5,377,0,16,12,0,51,18,0,0,0,0,0,0,0,0,0,0,38,0,0,0,0,0,0,0,0,142,0,0,0,0,0,134,17,10,0,0,0,0,8,0,0,0,0,0,0,0,0,0,0,5,0,0,1,0,3,3,6,0,0,0,0,0,0,0,0,0,0,0,0,1,0,0,0,0,0,0,0,0,0,0,0,0,0,0,0
345221,0,0,0,0,0,0,0,1,0,135,0,0,27,911,0,201,27,107,218,113,1914,0,0,3,0,0,0,0,0,0,0,0,0,0,0,0,35,62,0,162,0,0,0,0,0,118,0,20,1,12,2,0,19,0,0,0,0,0,0,6,2,0,0,2,0,0,0,0,0,29,40,0,0,2,0,0,0,0,0,0,0,1,0,163,0,0,0,0,0,0,0,0,0,0,0,0,0,1,0,0,0,0,0,0,0,0,0,0,11,0,0,1,52,0,19,2,0,37,20,43,0,0,0,0,0,0,0,0,0,0,0,0,0,0,0,0,15,0,39,0,0,0,0,0,23,0,1,0,1,1,0,3,0,0,0,0,0,0,1,0,0,0,0,0,0,0,0,0,5,7,0,0,1,0,0,0,0,0,0,0,0,0,7,0,0,0,0,0,0,0,0,0,0,0,0,0,0,0
353424,0,0,0,0,0,0,0,6,0,58,0,0,11,472,0,657,61,9,124,568,763,0,0,0,0,0,0,0,0,0,21,0,0,0,0,0,4,73,0,70,0,2,0,0,0,53,0,75,0,11,5,0,73,0,0,0,0,0,0,7,2,0,0,0,0,0,0,0,26,24,45,0,0,9,2,0,0,0,1,0,0,3,0,40,0,0,0,0,0,0,0,0,0,0,0,0,0,0,0,0,0,0,0,0,0,0,1,0,6,0,0,0,92,0,13,34,0,43,39,24,0,0,0,0,0,0,0,0,0,0,0,0,0,0,0,8,37,0,69,0,0,0,0,0,9,0,5,0,9,0,0,7,0,0,0,0,0,0,0,0,0,0,0,0,0,0,1,3,8,12,0,0,1,0,0,0,0,0,0,0,0,0,3,0,0,0,0,0,0,0,0,0,0,0,0,0,0,0
356259,0,0,0,0,0,0,0,0,0,27,0,0,18,304,0,328,56,3,54,421,6,0,0,18,0,0,0,0,0,0,1,0,0,0,0,0,59,224,0,100,0,4,0,0,0,24,0,43,0,34,4,0,10,0,0,0,0,0,0,0,4,0,0,0,0,0,0,0,22,7,32,0,0,7,0,0,0,0,0,0,0,0,0,54,0,0,0,0,0,0,0,0,0,0,0,0,0,0,0,0,0,0,0,0,0,0,0,0,5,0,0,8,189,0,65,132,0,131,358,0,0,0,0,0,0,0,0,0,0,0,0,0,0,0,0,11,99,0,208,0,0,0,0,0,7,0,11,0,14,0,0,2,0,0,0,0,0,0,0,0,0,0,0,0,0,0,0,1,9,26,0,0,3,0,0,0,0,0,0,0,0,0,5,0,0,0,0,0,0,0,0,0,0,0,0,0,1,0
355144,0,0,0,0,0,0,0,132,0,24,3,0,42,1432,0,9,27,1,60,16,42,0,0,0,0,0,0,0,0,0,149,0,0,0,0,0,1,10,0,53,0,20,0,0,0,275,348,15,0,18,12,0,1,0,0,0,0,0,0,0,3,0,0,40,0,0,0,0,517,7,5,0,0,11,1,0,0,0,0,0,0,48,3,307,0,0,0,0,0,0,0,0,0,0,0,0,0,0,0,0,0,0,0,0,0,0,8,0,2,0,0,22,140,0,4,10,0,12,8,9,0,0,0,0,0,0,0,0,0,13,0,0,0,0,0,0,9,0,6,0,0,0,0,0,28,14,2,0,3,0,0,0,0,0,0,0,0,0,0,0,0,0,3,0,0,0,0,18,0,1,0,0,0,1,0,0,0,0,0,0,3,1,22,0,0,0,0,0,0,0,0,0,0,0,0,0,0,0
355145,0,0,0,0,0,0,0,0,0,10,1,0,23,1181,0,7,41,1,27,14,0,0,0,1,0,0,0,0,0,0,619,0,0,0,92,0,60,53,0,11,0,376,0,0,0,15,133,5,0,2,1,0,2,0,0,0,0,0,0,0,0,0,0,26,0,0,0,0,419,20,59,0,0,1,0,0,1,0,0,0,0,11,1,5,0,0,0,0,4,0,0,0,0,0,0,0,0,0,0,0,0,0,0,0,0,0,0,0,6,0,0,12,348,0,12,146,0,23,59,0,0,0,1,0,0,0,0,0,0,165,0,0,0,9,0,79,125,0,97,0,8,0,0,0,6,12,5,0,0,1,0,0,0,0,0,0,0,0,0,0,0,0,72,0,0,0,0,34,22,68,0,0,4,0,0,3,0,0,0,0,0,0,0,0,0,0,0,0,0,0,0,0,0,0,0,0,0,0
357751,0,0,0,0,0,0,0,0,111,14,1,0,11,631,0,13,48,26,45,68,0,0,1,0,0,0,0,0,0,0,891,0,0,0,39,0,218,194,0,17,0,303,0,0,0,51,290,19,0,5,5,0,16,0,0,0,0,0,0,0,0,0,0,41,0,0,0,0,490,23,56,1,7,7,0,0,1,0,0,0,0,23,0,32,0,0,0,0,0,0,0,0,0,0,0,0,0,0,0,0,0,0,0,0,0,0,0,0,2,0,0,0,71,0,16,6,0,4,4,0,0,0,0,0,0,0,0,0,0,46,0,0,0,1,0,89,117,0,13,0,2,0,0,0,6,14,1,0,0,0,0,0,0,0,0,0,0,0,0,0,0,0,1,0,0,0,0,6,6,21,1,0,2,0,0,32,0,0,0,0,1,0,1,0,0,0,0,0,0,0,0,0,0,0,0,0,0,0
330001,0,0,0,0,0,0,0,0,0,7,86,0,32,1546,0,212,24,3,153,50,107,0,0,0,0,0,0,0,0,0,208,0,0,0,0,0,4,3,0,26,0,0,0,0,0,51,262,86,0,11,3,0,0,0,0,0,0,0,0,0,0,0,0,112,0,0,0,0,50,15,29,1,0,8,0,0,0,0,0,0,0,0,0,18,0,0,0,0,0,0,0,0,0,0,0,0,0,0,0,0,0,0,0,0,0,0,0,0,1,36,0,28,284,0,72,34,0,67,33,1,0,0,0,0,0,0,0,0,0,76,0,0,0,0,0,1,5,0,173,0,0,0,0,0,32,21,13,0,9,0,0,0,0,0,0,0,0,0,0,0,0,0,119,0,0,1,0,5,9,21,0,0,1,0,0,0,0,0,0,0,0,0,3,0,0,0,0,0,0,0,0,0,0,0,0,0,0,0
357802,0,0,0,0,0,0,0,1,19,3,0,0,50,649,0,21,42,0,78,39,0,0,5,2,0,0,0,0,0,0,766,0,0,0,3,0,198,173,0,38,0,116,0,0,0,102,146,33,0,12,13,0,35,0,0,0,0,0,0,0,0,0,0,24,0,0,0,0,184,22,66,4,5,8,0,0,0,0,0,0,0,2,8,10,0,0,0,0,0,0,0,0,0,0,0,0,0,0,0,0,0,0,0,0,0,0,0,0,0,0,0,4,25,0,0,18,0,11,8,0,0,4,1,0,0,0,0,0,0,4,0,0,0,0,0,3,9,0,3,0,3,0,0,0,13,2,5,0,4,3,0,5,0,0,0,0,0,0,0,0,0,0,1,0,0,0,0,1,9,19,0,0,1,0,0,0,0,0,0,0,0,1,0,0,0,0,0,0,0,0,0,0,0,0,0,0,1,0
358187,0,0,0,3,0,0,0,0,0,37,0,0,5,747,0,363,119,1,46,157,0,0,8,0,0,0,0,0,0,0,47,0,0,0,0,0,393,392,0,13,0,71,0,0,0,131,0,1,0,21,50,0,8,0,0,0,0,0,0,0,0,0,0,0,0,0,0,0,134,19,49,0,0,9,1,0,0,0,0,0,0,0,1,34,0,0,0,0,0,0,0,0,0,0,0,0,0,0,0,0,0,0,0,0,0,0,0,0,0,0,0,0,23,0,4,4,0,2,7,0,0,0,0,0,0,0,0,0,0,4,0,0,0,0,0,93,217,0,1,0,1,0,0,0,2,0,0,0,3,1,0,0,0,0,0,0,0,0,0,0,0,0,0,0,0,0,0,3,14,21,0,0,2,4,0,0,0,0,0,0,0,0,0,0,0,0,0,0,0,0,0,0,0,0,0,0,0,0
351274,0,0,0,0,0,0,0,1,2,4,25,0,57,2468,0,182,56,42,294,43,17,0,0,0,0,0,0,0,0,0,208,0,0,0,0,0,2,14,0,102,0,12,0,0,0,257,323,120,0,22,5,0,1,0,0,0,0,0,0,0,1,0,0,229,0,0,1,0,174,30,54,0,4,6,0,0,0,0,0,0,0,0,1,145,0,0,0,0,0,0,0,0,0,0,0,0,0,1,0,0,0,0,0,0,0,0,0,0,2,1,0,15,247,0,40,3,0,17,8,0,0,0,0,0,0,0,0,0,0,37,0,0,0,0,0,0,7,0,19,0,1,0,0,0,46,47,11,0,3,0,0,0,0,0,0,0,0,0,0,0,0,0,38,0,0,0,0,6,7,10,0,1,0,0,0,0,0,0,0,0,0,0,8,0,0,0,0,0,0,0,0,0,0,0,0,0,0,0
345331,0,0,0,0,0,0,0,0,0,1,1,0,0,165,0,42,25,0,68,545,1355,0,0,13,0,0,0,0,0,0,0,0,0,0,0,0,0,53,0,141,0,0,0,0,0,29,0,39,0,27,3,15,21,0,0,0,0,0,0,34,23,3,0,0,0,29,1,3,0,67,172,0,2,51,2,0,0,0,0,0,0,4,0,12,0,0,0,0,0,0,0,0,0,0,0,0,0,0,0,0,0,0,0,0,0,0,0,0,0,0,0,0,36,0,10,7,0,36,114,214,0,0,0,0,0,0,0,0,0,0,0,0,0,0,0,0,43,0,83,0,0,0,0,0,3,0,3,0,16,2,1,5,0,0,0,0,0,0,8,14,0,0,0,0,10,0,2,0,35,98,0,0,20,1,0,0,0,0,0,0,1,0,1,0,0,0,0,0,0,0,0,0,0,0,0,0,5,0
356214,0,0,0,0,0,0,0,0,0,11,0,0,5,165,0,119,16,128,72,48,901,0,0,5,0,0,0,0,0,0,1,0,0,3,0,0,842,1032,0,49,0,0,0,0,0,29,0,5,0,13,0,0,0,0,0,0,0,0,0,0,0,0,0,0,0,0,0,0,2,51,75,0,0,15,4,0,0,0,0,0,0,5,0,20,0,0,0,0,0,0,0,0,0,0,0,0,0,0,0,0,0,0,0,0,0,0,0,0,0,0,0,0,4,0,48,0,1,4,11,36,0,0,0,0,0,0,0,0,0,0,0,0,0,0,0,20,152,0,26,0,0,0,0,0,8,0,0,0,0,0,0,0,0,0,0,0,0,0,0,0,0,0,0,0,0,0,0,0,25,68,0,0,15,4,0,0,0,0,0,0,0,3,1,0,0,0,0,0,0,0,0,0,0,0,0,0,0,0
357360,0,0,0,0,0,0,0,0,0,85,0,0,12,557,0,2047,139,0,59,153,0,0,0,0,0,0,0,0,0,0,217,0,0,0,0,0,638,465,0,41,0,100,0,0,0,75,0,41,0,5,14,0,0,0,0,0,0,0,0,0,0,0,0,0,0,0,0,0,169,42,108,0,0,4,18,0,0,0,0,0,0,2,0,0,0,0,0,0,0,0,0,0,0,0,0,0,0,0,0,0,0,0,0,0,0,0,0,0,11,0,0,6,155,0,66,91,0,8,54,5,0,0,0,0,0,0,0,0,0,27,0,0,0,0,0,223,258,0,32,0,1,0,0,0,12,0,0,0,3,7,0,0,0,0,0,0,0,0,0,0,0,0,0,0,0,0,0,5,18,81,0,0,1,2,0,0,0,0,0,0,0,0,0,0,0,0,0,0,0,0,0,0,0,0,0,0,0,0
349850,0,0,0,0,0,0,0,0,0,9,0,0,1,313,0,24,9,0,41,263,2332,0,0,0,0,16,0,0,0,0,0,0,0,0,0,0,1,140,0,226,0,0,0,0,0,134,0,25,0,31,18,0,3,0,0,0,0,0,0,57,30,0,0,0,0,28,2,2,0,60,164,1,0,18,1,0,0,0,0,0,0,1,0,27,0,0,0,0,0,0,0,0,0,0,0,0,0,2,0,0,0,0,0,0,0,0,0,0,2,0,0,0,60,0,1,18,0,17,35,292,0,0,0,0,0,0,0,0,0,0,0,0,0,0,0,0,123,0,72,0,0,0,0,1,19,0,3,0,3,3,0,0,0,0,0,0,0,0,0,15,0,0,0,0,11,0,1,0,15,28,0,0,3,0,0,0,0,0,0,0,0,0,2,0,0,0,0,0,0,0,0,0,0,0,0,0,0,0
346105,0,0,0,0,0,0,0,0,0,5,0,0,2,276,0,77,72,19,180,1023,2118,0,0,4,0,0,0,0,0,0,0,0,0,0,0,0,101,250,0,234,0,0,0,0,0,310,0,95,0,45,15,0,13,0,0,0,0,0,0,15,3,0,0,0,0,0,0,0,0,80,230,0,0,18,6,0,0,0,0,0,0,34,0,17,0,0,0,0,0,0,0,0,0,0,0,0,0,2,0,0,0,0,0,0,0,0,0,0,1,0,0,3,48,0,20,6,0,39,169,127,0,0,0,0,0,0,0,0,0,0,0,0,0,0,0,1,56,0,76,0,0,0,0,0,24,0,9,0,11,4,0,1,0,0,0,0,0,0,0,1,0,0,0,0,1,0,0,0,31,69,0,0,6,2,0,0,0,0,0,0,8,0,0,0,0,0,0,0,0,0,0,0,0,0,0,0,0,0
347593,0,0,0,0,0,0,0,0,0,121,0,0,2,339,0,236,22,213,147,94,1366,0,0,15,0,1,0,0,0,0,17,0,0,0,0,0,22,89,0,414,0,1,0,0,0,163,0,26,0,24,6,0,17,0,0,0,0,0,0,0,2,0,0,0,0,0,3,0,9,11,41,0,1,4,0,0,0,0,0,0,0,13,0,50,0,0,0,0,0,0,0,0,0,0,0,0,0,0,0,0,0,0,0,0,0,0,0,0,18,0,0,0,27,0,19,1,1,20,12,31,0,0,4,0,0,0,0,0,0,0,0,0,0,0,0,0,39,0,138,0,0,0,0,0,15,0,8,0,3,0,0,2,0,0,0,0,0,0,0,0,0,0,1,0,0,2,0,0,1,1,0,0,0,0,0,0,0,0,0,0,3,0,6,0,0,0,0,0,0,0,0,0,0,0,0,0,3,0
355677,0,0,0,0,0,0,0,0,0,6,2,0,6,104,0,39,14,0,65,84,258,0,0,0,0,0,0,0,0,0,1,0,0,0,0,0,1287,1028,0,239,0,0,0,0,0,42,0,17,0,13,2,0,0,0,0,0,0,0,0,0,0,0,0,5,0,0,2,0,1,57,82,0,0,6,0,0,0,0,0,0,0,7,0,0,0,0,0,0,0,0,0,0,0,0,0,0,0,1,0,0,0,0,0,0,0,0,0,0,0,8,0,0,55,0,48,16,0,38,101,0,0,0,0,0,0,0,0,0,0,0,0,0,0,0,0,294,190,0,274,0,0,0,0,0,13,0,0,0,6,0,0,0,0,0,0,0,0,0,0,0,0,0,72,0,0,0,0,2,76,110,0,0,20,0,0,0,0,0,0,0,4,0,0,0,0,0,0,0,0,0,0,0,0,0,0,0,0,0
354084,0,0,0,0,0,0,0,0,1,5,0,0,1,502,0,226,216,4,282,648,2,0,0,0,0,0,0,0,0,0,0,0,0,0,0,0,324,649,0,147,0,0,0,0,0,348,0,50,0,35,26,0,41,0,0,0,0,0,0,0,0,0,0,0,0,0,0,0,0,56,234,0,0,8,0,0,0,0,0,0,0,0,0,0,0,0,0,0,0,0,0,0,0,0,0,0,0,0,0,0,0,0,0,0,0,0,0,0,0,0,0,1,65,0,59,23,0,64,138,112,0,0,0,0,0,0,0,0,0,0,0,0,0,0,0,30,199,0,86,0,0,0,0,0,7,0,4,0,17,0,0,8,0,0,0,0,0,0,1,0,0,0,0,0,0,0,0,0,22,134,0,0,6,0,0,0,0,0,0,0,0,0,0,0,0,0,0,0,0,0,0,0,0,0,0,0,0,0
355675,0,0,0,0,0,0,0,0,0,4,5,0,19,267,0,7,55,0,29,239,81,0,0,0,0,0,0,0,0,0,175,0,0,0,0,0,96,177,0,5,0,379,0,0,0,1,362,6,0,1,4,0,12,0,0,0,0,0,0,0,0,0,0,7,0,0,0,0,1435,20,60,0,0,6,0,0,0,0,0,0,0,4,0,81,0,0,0,0,0,0,0,0,0,0,0,0,0,0,0,0,0,0,0,0,0,0,0,0,1,3,0,3,41,0,0,21,0,8,4,115,0,0,0,0,0,0,0,0,0,30,0,0,0,0,0,32,191,0,4,0,1,0,0,0,1,71,4,0,1,0,0,4,0,0,0,0,0,0,0,0,0,0,3,0,0,0,0,40,9,39,0,0,1,0,0,0,0,0,0,0,0,0,18,0,0,0,0,0,0,0,0,0,0,0,0,0,0,0
346109,0,0,0,0,0,0,0,1,0,10,0,0,34,1447,0,35,25,0,90,56,0,0,6,0,0,0,0,0,0,0,375,0,0,0,0,0,0,0,0,23,0,18,0,0,0,209,262,29,0,4,15,0,2,0,0,0,0,0,0,2,3,0,0,24,0,0,0,0,215,10,2,0,0,10,0,0,3,0,11,0,0,12,1,239,0,0,0,0,6,0,0,0,0,0,0,0,0,0,0,0,0,0,0,0,0,0,0,0,1,0,0,3,55,0,5,1,0,12,4,0,0,1,0,0,0,0,0,0,0,16,0,0,0,0,0,0,8,0,3,0,0,0,0,0,15,10,1,0,1,2,0,0,0,0,0,0,0,0,0,1,0,0,1,0,0,0,0,11,0,0,0,0,2,0,0,0,0,0,0,0,0,0,23,0,0,0,0,2,0,0,0,0,0,0,0,0,0,0
345536,0,0,0,0,0,0,0,0,0,5,28,0,10,535,0,37,10,0,36,22,17,0,0,1,0,0,0,0,0,0,91,0,0,0,0,0,0,18,0,40,0,5,0,0,2,40,85,16,0,3,6,0,1,0,0,0,0,0,0,0,0,0,0,15,0,0,1,0,61,3,9,1,0,0,0,0,0,0,0,0,0,0,0,15,0,0,0,0,0,0,0,0,0,0,0,0,0,0,0,0,0,0,0,0,0,0,0,0,0,0,0,6,166,0,25,14,1,13,19,1,0,0,0,0,0,0,0,0,0,52,0,0,0,0,0,1,9,0,60,0,0,0,0,0,44,20,6,0,1,1,0,6,0,0,0,0,0,0,1,0,0,0,5,0,0,1,0,5,0,10,0,0,0,0,0,0,0,0,0,0,0,0,3,0,0,0,0,0,0,0,0,0,0,0,0,0,0,0
349481,0,0,0,0,0,0,0,0,0,19,0,0,102,1384,0,174,23,122,93,37,79,0,0,0,0,0,0,0,0,0,725,0,0,0,0,0,28,48,0,81,0,290,0,0,0,40,302,35,0,7,8,0,0,0,0,0,0,0,0,0,0,0,0,109,0,0,0,0,474,30,43,0,2,19,1,0,0,0,0,0,0,151,0,14,0,0,0,0,0,0,0,0,0,0,0,0,0,1,0,0,0,0,0,0,0,0,0,0,2,0,0,14,119,0,9,11,0,65,13,2,0,0,1,0,0,0,0,0,0,28,0,0,0,0,0,16,31,0,40,0,1,0,0,0,7,9,3,0,6,0,0,0,0,0,0,0,0,0,0,0,0,0,17,0,0,0,0,9,3,15,0,0,2,0,0,0,0,0,0,0,3,0,2,0,0,0,0,0,0,0,0,0,0,0,0,0,0,0
345560,0,0,0,0,0,0,0,0,0,0,0,0,2,227,0,57,5,1,138,429,1408,0,0,0,0,0,0,0,0,0,0,0,0,0,0,0,0,16,0,520,0,0,0,0,0,346,0,14,0,103,10,0,6,0,0,0,0,0,0,39,0,0,0,0,0,0,12,0,0,53,87,0,0,57,0,0,0,0,0,0,0,0,1,1,0,0,0,0,0,0,0,0,0,0,0,0,0,0,0,0,0,0,0,0,0,0,0,0,0,0,0,0,22,0,3,2,0,23,51,83,0,0,0,0,0,0,0,0,0,0,0,0,0,0,0,0,5,0,82,0,0,0,0,0,5,0,2,0,17,0,0,1,0,0,0,0,0,0,3,0,0,0,0,0,0,1,0,0,16,29,0,0,3,0,0,0,0,0,0,0,0,0,0,0,0,0,0,0,0,0,0,0,0,0,0,0,0,0
348520,0,0,0,0,0,0,0,0,0,25,4,0,8,1289,0,4,40,9,38,5,0,0,0,0,0,0,0,0,0,0,374,0,0,0,0,0,0,2,0,10,0,2,0,0,0,36,64,8,0,4,5,0,3,0,0,0,0,0,0,0,0,0,0,1,0,0,0,0,151,4,7,0,0,2,0,0,0,0,0,0,0,14,6,16,0,0,0,0,0,0,0,0,0,0,0,0,0,3,0,0,0,0,0,0,0,0,0,0,0,0,0,0,0,0,0,0,0,0,0,0,0,0,0,0,0,0,0,0,0,0,0,0,0,0,0,0,0,0,0,0,0,0,0,0,0,0,0,0,0,0,0,0,0,0,0,0,0,0,0,0,0,0,0,0,0,0,0,0,0,0,0,0,0,0,0,0,0,0,0,0,0,0,0,0,0,0,0,0,0,0,0,0,0,0,0,0,0,0
344778,0,0,0,0,0,0,0,0,0,0,4,0,0,231,0,68,17,8,45,330,1937,0,0,2,0,0,0,0,0,0,0,0,0,0,0,0,4,28,0,801,0,0,0,0,3,126,0,22,0,64,1,0,5,0,0,0,0,0,0,21,1,0,0,0,0,0,1,0,0,47,74,0,0,7,3,0,0,0,0,0,0,4,5,2,0,0,0,0,0,0,0,0,0,0,0,0,0,0,0,0,0,0,0,0,0,0,0,0,0,6,0,0,113,0,45,15,0,44,179,277,0,0,0,0,0,0,0,0,0,0,0,0,0,0,0,2,112,0,825,0,0,0,0,0,7,0,4,0,72,1,0,3,0,0,0,0,0,0,3,0,0,0,0,0,0,2,1,0,32,49,0,0,1,0,0,0,0,0,0,0,1,2,0,0,0,0,0,0,0,0,0,0,0,0,0,0,1,0
351997,0,0,0,0,0,0,0,0,0,26,0,0,2,225,0,127,26,3,278,113,2019,0,0,4,0,0,0,0,0,0,0,0,0,0,1,0,1,424,1,232,0,0,0,0,0,227,0,44,0,19,1,0,6,0,0,0,0,0,0,35,0,0,0,0,0,0,2,0,0,20,35,2,5,6,0,0,0,0,0,0,0,10,13,23,0,0,0,0,0,0,0,0,0,0,0,0,0,2,0,0,0,0,0,0,0,0,0,0,6,0,0,0,44,0,53,3,0,89,20,223,0,0,0,0,0,0,1,0,0,0,0,0,0,0,0,0,192,0,93,0,0,0,0,0,37,0,7,0,4,0,0,2,0,0,0,0,0,0,3,0,0,0,0,0,0,2,0,0,3,3,1,3,0,0,0,0,0,0,0,0,2,0,9,0,0,0,0,0,0,0,0,0,0,0,0,0,1,0
353486,0,0,0,0,0,0,0,16,1,20,0,0,36,871,0,166,30,49,83,21,4,0,0,0,0,0,0,0,0,0,304,0,0,0,15,0,0,0,0,70,0,1,0,0,0,37,47,8,1,3,21,0,6,0,0,0,0,0,0,0,1,0,0,7,0,1,0,0,178,10,12,0,2,4,2,0,27,0,0,0,1,55,19,22,0,0,0,0,6,0,0,0,0,0,0,0,0,0,0,0,0,0,0,0,0,0,0,0,4,0,0,2,50,0,13,1,0,5,5,0,0,0,0,0,0,0,0,0,0,10,0,0,0,0,0,0,0,0,10,0,0,0,0,0,6,4,1,0,0,2,0,0,0,0,0,0,0,0,0,0,0,0,0,0,0,0,0,2,1,0,0,0,0,0,0,2,0,0,0,0,3,0,2,0,0,0,0,1,0,0,0,0,0,0,0,0,0,0
351995,0,0,0,0,0,0,0,0,0,4,0,0,1,167,0,802,36,0,10,834,191,0,0,29,0,0,0,0,0,0,47,0,0,0,0,0,31,115,0,97,0,19,0,0,0,112,0,68,1,66,151,0,9,0,0,0,0,0,0,0,0,0,0,0,0,0,0,3,81,20,68,0,0,10,0,0,4,0,0,0,0,24,3,68,0,0,0,0,0,0,0,0,0,0,0,0,0,1,0,0,0,0,0,0,0,0,0,0,38,2,0,1,212,0,113,12,0,27,291,26,0,0,0,0,0,0,0,0,0,12,0,0,0,0,0,29,77,0,212,0,1,0,0,0,29,0,35,1,48,20,0,35,0,0,0,0,0,0,0,0,0,0,0,0,0,0,10,5,82,146,0,0,10,1,0,3,0,0,0,0,10,13,9,0,0,0,0,0,0,0,0,0,0,0,0,0,4,0
355497,0,0,0,0,0,0,0,3,0,12,11,0,16,317,0,1,44,9,56,13,116,0,0,0,0,0,0,0,0,0,149,0,0,0,0,0,153,421,0,47,0,151,0,0,0,24,578,7,1,14,0,0,21,0,0,0,0,0,0,3,0,0,0,9,0,0,0,0,1131,11,25,0,8,6,0,0,0,0,0,0,0,1,0,44,0,0,0,0,0,0,0,0,0,0,0,0,0,1,0,0,0,0,0,0,0,0,1,0,1,0,0,3,24,0,2,14,0,8,0,29,0,0,0,0,0,0,0,0,0,24,0,0,0,0,0,27,153,0,12,0,4,0,0,0,5,66,0,0,2,0,0,4,0,0,0,0,0,0,0,0,0,0,3,0,0,0,0,67,3,23,1,0,2,0,0,0,0,0,0,0,0,0,8,0,0,0,0,0,0,0,0,0,0,0,0,0,0,0
357078,0,0,0,0,0,0,0,0,0,13,4,0,28,344,0,8,37,0,62,43,83,0,0,0,0,0,0,0,0,0,227,0,0,0,0,0,183,317,0,12,0,330,0,0,0,3,391,0,0,5,1,0,6,0,0,0,0,0,0,0,4,0,0,20,0,0,0,0,1208,18,38,0,0,3,2,0,0,0,0,0,0,1,0,87,0,0,0,0,1,0,0,0,0,0,0,0,0,0,0,0,0,0,0,0,0,0,0,0,2,1,0,4,55,0,3,3,0,8,3,62,0,0,0,0,0,0,0,0,0,17,0,0,0,0,0,60,198,0,2,0,13,0,0,0,0,81,0,0,2,0,0,0,0,0,0,0,0,0,0,0,0,0,2,0,0,0,0,66,5,38,0,0,2,1,0,0,0,0,0,0,0,0,16,0,0,0,0,0,0,0,0,0,0,0,0,0,0,0
357721,0,0,0,0,0,0,0,0,0,9,0,0,21,423,0,224,77,0,82,796,9,0,1,29,0,0,0,0,0,0,30,0,0,0,0,0,43,99,0,97,0,6,0,0,0,141,0,102,0,6,30,0,29,0,0,0,0,0,0,0,0,0,0,0,0,0,0,4,63,10,41,0,0,2,0,0,20,0,0,0,0,0,0,2,0,0,0,0,0,0,0,0,0,0,0,0,0,1,0,0,0,0,0,0,0,0,0,0,0,0,0,1,22,0,24,3,0,3,62,0,0,0,0,0,0,0,0,0,0,7,0,0,0,0,0,0,8,0,7,0,1,0,0,0,4,0,1,0,0,0,0,1,0,0,0,0,0,0,0,0,0,0,0,0,0,0,0,0,3,6,0,0,0,0,0,1,0,0,0,0,0,0,0,0,0,0,0,0,0,0,0,0,0,0,0,0,0,0
357689,0,0,0,0,0,0,0,0,0,1,0,0,0,7,0,10,0,1,4,1,0,0,0,0,0,0,0,0,0,0,1,0,0,0,0,0,30,44,0,2,0,1,0,0,0,2,0,1,0,1,1,0,2,0,0,0,0,0,0,0,0,0,0,0,0,0,0,0,1,3,3,0,0,2,0,0,0,0,0,0,0,10,2,1,0,0,0,0,0,0,0,0,0,0,0,0,0,0,0,0,0,0,0,0,0,0,0,0,0,0,0,0,0,0,6,0,0,0,0,0,0,0,0,0,0,0,0,0,0,0,0,0,0,0,0,6,5,0,1,0,0,0,0,0,0,0,1,0,1,0,0,0,0,0,0,0,0,0,0,0,0,0,0,0,0,0,0,0,1,1,0,0,2,0,0,0,0,0,0,0,1,0,0,0,0,0,0,0,0,0,0,0,0,0,0,0,0,0
358579,0,0,0,3,0,0,0,0,0,35,0,0,4,555,0,671,85,1,50,683,2,0,4,4,0,0,0,0,0,0,166,0,0,0,0,0,172,144,0,38,0,87,0,0,0,33,0,10,0,19,58,0,8,0,0,0,0,0,0,0,0,0,0,0,0,0,0,0,197,23,52,0,0,6,1,0,0,0,0,0,0,5,0,41,0,0,0,0,0,0,0,0,0,0,0,0,0,0,0,0,0,0,0,0,0,0,0,0,4,0,0,0,54,0,37,24,0,4,26,2,0,0,0,0,0,0,0,0,0,14,0,0,0,0,0,109,165,2,17,0,3,0,0,0,3,0,1,0,4,1,0,2,0,0,0,0,0,0,0,0,0,0,0,0,0,0,1,6,22,36,0,0,3,1,0,0,0,0,0,0,0,0,2,0,0,0,0,0,0,0,0,0,0,0,0,0,0,0
349538,0,0,0,0,0,0,0,0,0,108,0,0,3,568,0,612,116,0,105,720,98,0,0,4,0,0,0,0,0,0,86,0,0,0,0,0,102,206,0,104,0,28,0,0,0,27,0,0,0,30,39,0,14,0,0,0,0,0,1,0,0,0,0,0,0,0,0,0,137,21,86,0,0,22,0,0,0,0,0,0,0,10,0,1,0,0,0,0,0,0,0,0,0,0,0,0,0,0,0,0,0,0,0,0,0,0,0,0,6,0,0,2,78,0,12,5,0,7,36,0,0,0,1,0,0,0,0,0,0,0,0,0,0,0,0,20,100,0,43,0,0,0,0,0,9,0,0,0,2,5,0,4,0,0,0,0,0,0,0,0,0,0,0,0,0,0,0,0,49,82,0,0,6,0,0,0,0,0,0,0,0,0,0,0,0,0,0,0,0,0,0,0,0,0,0,0,0,0
337778,0,0,0,0,0,0,0,0,0,4,0,0,10,95,0,121,33,0,74,176,399,0,0,8,0,0,0,1,0,0,2,0,0,2,0,0,679,564,17,107,0,7,0,0,0,355,0,11,0,10,21,0,2,0,0,0,0,0,0,6,1,0,0,2,0,0,0,0,3,170,293,0,1,8,3,0,5,0,0,0,0,0,1,0,0,0,0,0,0,0,0,0,0,0,0,0,0,4,0,0,0,0,0,0,0,0,0,0,6,1,0,0,19,0,21,8,0,19,36,4,0,0,0,0,0,1,0,0,0,2,0,0,0,0,0,98,121,0,47,0,0,0,0,0,33,0,0,0,1,8,0,1,0,0,0,0,0,0,1,2,2,0,9,0,0,0,0,0,78,128,1,0,5,0,0,0,0,0,0,1,0,0,0,0,0,0,0,0,0,0,0,0,0,0,0,0,1,0
333163,0,0,0,0,0,0,0,0,0,91,0,0,25,536,0,134,149,32,96,122,11,0,0,10,0,0,0,0,0,0,282,0,0,1,0,0,0,1,0,187,0,0,0,0,2,304,37,53,0,6,34,0,146,0,0,0,0,0,0,2,1,0,0,20,0,0,18,14,0,58,119,0,0,9,0,0,0,0,0,1,1,9,0,1,0,0,0,0,0,0,0,0,0,0,0,0,0,0,0,0,0,0,0,0,0,0,0,0,19,0,0,5,92,0,30,68,1,75,35,0,0,0,0,0,0,0,0,0,0,36,0,0,0,0,0,0,0,0,116,0,0,0,0,0,117,2,15,0,5,2,0,57,0,0,0,0,0,0,0,0,0,0,4,0,0,7,1,0,23,21,0,0,2,1,0,0,0,0,0,0,1,0,0,0,0,0,0,0,0,0,0,0,0,0,0,0,0,0
358570,0,0,0,0,0,0,0,1,11,23,7,0,29,814,0,78,27,7,57,9,1,0,0,0,0,0,0,0,0,0,1121,0,0,0,2,0,201,200,0,42,0,337,0,0,0,25,170,20,0,5,0,0,8,0,0,0,0,0,0,0,0,0,0,29,0,0,0,0,700,3,3,0,0,0,1,0,0,0,0,0,0,8,0,11,0,0,0,0,0,0,0,0,0,0,0,0,0,0,0,0,0,0,0,0,0,0,0,0,4,0,0,17,164,0,6,6,0,24,1,6,0,0,0,0,0,0,0,0,0,149,0,0,0,0,0,43,116,0,33,0,11,0,0,0,31,55,12,0,2,0,0,1,0,0,0,0,0,0,0,0,0,0,8,0,0,0,0,55,3,6,0,1,0,1,0,0,0,0,0,0,1,0,3,0,0,0,0,0,0,0,0,0,0,0,0,0,1,0
353164,0,0,0,0,0,0,0,0,0,39,0,0,4,223,0,260,31,0,47,732,0,0,0,19,0,0,0,0,0,0,84,0,0,0,2,0,237,245,9,74,0,31,0,0,0,26,0,47,0,30,20,0,9,0,0,0,0,0,0,0,0,0,0,0,0,0,2,0,58,23,71,0,0,10,3,0,9,0,0,0,0,19,0,12,0,0,0,0,0,0,0,0,0,0,0,0,0,0,0,0,0,0,0,0,0,0,0,0,14,0,0,26,278,0,102,5,0,44,200,0,0,0,0,0,0,0,0,0,0,4,0,0,0,0,0,114,139,9,87,0,1,0,0,0,13,0,9,0,40,5,0,5,0,0,0,0,0,0,0,0,0,0,0,0,0,7,7,1,28,99,0,0,4,0,0,8,0,0,0,0,3,0,2,0,0,0,0,0,0,0,0,0,0,0,0,0,0,0
356304,0,0,0,0,0,0,0,2,16,26,6,0,23,675,0,26,70,163,96,57,0,0,0,0,0,0,0,0,0,0,575,0,0,0,12,0,130,224,1,26,0,511,0,0,0,64,471,98,0,2,4,0,4,0,0,0,0,0,1,0,0,1,0,5,0,0,0,0,1410,27,75,0,2,16,0,0,0,0,0,0,0,13,6,93,0,0,0,0,1,0,0,0,0,0,0,0,0,1,0,0,0,0,0,0,0,0,0,0,5,1,0,1,86,0,22,50,0,16,32,53,0,0,0,0,0,0,0,0,0,63,0,0,0,0,0,111,309,0,32,0,10,0,0,0,22,80,9,0,0,0,0,3,0,0,0,0,0,0,0,0,0,0,0,0,0,0,0,35,14,31,0,0,11,0,0,1,0,0,0,0,0,1,5,0,0,0,0,0,0,0,0,0,0,0,0,0,0,0
354098,0,0,0,0,0,0,0,0,0,94,0,0,6,505,0,335,40,90,116,304,2129,0,0,3,0,0,0,0,0,0,0,0,0,0,0,0,16,115,1,228,0,0,0,0,0,93,0,17,0,32,3,0,27,0,0,0,0,0,0,0,2,0,0,13,0,0,0,0,1,29,53,0,0,19,1,0,0,0,0,0,0,2,0,18,0,0,0,0,0,0,0,0,0,0,0,0,0,0,0,0,0,0,0,0,0,0,0,0,34,4,0,3,189,0,80,46,3,148,189,194,0,0,1,0,0,0,0,0,0,0,0,0,0,0,0,4,134,4,219,0,0,0,0,0,12,0,2,0,18,0,0,18,0,0,0,0,0,0,0,0,0,0,21,0,0,1,0,0,18,35,0,0,5,1,0,0,0,0,0,0,2,0,2,0,0,0,0,0,0,0,0,0,0,0,0,0,0,0
351919,0,0,0,0,0,0,0,0,3,3,2,0,11,1114,0,45,17,26,31,4,0,0,0,0,0,0,0,0,0,0,316,0,0,0,3,0,126,46,0,10,0,523,15,0,0,1,167,9,0,0,5,0,1,0,0,0,0,0,0,0,0,0,0,29,0,0,0,0,787,20,67,0,0,1,0,0,0,0,0,0,0,0,0,16,0,0,0,0,0,0,0,0,0,0,0,0,0,0,0,0,0,0,0,0,0,0,0,0,2,0,0,1,42,0,2,3,0,5,0,1,0,0,0,0,0,0,0,0,0,12,0,0,0,0,0,52,64,0,9,0,2,0,0,0,3,22,2,0,0,0,0,0,0,0,0,0,0,0,0,0,0,0,2,0,0,0,0,11,8,9,0,0,0,0,0,0,0,0,0,0,0,0,1,0,0,0,0,0,0,0,0,0,0,0,0,0,0,0
353408,0,0,0,0,0,0,0,0,0,49,0,0,1,282,0,74,15,0,90,155,627,0,0,10,0,0,0,0,0,0,36,0,0,0,0,0,4,106,0,20,0,0,0,0,0,55,0,165,17,7,22,0,13,0,0,0,0,0,0,1,1,0,0,0,0,0,3,7,13,13,31,0,0,9,0,0,1,0,0,0,0,15,6,23,0,0,0,0,0,0,0,0,0,0,0,0,0,0,0,0,0,0,0,0,0,0,0,0,9,0,0,0,31,0,6,2,0,17,77,33,0,0,0,0,0,0,0,0,0,18,0,0,0,0,0,1,121,0,5,0,0,0,0,0,15,0,34,3,1,0,0,1,0,0,0,0,0,0,1,0,0,0,0,0,0,0,0,1,3,5,0,0,3,0,0,0,0,0,0,0,0,2,6,0,0,0,0,0,0,0,0,0,0,0,0,0,0,0
331220,0,0,0,0,0,0,0,5,0,28,2,0,15,330,0,31,30,8,44,63,363,0,0,1,0,0,0,0,0,0,458,0,0,0,0,0,14,49,0,65,0,74,1,0,0,108,191,27,0,7,6,0,4,0,0,0,0,0,0,0,0,0,0,6,0,0,0,0,546,5,25,0,0,4,0,0,0,0,2,0,0,39,0,67,0,0,0,0,0,0,0,0,0,0,0,0,0,0,0,0,0,0,0,0,0,0,1,0,1,0,0,10,78,0,8,27,0,25,18,9,0,0,0,0,0,0,0,0,0,21,0,0,0,0,0,1,8,0,73,0,1,0,0,0,36,17,3,0,2,0,0,0,0,0,0,0,0,0,0,0,0,0,0,0,0,0,0,8,5,6,0,0,0,1,0,0,0,0,0,0,0,0,1,0,0,0,0,0,0,0,0,0,0,0,0,0,1,0
333733,0,0,0,0,0,0,0,0,0,19,6,0,15,915,0,31,116,104,1,103,0,0,2,3,0,0,0,0,0,0,354,0,0,0,0,0,1,12,0,62,0,330,0,0,0,34,193,14,0,20,6,0,8,0,1,0,0,0,3,0,0,0,0,58,0,3,0,0,552,14,26,1,0,2,1,0,137,0,0,0,0,51,0,33,0,0,0,0,0,0,0,0,0,0,0,0,0,2,0,0,0,0,0,0,0,0,0,0,1,0,0,3,88,0,7,10,9,0,5,0,0,0,0,0,0,0,0,0,0,14,0,0,0,0,0,19,41,0,24,0,7,0,0,0,6,8,2,0,4,0,1,1,0,0,0,0,0,1,0,0,0,0,3,0,0,0,0,12,1,10,1,1,1,1,0,23,0,0,0,0,4,0,1,0,0,0,0,0,0,0,0,0,0,0,0,0,0,0
347674,0,0,0,0,0,0,0,0,0,0,0,0,3,104,0,20,5,11,33,165,1216,0,0,33,0,0,0,0,0,0,0,0,0,0,0,0,0,71,0,717,0,0,0,0,0,73,0,8,0,61,0,0,0,0,0,0,0,0,0,2,4,0,0,0,0,0,13,0,0,17,63,1,0,9,0,0,0,0,0,0,0,5,26,11,0,0,0,0,0,0,0,0,0,0,0,0,0,1,0,0,0,0,0,0,0,0,0,0,1,0,0,0,52,0,1,3,0,16,61,305,0,0,0,0,0,0,0,0,0,0,0,0,0,0,0,0,43,0,434,0,0,0,0,0,7,0,2,0,31,1,0,1,0,0,0,0,0,0,3,0,0,0,0,0,0,3,0,0,9,23,0,0,6,2,0,0,0,0,0,0,2,44,1,0,0,0,0,0,0,0,0,0,0,0,0,0,0,0
352070,0,0,0,0,0,0,0,0,0,0,0,0,21,232,0,16,27,0,40,185,56,0,0,55,0,0,0,0,0,0,0,0,0,0,0,0,549,802,0,170,0,0,0,0,0,196,0,5,0,49,3,0,0,0,0,0,0,0,0,0,0,0,0,0,0,0,0,0,0,82,151,0,0,16,1,0,0,0,0,0,0,7,0,7,0,0,0,0,0,0,0,0,0,0,0,0,0,1,0,0,0,0,0,0,0,0,0,0,0,0,0,0,18,0,3,20,0,12,94,0,0,0,0,0,0,0,0,0,0,0,0,0,0,0,0,105,192,0,36,0,0,0,0,0,35,0,1,0,6,0,0,0,0,0,0,0,0,0,0,0,0,0,0,0,0,0,0,0,19,32,0,0,2,0,0,0,0,0,0,0,0,0,0,0,0,0,0,0,0,0,0,0,0,0,0,0,0,0
347489,0,0,0,0,0,0,0,0,0,250,5,0,8,871,0,330,22,321,226,255,2168,0,0,0,0,0,0,0,0,0,1,0,0,0,0,0,29,69,0,259,0,0,0,0,0,72,0,23,0,22,1,0,7,0,0,0,0,0,0,0,4,0,0,10,0,0,1,1,2,28,34,0,0,5,0,0,0,0,0,0,0,7,0,66,0,0,0,0,0,0,0,0,0,0,0,0,0,3,0,0,0,0,0,0,0,0,0,0,85,7,0,5,352,0,76,28,5,182,251,229,0,0,0,0,0,0,0,0,0,0,0,0,0,0,0,4,120,0,271,0,0,0,0,0,33,0,4,0,18,0,0,8,0,0,0,0,0,0,0,0,0,0,27,0,0,0,0,1,24,47,0,0,0,0,0,0,0,0,0,0,2,0,12,0,0,0,0,0,0,0,0,0,0,0,0,0,2,0
355080,0,0,0,0,0,0,0,0,0,53,0,0,19,595,0,1,12,0,209,23,262,0,0,0,0,0,0,0,0,0,8,0,0,0,0,0,0,10,0,0,0,0,0,0,0,547,344,68,0,0,0,0,17,0,0,0,0,0,0,0,0,0,0,23,0,0,0,0,60,2,0,0,0,0,0,0,0,0,0,0,0,0,0,1224,0,0,0,0,0,0,0,0,0,0,0,0,0,0,0,0,0,0,0,0,0,0,0,0,2,0,0,0,22,0,8,0,0,3,0,0,0,0,0,0,0,0,0,0,0,0,0,0,0,0,0,0,2,0,0,0,0,0,0,0,24,9,4,0,0,0,0,0,0,0,0,0,0,0,0,0,0,0,0,0,0,0,0,2,0,0,0,0,0,0,0,0,0,0,0,0,0,0,39,0,1,0,0,0,0,0,0,0,0,0,0,0,0,0
358948,0,0,0,0,0,0,0,0,6,18,1,0,73,441,0,16,67,5,47,61,17,0,0,1,0,0,0,0,0,0,615,0,0,0,15,0,296,348,0,55,0,283,0,0,0,55,317,18,0,7,3,0,35,0,0,0,0,0,0,0,0,0,0,36,0,0,2,0,803,49,89,0,20,10,1,0,0,0,0,0,0,45,35,49,0,0,0,0,4,0,0,0,0,0,0,0,0,0,0,0,0,0,0,0,0,0,0,0,4,0,0,22,50,0,10,10,0,9,5,2,0,0,0,0,0,0,0,0,0,41,0,0,0,0,0,39,72,0,11,0,6,0,0,0,10,33,5,0,3,1,0,0,0,0,0,0,0,0,0,0,0,0,12,0,0,1,0,49,11,16,0,2,3,0,0,0,0,0,0,0,3,6,8,0,0,0,0,0,0,0,0,0,0,0,0,0,0,0
352992,0,0,0,0,0,0,0,0,0,3,0,0,17,479,0,95,16,6,145,135,65,0,0,0,0,0,0,0,0,0,0,0,0,0,0,0,169,181,0,500,0,0,0,0,0,445,0,99,0,48,1,0,3,0,0,0,0,0,0,0,0,0,0,0,0,0,0,0,0,31,77,0,0,5,0,0,0,0,0,0,0,0,0,3,0,0,0,0,0,0,0,0,0,0,0,0,0,0,0,0,0,0,0,0,0,0,0,0,0,0,0,0,13,0,34,2,0,18,29,242,0,0,0,0,0,0,0,0,0,0,0,0,0,0,0,0,108,0,140,0,0,0,0,0,18,0,2,0,11,0,0,2,0,0,0,0,0,0,0,0,0,0,0,0,0,0,0,0,7,13,0,0,0,0,0,0,0,0,0,0,0,0,0,0,0,0,0,0,0,0,0,0,0,0,0,0,0,0
355451,0,0,0,17,0,0,0,0,0,36,1,0,19,631,0,760,149,2,101,86,753,0,0,13,0,0,0,0,0,0,20,0,0,0,0,0,7,65,0,8,0,1,0,0,0,39,0,45,0,11,14,0,106,0,0,0,0,0,0,0,2,0,0,0,0,0,0,0,57,21,121,0,0,4,15,0,0,0,0,0,0,1,0,42,0,0,0,0,0,0,0,0,0,0,0,0,0,3,0,0,0,0,12,0,0,0,0,0,6,0,0,0,79,0,22,34,0,8,2,15,0,0,0,0,0,0,0,0,0,3,0,0,0,0,0,3,19,7,2,0,0,0,0,0,0,0,9,0,0,0,0,4,0,0,0,0,0,0,1,1,0,0,0,0,0,0,0,4,4,6,0,0,0,2,0,0,0,0,0,0,0,0,1,0,0,0,0,0,0,0,0,0,0,0,0,0,0,0
355546,0,0,0,0,0,0,0,0,0,12,0,0,5,425,0,219,4,1,70,404,12,0,0,18,0,0,0,0,0,0,17,0,0,0,0,0,45,125,0,52,0,4,0,0,0,70,0,121,0,18,43,0,9,0,0,0,0,0,0,0,1,0,0,0,0,0,1,15,9,17,29,0,3,3,1,0,138,0,13,0,0,3,0,24,0,0,0,0,0,0,0,0,0,0,0,0,0,1,0,0,0,0,0,0,0,0,0,0,0,0,0,3,89,0,29,5,0,24,126,4,0,0,0,0,0,1,0,0,0,3,0,0,0,0,0,5,23,9,23,0,0,0,0,0,19,0,14,0,6,2,0,9,0,0,0,0,0,0,0,0,0,0,0,0,0,0,5,0,6,12,0,0,4,0,0,25,0,7,0,0,0,0,1,0,0,0,0,0,0,0,0,0,0,0,0,0,0,0
355134,0,0,0,0,0,0,0,0,0,34,0,0,5,1401,0,180,29,31,129,307,1153,0,0,10,0,0,0,0,0,0,0,0,0,0,0,0,11,148,0,74,0,0,0,0,0,47,0,113,0,28,39,0,13,0,0,0,0,0,1,0,10,0,0,2,0,0,0,0,1,19,71,0,0,2,0,0,0,0,0,0,0,2,0,7,0,0,0,0,0,0,0,0,0,0,0,0,0,1,0,0,0,0,0,0,0,0,0,0,3,0,0,15,183,0,26,26,0,151,221,165,0,0,0,0,0,0,0,0,0,0,0,0,0,0,0,0,137,0,55,0,0,0,0,0,6,0,15,0,11,0,0,0,0,0,0,0,0,0,0,1,0,0,5,0,1,0,0,0,3,26,0,0,1,0,0,0,0,0,0,0,0,0,2,0,0,0,0,0,0,0,0,0,0,0,0,0,0,0
353176,0,0,0,0,0,0,0,0,0,1,0,0,2,126,0,159,1,0,32,113,584,0,0,0,0,0,0,0,0,0,3,0,0,0,0,0,364,450,0,37,0,2,0,0,0,13,0,2,0,11,1,0,0,0,0,0,0,0,0,0,1,0,0,13,0,0,0,0,5,14,26,0,0,2,1,0,0,0,0,0,0,0,0,0,0,0,0,0,0,0,0,0,0,0,0,0,0,1,0,0,0,0,0,0,0,0,0,0,0,2,0,3,31,0,16,5,0,46,53,248,0,0,5,0,0,0,0,0,0,0,0,0,0,0,0,15,136,0,105,0,0,0,0,0,4,0,3,0,9,0,0,0,0,0,0,0,0,0,0,0,0,0,3,0,0,0,0,0,5,17,0,0,1,0,0,0,0,0,0,0,0,0,0,0,0,0,0,0,0,0,0,0,0,0,0,0,0,0
345238,0,0,0,0,0,0,0,0,0,47,1,0,8,392,0,124,89,46,153,333,842,0,0,39,0,0,0,0,0,0,75,0,0,0,0,0,41,227,0,16,0,48,0,0,0,10,537,125,0,3,4,0,68,0,0,0,0,0,1,0,0,0,0,1,0,0,0,0,262,7,21,0,0,0,0,0,0,0,0,0,0,20,5,18,0,0,0,0,0,0,0,0,0,0,0,0,0,1,0,0,0,0,0,0,0,0,0,0,3,0,0,8,75,0,87,55,0,32,80,93,0,0,1,0,0,0,0,0,0,7,0,0,0,0,0,13,70,0,16,0,0,0,0,0,1,44,14,0,0,0,0,10,0,0,0,0,0,0,0,0,0,0,0,0,0,0,0,11,2,12,0,0,2,0,0,0,0,0,0,0,0,1,1,0,0,0,0,0,0,0,0,0,0,0,0,0,0,0
357735,0,0,0,0,0,0,0,0,43,14,98,0,323,1131,0,35,79,1,148,28,82,0,0,0,0,0,0,0,0,0,994,0,0,0,0,0,67,132,0,112,0,30,0,0,0,363,120,49,0,21,13,0,1,0,0,0,0,0,0,0,2,0,0,13,0,0,0,0,91,47,64,0,1,11,3,0,0,0,0,0,0,20,17,0,0,0,0,0,0,0,0,0,0,0,0,0,0,0,0,0,0,0,0,0,0,0,0,5,2,22,0,37,246,0,19,23,0,65,8,0,0,0,0,0,0,0,0,0,0,67,0,0,0,0,0,11,13,0,70,0,2,0,0,0,72,8,4,0,13,0,0,4,0,0,0,0,0,0,0,0,0,0,11,0,0,1,0,5,12,32,0,0,2,0,0,0,0,0,0,0,3,7,3,0,0,0,0,0,0,0,0,0,0,0,0,0,0,0
357068,0,0,0,0,0,0,0,0,0,14,0,0,2,140,0,45,30,0,60,120,880,0,0,205,0,1,0,0,0,0,0,0,0,0,0,0,21,168,0,756,0,0,0,0,0,199,0,42,0,86,15,0,41,0,0,0,0,0,0,139,18,0,0,0,0,15,6,1,0,45,101,10,7,14,3,0,1,0,0,0,0,106,2,47,0,0,0,0,0,0,0,0,0,0,0,0,0,1,0,0,0,0,0,0,0,0,0,0,0,0,0,0,0,0,0,0,0,0,0,0,0,0,0,0,0,0,0,0,0,0,0,0,0,0,0,0,0,0,0,0,0,0,0,0,0,0,0,0,0,0,0,0,0,0,0,0,0,0,0,0,0,0,0,0,0,0,0,0,0,0,0,0,0,0,0,0,0,0,0,0,0,0,0,0,0,0,0,0,0,0,0,0,0,0,0,0,0,0
357736,0,0,0,0,0,0,0,0,0,0,0,0,16,509,0,61,18,1,158,340,173,0,0,0,0,0,0,0,0,0,0,0,0,0,0,0,672,942,0,470,0,0,0,0,0,482,0,174,0,85,4,0,3,0,0,0,0,0,0,7,0,0,0,0,0,0,0,0,0,76,205,5,0,15,2,0,0,0,0,0,0,0,0,23,0,0,0,0,0,0,0,0,0,0,0,0,0,0,0,0,0,0,0,0,0,0,0,0,0,0,0,0,81,0,9,3,0,62,103,47,0,0,0,0,0,0,0,0,0,0,0,0,0,0,0,101,178,0,164,0,0,0,0,0,147,0,11,0,31,0,0,0,0,0,0,0,0,0,0,0,0,0,0,0,0,1,0,0,22,40,1,1,3,0,0,0,0,0,0,0,0,1,2,0,0,0,0,0,0,0,0,0,0,0,0,0,0,0
355710,0,0,0,1,0,0,0,0,0,26,0,0,12,453,0,104,112,10,50,395,1304,0,0,267,0,0,0,0,0,0,36,0,0,0,0,0,79,209,0,112,0,30,1,0,0,110,0,67,0,26,20,0,44,0,0,0,0,0,0,0,3,0,0,0,0,0,0,21,84,59,171,0,0,14,3,0,0,0,1,0,0,42,11,18,0,0,0,0,0,0,0,0,0,0,0,0,0,0,0,0,0,0,0,0,0,0,0,0,6,0,0,0,85,0,22,20,0,17,111,20,0,0,0,0,0,1,0,0,0,14,0,0,0,0,0,17,66,0,41,0,1,0,0,0,23,0,12,0,9,1,0,26,0,0,0,0,0,0,3,2,0,0,0,0,0,0,11,12,18,77,0,0,1,2,0,1,0,0,0,0,12,1,2,0,0,0,0,0,0,0,0,0,0,0,0,0,0,0
358892,0,0,0,0,0,0,0,0,19,19,1,0,66,513,0,5,55,2,64,40,15,0,6,0,0,0,0,0,0,0,779,0,0,0,5,0,227,251,0,49,0,311,0,0,0,53,160,20,0,5,1,0,26,0,0,0,0,0,0,0,0,0,0,63,0,0,4,0,531,26,69,0,4,6,0,0,0,0,0,0,0,15,1,14,0,0,0,0,0,0,0,0,0,0,0,0,0,0,0,0,0,0,0,0,0,0,0,0,1,1,0,15,73,0,0,11,0,3,1,0,0,0,0,0,0,0,0,0,0,28,0,0,0,0,0,0,5,0,16,0,1,0,0,0,16,1,2,0,0,0,0,6,0,0,0,0,0,0,0,0,0,0,15,0,0,0,0,8,8,4,0,0,1,0,0,0,0,0,0,0,0,0,0,0,0,0,0,0,0,0,0,0,0,0,0,0,0,0
352079,0,0,0,2,0,0,0,0,0,22,0,0,24,441,0,1074,82,1,83,267,895,0,0,0,0,0,0,0,0,0,36,0,0,0,0,0,2,23,0,53,0,1,0,0,1,101,0,93,0,21,28,0,42,0,0,0,0,0,0,0,0,0,0,0,0,46,5,1,34,23,77,0,0,14,11,0,0,0,1,0,0,17,0,36,0,0,0,0,0,0,0,0,0,0,0,0,0,0,0,0,0,0,4,0,0,0,0,0,3,0,0,13,269,0,69,159,0,90,8,81,0,0,0,0,0,0,0,0,0,33,0,0,0,0,0,2,152,6,67,0,1,0,0,0,2,0,7,0,9,1,0,17,0,0,0,0,0,0,0,0,0,0,0,0,0,2,0,24,8,24,0,0,3,4,0,0,0,1,0,0,4,0,3,0,0,0,0,0,0,0,0,0,0,0,0,0,0,0
353070,0,0,0,0,0,0,0,0,0,15,4,0,13,1410,0,184,16,125,57,10,213,0,0,3,0,0,0,0,0,0,370,0,0,0,0,0,52,100,0,34,0,360,0,0,0,31,214,67,0,7,17,0,0,0,0,0,0,0,0,0,0,0,0,77,0,0,0,0,482,12,58,0,0,8,0,0,0,0,0,0,0,12,0,13,0,0,0,0,0,0,0,0,0,0,0,0,0,0,0,0,0,0,0,0,0,0,0,0,1,2,0,10,251,0,20,2,0,47,6,11,0,0,0,0,0,0,0,0,0,29,0,0,0,0,0,11,14,0,40,0,5,0,0,0,31,41,26,2,9,3,0,0,0,0,0,0,0,1,0,0,0,0,51,0,0,0,0,26,6,9,1,0,2,0,0,0,0,0,0,1,0,0,1,0,0,0,0,0,0,0,0,0,0,0,0,0,0,0
355417,0,0,0,0,0,0,0,0,0,52,3,0,5,354,0,79,31,0,134,143,450,0,1,2,0,0,0,0,0,0,9,0,0,0,0,0,860,819,0,278,0,14,0,0,0,52,0,25,0,30,5,0,3,0,0,0,0,0,0,1,1,0,0,16,0,0,1,0,49,115,189,0,0,2,3,0,0,0,0,0,0,4,0,18,0,0,0,0,0,0,0,0,0,0,0,0,0,1,0,0,0,0,0,0,0,0,0,0,17,4,0,6,106,0,23,22,0,80,77,5,0,4,0,0,0,0,0,0,0,0,0,0,0,0,0,104,162,0,295,0,0,0,0,0,28,0,9,0,28,5,0,3,0,0,0,0,0,0,2,0,0,0,8,0,0,1,0,0,100,180,0,0,0,4,0,0,0,0,0,0,1,1,2,0,0,0,0,0,0,0,0,0,0,0,0,0,0,0
358623,0,0,0,0,0,0,0,0,47,11,5,0,203,1019,0,64,119,1,125,63,6,0,7,0,0,0,0,0,0,0,1329,0,0,0,33,0,129,122,0,50,0,322,0,0,0,85,192,70,0,8,8,0,31,0,0,0,0,0,2,3,0,0,0,30,0,0,0,0,444,33,50,1,7,13,0,0,1,0,0,0,0,8,2,52,0,0,0,0,0,0,0,0,0,0,0,0,0,0,0,0,0,0,0,0,0,0,0,0,2,1,0,70,184,0,17,32,0,70,33,17,0,2,0,0,0,0,0,0,0,14,0,0,0,0,0,2,22,0,42,0,2,0,0,0,45,27,12,0,9,5,0,1,0,0,0,0,0,0,0,1,0,0,6,0,0,0,0,10,16,30,0,2,5,0,0,0,0,0,0,0,0,1,6,0,0,0,0,0,0,0,0,0,0,0,0,0,1,0
354125,0,0,0,0,0,0,0,0,0,11,0,0,4,145,0,417,72,7,91,398,157,0,0,0,0,0,0,0,0,0,1,0,0,0,0,0,917,1174,0,113,0,4,0,0,0,68,0,16,0,8,0,0,0,0,0,0,0,0,0,0,0,0,0,0,0,0,0,0,10,87,185,0,0,7,0,0,0,0,0,0,0,0,0,0,0,0,0,0,0,0,0,0,0,0,0,0,0,0,0,0,0,0,0,0,0,0,0,0,2,0,0,3,10,0,15,4,0,7,20,7,0,0,0,0,0,0,0,0,0,0,0,0,0,0,0,129,196,0,76,0,1,0,0,0,14,0,0,0,2,0,0,0,0,0,0,0,0,0,0,0,0,0,0,0,0,0,0,0,27,50,0,0,5,0,0,0,0,0,0,0,0,0,0,0,0,0,0,0,0,0,0,0,0,0,0,0,0,0
355639,0,0,0,0,0,0,0,1,1,3,0,0,4,662,0,126,70,3,146,604,8,0,0,6,0,0,0,0,0,0,2,0,0,0,0,0,30,76,0,371,0,0,1,0,0,308,0,20,0,19,13,0,4,0,0,0,0,0,0,2,30,0,0,26,0,0,5,0,0,19,52,0,0,19,0,0,0,0,0,0,0,84,0,32,0,0,0,0,0,0,0,0,0,0,0,0,0,5,0,0,0,0,0,0,0,0,0,0,0,0,0,0,20,0,1,5,0,6,15,0,0,0,0,0,0,0,0,0,0,0,0,0,0,0,0,1,2,0,30,0,0,0,0,0,10,0,0,0,0,1,0,1,0,0,0,0,0,0,0,0,0,0,1,0,0,0,0,0,2,0,0,0,1,1,0,0,0,0,0,0,0,0,0,0,0,0,0,0,0,0,0,0,0,0,0,0,0,0
354043,0,0,0,0,0,0,0,0,0,10,0,0,2,234,0,164,2,12,42,55,787,0,0,0,0,0,0,0,0,0,2,0,0,0,0,0,1181,980,0,58,0,0,0,0,0,4,0,4,0,4,0,0,0,0,0,0,0,0,0,0,0,0,0,3,0,0,0,0,7,48,80,0,0,0,0,0,0,0,0,0,0,0,0,0,0,0,0,0,0,0,0,0,0,0,0,0,0,0,0,0,0,0,0,0,0,0,0,0,0,0,0,0,5,0,21,1,0,3,28,0,0,0,0,0,0,0,0,0,0,1,0,0,0,0,0,133,154,0,11,0,0,0,0,0,1,0,0,0,0,0,0,0,0,0,0,0,0,0,0,0,0,0,0,0,0,0,0,0,16,17,0,0,0,0,0,0,0,0,0,0,0,0,0,0,0,0,0,0,0,0,0,0,0,0,0,0,0,0
358936,0,0,0,0,0,0,0,0,0,37,0,0,9,252,0,50,2,0,73,116,0,0,0,0,0,0,0,0,0,0,239,0,0,0,0,0,717,804,18,18,0,67,0,0,0,116,0,55,0,13,43,0,7,0,0,0,0,0,0,0,1,0,0,0,0,0,0,11,201,35,66,0,0,6,0,0,26,0,0,0,0,9,13,8,0,0,0,0,0,0,0,0,0,0,0,0,0,0,0,0,0,0,0,0,0,0,0,0,4,0,0,1,28,0,5,2,0,12,16,0,0,0,0,0,0,0,0,0,0,30,0,0,0,0,0,174,313,6,10,0,2,0,0,0,9,0,9,0,0,2,0,5,0,0,0,0,0,0,0,0,0,0,0,0,0,0,3,7,10,32,0,1,1,0,0,8,0,0,0,0,0,2,0,0,0,0,0,0,0,0,0,0,0,0,0,0,0,0
341980,0,0,0,0,0,0,0,0,0,7,0,0,42,262,0,803,43,0,31,947,0,0,2,0,0,0,0,0,0,0,294,0,0,0,0,0,3,26,0,125,0,12,0,0,0,52,35,10,0,4,12,0,9,0,0,0,0,0,0,0,0,0,0,0,0,0,1,0,34,12,27,0,0,19,0,0,0,0,0,0,0,17,0,14,0,0,0,0,0,0,0,0,0,0,0,0,0,0,0,0,0,0,0,0,0,0,0,0,0,1,0,1,50,0,105,5,0,3,20,9,0,0,0,0,0,0,0,0,0,21,0,0,0,0,0,1,8,0,37,0,0,0,0,0,14,14,4,0,0,3,0,5,0,0,0,0,0,0,0,0,0,0,0,0,4,0,0,7,2,5,0,0,6,0,0,0,0,0,0,0,2,0,0,0,0,0,0,0,0,0,0,0,0,0,0,0,0,0
356181,0,0,0,0,0,0,0,2,6,32,1,0,131,1325,0,371,48,34,124,22,17,0,3,0,0,0,0,0,0,0,471,0,0,0,23,0,0,11,0,62,0,9,0,0,0,99,123,12,0,10,80,0,5,0,0,0,0,0,0,2,1,0,0,17,0,1,0,0,236,20,23,0,1,38,1,0,15,0,0,0,0,24,57,85,0,0,0,0,0,0,0,0,0,0,0,0,0,0,0,0,0,0,0,0,0,0,0,0,1,0,0,10,115,0,12,9,0,16,0,1,0,0,0,0,0,0,0,0,0,52,0,0,0,0,0,0,4,0,21,0,4,0,0,0,16,14,1,0,0,2,0,0,0,0,0,0,0,0,0,0,0,0,1,0,0,0,0,12,1,1,0,0,1,0,0,1,0,0,0,0,0,5,5,0,0,0,0,0,0,0,0,0,0,0,0,0,0,0
358863,0,0,0,0,0,0,0,0,0,33,0,0,18,384,0,187,86,0,22,654,0,0,4,0,0,0,0,0,0,0,302,0,0,0,6,0,276,178,0,41,0,139,0,0,0,86,0,3,0,21,25,0,4,0,0,0,0,0,0,0,0,0,0,0,0,0,1,0,306,13,35,0,0,3,3,0,0,0,0,0,0,0,0,3,0,0,0,0,0,0,0,0,0,0,0,0,0,0,0,0,0,0,0,0,0,0,0,0,2,0,0,0,18,0,14,5,0,2,47,0,0,0,0,0,0,0,0,0,0,14,0,0,0,9,0,137,227,0,52,0,1,0,0,0,1,0,3,0,10,0,0,0,0,0,0,0,0,0,0,0,0,0,0,0,0,0,0,2,9,17,0,0,1,0,0,0,0,0,0,0,0,0,1,0,0,0,0,0,0,0,0,0,0,0,0,0,0,0
356959,0,0,0,0,0,0,0,0,0,3,0,0,14,183,0,26,24,0,71,144,0,0,0,13,0,0,0,0,0,0,0,0,0,0,0,0,84,216,0,817,0,0,0,0,0,400,0,77,0,70,26,0,11,0,0,0,0,0,0,3,3,0,0,0,0,0,19,0,0,43,89,7,14,11,0,0,0,0,0,0,0,15,3,7,0,0,0,0,0,0,0,0,0,0,0,0,0,2,0,0,0,0,0,0,0,0,0,0,0,0,0,4,17,0,0,0,0,15,18,0,0,0,0,0,0,0,0,0,0,0,0,0,0,0,0,9,40,0,66,0,0,0,0,0,57,0,0,0,6,2,0,1,0,0,0,0,0,0,0,0,0,0,0,0,0,1,0,0,2,4,0,0,2,0,0,0,0,0,0,0,2,2,0,0,0,0,0,0,0,0,0,0,0,0,0,0,0,0
357700,0,0,0,0,0,0,0,2,55,1,6,0,118,776,0,98,45,0,105,54,0,0,6,0,0,0,0,0,0,0,1301,0,0,0,18,0,16,27,0,61,0,15,0,0,0,133,61,42,0,26,19,0,20,0,0,0,0,0,0,0,0,0,0,15,0,0,0,0,60,31,73,9,13,22,1,0,0,0,1,0,0,13,10,7,0,0,0,0,0,0,0,0,0,0,0,0,0,0,0,0,0,0,0,0,0,0,2,5,1,3,0,33,116,0,18,10,1,46,3,0,0,11,0,0,0,0,0,0,0,79,0,0,0,0,0,0,8,0,36,0,0,0,0,0,56,17,4,0,6,2,0,6,0,0,0,0,0,0,0,0,0,0,4,0,0,0,0,3,13,13,2,0,4,0,0,0,0,0,0,0,0,1,4,0,0,0,0,0,0,0,0,0,0,0,0,0,0,0
357701,0,0,0,0,0,0,0,0,0,25,1,0,2,286,0,56,28,3,100,157,22,0,0,1,0,0,0,0,0,0,5,0,0,0,0,0,922,1160,0,131,0,5,0,0,0,29,0,52,0,16,0,0,0,0,0,0,0,0,0,0,0,0,0,2,0,0,0,0,24,59,103,0,0,4,0,0,0,0,0,0,0,0,0,11,0,0,0,0,0,0,0,0,0,0,0,0,0,0,0,0,0,0,0,0,0,0,0,0,5,0,0,2,82,0,22,10,0,75,72,0,0,0,0,0,0,0,0,0,0,0,0,0,0,0,0,129,210,0,183,0,3,0,0,0,23,0,1,0,15,0,0,0,0,0,0,0,0,0,0,0,0,0,1,0,0,0,0,0,60,120,0,0,2,2,0,0,0,0,0,0,0,0,2,0,0,0,0,0,0,0,0,0,0,0,0,0,0,0
352950,0,0,0,0,0,0,0,10,98,2,10,0,47,1814,0,155,31,5,42,101,11,0,0,0,0,0,0,0,0,0,967,0,0,0,18,0,0,8,2,8,0,11,0,1,1,126,116,13,0,2,0,0,2,0,0,0,0,0,0,0,1,0,0,80,0,0,0,0,174,14,7,0,0,6,0,0,0,0,0,0,0,3,1,10,0,0,0,0,0,0,0,0,0,0,0,0,0,1,0,0,0,0,0,0,0,0,0,2,2,0,0,7,131,0,4,4,0,27,12,0,0,0,0,0,0,0,0,0,0,77,0,0,0,0,0,0,12,0,4,0,0,0,0,0,19,43,1,0,2,1,0,0,0,0,0,0,0,0,0,1,0,0,7,0,0,0,0,23,1,1,0,0,2,0,0,0,0,0,0,0,1,0,4,0,0,0,0,0,0,0,0,0,0,0,0,0,0,0
355073,0,0,0,0,0,0,0,0,0,76,2,0,39,558,0,366,78,34,101,164,563,0,76,0,0,0,0,0,0,0,40,0,0,0,0,0,10,94,0,51,0,19,0,0,0,25,651,96,0,8,42,0,78,0,0,0,0,0,0,8,1,0,0,3,0,0,0,0,239,8,59,0,1,4,0,0,0,0,0,0,0,22,36,365,0,0,0,0,0,0,0,0,0,0,0,0,0,1,0,0,0,0,0,0,0,0,0,0,1,0,0,37,104,0,81,18,0,7,10,61,0,8,0,0,0,0,0,0,0,0,0,0,0,0,0,1,28,0,15,0,0,0,0,0,4,33,9,0,0,1,0,5,0,0,0,0,0,0,0,0,0,0,0,0,0,0,0,2,1,2,0,0,1,0,0,0,0,0,0,0,2,11,27,0,0,0,0,0,0,0,0,0,0,0,0,0,0,0
358228,0,0,0,0,0,0,0,0,0,1,0,0,40,202,0,35,13,0,102,91,0,0,0,16,0,0,0,0,0,0,0,0,0,0,0,0,65,338,0,648,0,0,0,0,0,661,0,100,0,62,25,0,12,0,0,0,0,0,0,0,2,0,0,0,0,0,6,0,0,35,55,6,4,6,0,0,1,0,0,0,0,12,0,3,0,0,0,0,0,0,0,0,0,0,0,0,0,0,0,0,0,0,0,0,0,0,0,0,0,0,0,15,12,0,3,2,0,45,22,0,0,0,0,0,0,0,0,0,0,0,0,0,0,0,0,9,80,0,98,0,0,0,0,0,135,0,7,0,8,2,0,5,0,0,0,0,0,0,0,0,0,0,0,0,0,1,0,0,4,6,1,1,0,0,0,0,0,0,0,0,1,0,1,0,0,0,0,0,0,0,0,0,0,0,0,0,0,0
357783,0,0,0,0,0,0,0,0,8,16,7,0,52,537,0,20,88,27,65,49,0,0,1,0,0,0,0,0,0,0,550,0,0,0,115,0,294,321,0,147,0,508,0,0,0,65,388,98,0,12,3,0,51,0,0,0,0,0,1,2,0,3,0,29,0,0,0,0,1194,31,74,0,0,12,2,0,0,0,0,0,0,16,34,245,0,0,0,0,0,0,0,0,0,0,0,0,0,0,0,0,0,0,0,0,0,0,0,0,10,0,0,4,68,0,22,99,0,39,13,226,0,0,0,0,0,0,0,0,0,17,0,0,0,0,0,54,303,0,92,0,3,0,0,0,22,108,7,0,9,0,0,24,0,0,0,0,0,1,0,0,3,0,4,0,0,0,0,37,9,30,0,0,7,3,0,0,0,0,0,0,0,15,49,0,0,0,0,0,0,0,0,0,0,0,0,0,0,0
353069,0,0,0,0,0,0,0,0,0,29,0,0,2,284,0,32,11,69,81,60,257,0,0,14,0,0,0,0,0,0,0,0,0,0,0,0,1206,995,0,107,0,5,0,0,0,79,0,15,0,30,0,0,3,0,0,0,0,0,0,0,0,0,0,9,0,0,0,0,6,88,148,0,0,50,2,0,0,0,0,0,0,0,0,0,0,0,0,0,0,0,0,0,0,0,0,0,0,0,0,0,0,0,0,0,0,0,0,0,0,0,0,1,6,0,1,2,0,8,7,36,0,0,3,0,0,0,0,0,0,0,0,0,0,0,0,136,372,18,17,0,0,0,0,0,9,0,3,0,2,0,0,0,0,0,0,0,0,0,0,0,0,0,2,0,0,0,0,0,25,41,0,0,8,0,0,0,0,0,0,0,0,0,0,0,0,0,0,0,0,0,0,0,0,0,0,0,0,0
355642,0,0,0,0,0,0,0,0,0,2,0,0,12,331,0,3,86,1,56,18,0,0,2,1,0,0,0,0,0,0,44,0,0,0,0,0,245,284,0,0,0,753,0,0,0,0,383,11,0,0,0,0,26,0,0,0,0,0,0,0,0,0,0,7,0,0,0,0,1507,3,45,0,0,8,0,0,0,0,0,0,0,0,0,28,0,0,0,0,0,0,0,0,0,0,0,0,0,0,0,0,0,0,0,0,0,0,0,0,0,0,0,2,25,0,7,5,0,5,15,18,0,0,0,0,0,0,0,0,0,27,0,0,0,0,0,161,258,0,0,0,15,0,0,0,0,49,1,0,0,0,0,0,0,0,0,0,0,0,0,0,0,0,0,0,0,0,0,47,3,37,0,0,4,0,0,0,0,0,0,0,0,0,5,0,0,0,0,0,0,0,0,0,0,0,0,0,0,0
350407,0,0,0,0,0,0,0,73,0,71,0,0,19,1144,0,69,82,1,128,228,144,0,2,9,0,0,0,0,0,0,30,0,0,0,0,0,4,64,0,76,0,2,0,0,0,209,0,182,32,3,65,0,85,0,0,0,0,0,0,30,29,0,0,0,0,48,0,2,100,22,86,4,1,15,1,0,0,0,0,0,0,51,1,375,0,0,0,0,0,0,0,0,0,0,0,0,0,1,0,0,0,0,0,0,0,0,10,0,7,0,0,5,180,0,3,8,0,40,49,2,0,0,0,0,0,0,0,0,0,1,0,0,0,0,0,0,22,0,24,0,0,0,0,0,36,0,29,5,1,9,0,23,0,0,0,0,0,0,0,15,0,0,0,0,0,0,0,11,1,8,1,1,3,0,0,0,0,0,0,0,10,0,40,0,0,0,0,0,0,0,0,0,0,0,0,0,1,0
355438,0,0,0,0,0,0,0,0,29,47,1,0,67,702,0,20,48,43,55,52,0,0,5,0,0,0,0,0,0,0,353,0,0,0,1,0,115,149,0,28,0,379,0,0,0,174,174,8,0,0,21,0,7,0,0,0,0,0,0,0,7,0,0,4,0,0,0,0,1233,18,64,0,0,7,2,0,22,0,0,0,0,34,22,29,0,0,0,0,63,0,0,0,0,0,0,0,0,0,0,0,0,0,0,0,0,0,0,0,10,0,0,7,125,0,1,11,0,19,1,5,0,2,0,0,0,0,0,0,0,46,0,0,0,0,0,26,206,0,13,0,12,0,0,0,7,37,1,0,0,0,0,5,0,0,0,0,0,0,0,0,0,0,2,0,0,0,0,86,9,13,0,0,1,0,0,1,0,0,0,0,2,11,18,0,0,0,0,0,0,0,0,0,0,0,0,0,0,0
357113,0,0,0,0,0,0,0,0,0,5,2,0,0,239,0,1051,45,5,77,354,46,0,1,2,0,0,0,0,0,0,67,0,0,0,0,0,94,152,0,37,0,17,0,0,0,176,0,13,0,20,43,0,14,0,0,0,0,0,0,0,0,0,0,0,0,0,0,0,149,46,80,0,0,4,0,0,0,0,0,0,0,37,0,23,0,0,0,0,0,0,0,0,0,0,0,0,0,0,0,0,0,0,0,0,0,0,0,0,8,0,0,0,47,0,64,59,0,11,3,10,0,0,0,0,0,0,0,0,0,1,2,0,0,0,0,9,66,0,27,0,0,0,0,0,21,0,0,0,6,3,0,5,0,0,0,0,0,0,0,0,0,0,0,0,0,0,0,1,17,24,0,0,2,2,0,0,0,0,0,0,4,0,2,0,0,0,0,0,0,0,0,0,0,0,0,0,0,0
350401,0,0,0,0,0,0,0,3,0,28,1,0,122,1454,0,262,36,3,120,10,10,0,6,0,0,0,0,0,0,0,460,0,0,0,1,0,1,4,0,26,0,14,0,0,0,110,198,25,0,14,64,0,9,0,0,0,0,0,0,3,0,0,0,18,0,0,0,0,320,6,18,0,0,6,0,0,4,0,0,0,0,22,35,68,0,0,0,0,0,0,0,0,0,0,0,0,0,0,0,0,0,0,0,0,0,0,0,0,5,0,0,17,128,0,8,6,0,17,4,4,0,0,0,0,0,0,0,0,0,63,0,0,0,0,0,0,5,0,25,0,0,0,0,0,19,18,6,0,0,4,0,1,0,0,0,0,0,0,0,0,0,0,3,0,0,0,0,26,0,2,0,0,1,0,0,0,0,0,0,0,3,4,5,0,0,0,0,0,0,0,0,0,0,0,0,0,0,0
355530,0,0,0,0,0,0,0,0,0,15,0,0,1,396,0,438,11,0,85,431,74,0,0,3,0,0,0,0,0,0,186,0,0,0,0,0,355,625,109,18,0,50,0,0,0,157,0,140,0,0,62,0,27,0,0,0,0,0,0,0,0,0,0,0,0,0,0,18,224,18,62,0,0,9,0,0,37,0,0,0,0,1,0,26,0,0,0,0,0,0,0,0,0,0,0,0,0,0,0,0,0,0,0,0,0,0,0,0,0,0,0,0,39,0,16,0,0,7,21,0,0,0,0,0,0,0,0,0,0,0,0,0,0,0,0,1,2,7,8,0,0,0,0,0,4,0,5,0,0,0,0,0,0,0,0,0,0,0,0,0,0,0,0,0,0,0,0,1,0,2,0,0,1,0,0,4,0,0,0,0,0,0,0,0,0,0,0,0,0,0,0,0,0,0,0,0,0,0
356518,0,0,0,0,0,0,0,0,0,27,0,0,10,191,0,402,50,0,29,274,427,0,0,21,0,0,0,0,0,0,18,4,0,0,16,0,588,608,0,161,0,25,0,0,0,109,0,30,0,53,15,0,18,0,0,0,0,0,0,0,0,0,0,0,0,0,0,0,38,103,225,0,0,43,1,0,0,0,0,0,0,12,0,2,0,0,0,0,0,0,0,0,0,0,0,0,0,1,0,0,0,0,0,0,0,0,0,0,1,0,0,0,34,0,16,12,0,6,64,5,0,0,0,0,0,0,0,0,0,0,0,0,0,0,0,25,108,0,50,0,0,0,0,0,14,0,8,0,18,1,0,4,0,0,0,0,0,0,0,0,0,0,0,0,0,0,0,0,66,114,0,0,27,0,0,0,0,0,0,0,0,0,0,0,0,0,0,0,0,0,0,0,0,0,0,0,0,0
355532,0,0,0,0,0,0,0,0,0,1,0,0,27,204,0,41,39,2,50,216,11,0,0,17,0,0,0,0,0,0,87,0,0,2,0,0,176,548,0,49,0,0,0,0,0,152,0,305,0,33,4,0,4,0,0,0,0,0,0,0,0,6,0,0,0,0,0,23,0,23,37,6,6,13,1,0,2,0,0,2,0,6,0,16,0,0,0,0,0,0,0,0,0,0,0,0,0,0,0,0,0,0,0,0,0,0,0,0,0,0,0,1,83,0,20,0,0,19,84,0,0,1,0,0,0,2,0,0,0,19,0,0,0,0,0,8,45,0,22,0,0,0,0,0,16,0,53,0,18,9,0,2,0,0,0,0,0,0,0,0,6,0,0,0,0,3,9,0,10,15,0,1,6,0,0,13,0,0,0,0,0,0,2,0,0,0,0,0,0,0,0,0,0,0,0,0,1,0
356352,0,0,0,0,0,0,0,0,0,15,0,0,8,239,0,1556,14,0,48,306,509,0,0,3,0,0,0,0,0,0,0,0,0,0,0,0,4,7,0,129,0,0,0,0,1,141,0,69,1,18,16,0,27,0,0,0,0,0,0,1,12,0,0,0,0,127,1,2,3,8,63,0,0,13,2,0,0,0,1,0,0,1,0,29,0,0,0,0,0,0,0,0,0,0,0,0,0,1,0,0,0,0,0,0,0,0,0,0,3,0,0,3,83,0,103,51,0,16,49,0,0,0,0,0,0,0,0,0,0,0,0,0,0,0,0,3,14,1,86,0,0,0,0,0,28,0,14,1,12,0,0,5,0,0,0,0,0,0,0,13,0,0,0,0,0,0,1,0,5,14,0,0,6,1,0,0,0,0,0,0,0,0,3,0,0,0,0,0,0,0,0,0,0,0,0,0,0,0
356512,0,0,0,0,0,0,0,0,0,9,0,0,66,924,0,488,133,0,15,165,0,0,5,5,0,2,0,0,0,0,103,0,0,0,0,0,103,81,0,42,0,93,0,0,0,186,0,11,0,13,7,0,5,0,0,0,0,0,0,0,1,0,0,1,0,0,0,0,154,13,36,0,0,2,0,0,0,0,0,0,0,21,0,50,0,0,0,0,0,0,0,0,0,0,0,0,0,0,0,0,0,0,0,0,0,0,0,0,0,0,0,0,500,0,61,3,0,1,62,0,0,0,0,0,0,0,0,0,0,171,0,0,0,0,0,50,88,0,61,0,1,0,0,0,8,0,0,0,32,2,0,8,0,0,0,0,0,0,0,0,0,0,0,0,0,0,0,8,14,32,0,0,2,0,0,0,0,0,0,0,3,0,0,0,0,0,0,0,0,0,0,0,0,0,0,0,0,0
355538,0,0,0,0,0,0,0,0,0,87,2,0,23,602,0,636,62,1,127,701,119,0,0,22,0,0,0,0,0,0,115,0,0,0,0,0,494,779,97,68,0,2,0,0,0,203,0,128,0,66,55,0,25,0,0,0,0,0,0,0,5,0,0,0,0,1,0,5,387,44,111,0,0,2,0,0,16,0,0,0,0,0,4,25,0,0,0,0,0,0,0,0,0,0,0,0,0,0,0,0,0,0,0,0,0,0,0,0,0,0,0,0,4,0,0,0,0,1,2,0,0,0,0,0,0,0,0,0,0,0,0,0,0,0,0,0,0,0,8,0,0,0,0,0,2,0,1,0,0,0,0,0,0,0,0,0,0,0,0,0,0,0,0,0,0,0,0,0,6,2,0,0,0,0,0,2,0,0,0,0,0,0,0,0,0,0,0,0,0,0,0,0,0,0,0,0,0,0
353508,0,0,0,0,0,0,0,1,0,8,1,0,11,1026,0,95,26,10,33,26,1,0,0,0,0,0,0,0,0,0,235,0,0,0,28,0,1,6,0,9,0,350,0,0,0,36,417,7,0,1,1,0,0,0,0,0,0,0,0,0,0,0,0,28,0,0,0,0,1332,18,21,0,0,12,0,0,0,0,0,0,0,21,1,157,0,0,0,0,1,0,0,0,0,0,0,0,0,0,0,0,0,0,0,0,0,0,0,0,4,2,0,64,356,0,82,87,0,110,48,41,0,3,0,0,0,0,0,0,0,72,0,0,0,0,0,14,71,0,60,0,7,0,0,0,55,62,7,0,0,0,0,0,0,0,0,0,0,0,0,0,0,0,215,0,0,0,0,116,5,24,0,0,2,0,0,0,0,0,0,0,2,0,50,0,0,0,0,0,0,0,0,0,0,0,0,0,0,0
355224,0,0,0,0,0,0,0,0,73,14,0,0,36,676,0,10,35,0,60,27,0,0,0,0,0,0,0,0,0,0,271,0,0,0,0,0,379,453,0,12,0,159,0,0,0,93,682,25,0,5,1,0,51,0,0,0,0,0,0,0,2,0,0,17,0,0,0,0,549,13,47,0,0,2,0,0,0,0,0,0,0,4,16,37,0,0,0,0,0,0,0,0,0,0,0,0,0,0,0,0,0,0,0,0,0,0,0,0,2,0,0,9,74,0,8,10,0,15,10,13,0,0,0,0,0,0,0,0,0,44,0,0,0,0,0,127,279,0,11,0,6,0,0,0,12,67,2,0,1,1,0,3,0,0,0,0,0,0,0,0,0,0,2,0,0,0,0,27,12,28,0,0,4,0,0,0,0,0,0,0,0,3,1,0,0,0,0,0,0,0,0,0,0,0,0,0,0,0
358944,0,0,0,0,0,0,0,0,10,36,0,0,23,619,0,30,44,0,60,27,2,0,0,0,0,0,0,0,0,0,689,0,0,0,5,0,261,197,0,59,0,403,0,0,0,29,205,11,0,1,0,0,18,0,0,0,0,0,0,0,0,0,0,23,0,0,0,0,551,30,78,0,1,9,0,0,0,0,0,0,0,4,0,5,0,0,0,0,0,0,0,0,0,0,0,0,0,0,0,0,0,0,0,0,0,0,0,0,3,0,0,3,53,0,1,5,0,12,4,0,0,0,0,0,0,0,0,0,0,89,0,0,0,0,0,26,47,0,28,0,22,0,0,0,17,29,5,0,0,0,0,9,0,0,0,0,0,0,0,0,0,0,17,0,0,0,0,39,10,23,0,0,3,0,0,0,0,0,0,0,0,0,0,0,0,0,0,0,0,0,0,0,0,0,0,0,0,0
355220,0,0,0,0,0,0,0,0,0,79,1,0,20,758,0,164,163,18,198,270,34,0,0,10,0,0,0,0,0,0,2,0,0,0,0,0,49,644,1,304,0,0,0,0,0,36,0,161,1,92,21,0,16,0,0,0,0,0,0,0,29,0,0,0,0,0,0,0,57,13,39,0,0,4,0,0,0,0,0,0,0,4,0,96,0,0,0,0,0,0,0,0,0,0,0,0,0,0,0,0,0,0,0,0,0,0,0,0,8,0,0,1,180,0,69,65,0,221,200,30,0,0,0,0,0,0,0,0,0,0,0,0,0,0,0,12,138,0,328,0,0,0,0,0,9,0,20,0,23,0,0,0,0,0,0,0,0,0,0,0,0,0,1,0,0,1,0,0,9,23,0,0,3,0,0,1,0,0,0,0,2,0,9,0,0,0,0,0,0,0,0,0,0,0,0,0,1,0
330198,0,0,0,0,0,0,0,0,0,61,0,0,6,372,0,94,104,4,62,287,1624,0,0,33,0,0,0,0,0,0,12,0,0,0,0,0,148,434,4,34,0,4,0,0,0,12,0,131,0,12,33,0,22,0,0,0,0,0,0,0,0,0,0,0,0,0,0,27,62,18,93,0,0,15,0,0,0,0,0,0,0,3,0,40,0,0,0,0,0,0,0,0,0,0,0,0,0,0,0,0,0,0,0,0,0,0,0,0,9,0,0,6,176,0,75,98,0,31,119,58,0,0,0,0,0,0,0,0,0,7,0,0,0,0,0,42,255,0,32,0,0,0,0,0,10,0,9,0,4,2,0,2,0,0,0,0,0,0,0,0,0,0,0,0,0,0,3,1,5,26,0,0,6,0,0,0,0,0,0,0,1,0,1,0,0,0,0,0,0,0,0,0,0,0,0,0,0,0
357088,0,0,0,0,0,0,0,0,0,4,0,0,7,213,0,109,8,3,37,394,1,0,0,4,0,0,0,0,0,0,140,0,0,0,0,0,891,766,1,36,0,22,0,0,0,32,0,58,0,12,43,0,23,0,0,0,0,0,0,0,0,0,0,0,0,0,0,9,73,46,125,0,0,1,0,0,1,0,0,0,0,0,0,0,0,0,0,0,0,0,0,0,0,0,0,0,0,0,0,0,0,0,0,0,0,0,0,0,3,0,0,3,249,0,70,8,0,24,233,0,0,0,0,0,0,0,0,0,0,37,0,0,0,0,0,228,338,1,52,0,0,0,0,0,9,0,55,0,5,3,0,3,0,0,0,0,0,0,0,0,0,0,0,0,0,1,5,0,27,115,0,0,0,0,0,1,0,0,0,0,0,0,0,0,0,0,0,0,0,0,0,0,0,0,0,0,0,0
356261,0,0,0,0,0,0,0,2,0,183,0,0,36,321,0,127,17,358,129,141,983,0,0,2,0,0,0,0,0,0,9,0,0,0,0,0,245,333,0,369,0,0,0,0,0,61,7,21,8,48,2,0,21,0,0,0,0,0,0,0,4,0,0,1,0,0,0,0,15,58,63,2,4,17,1,0,0,0,0,0,0,73,0,113,0,0,0,0,0,0,0,0,0,0,0,0,0,0,0,0,0,0,0,0,0,0,0,0,12,0,0,6,32,0,15,2,0,18,12,6,0,0,0,0,0,0,0,0,0,2,0,0,0,0,0,9,36,0,202,0,0,0,0,0,3,0,2,0,14,1,0,0,0,0,0,0,0,0,0,1,0,0,0,0,0,0,0,0,21,24,2,0,10,2,0,0,0,0,0,0,6,0,12,0,0,0,0,0,0,0,0,0,0,0,0,0,0,0
356262,0,0,0,0,0,0,0,0,0,18,0,0,6,316,0,147,42,12,100,313,106,0,0,1,0,0,0,0,0,0,0,0,0,0,0,0,165,524,0,565,0,0,0,0,0,236,0,48,0,112,36,0,20,0,0,0,0,0,13,11,5,0,0,1,0,1,6,0,0,292,393,33,11,104,10,0,0,0,0,0,0,219,0,35,0,0,0,0,0,0,0,0,0,0,0,0,0,0,0,0,0,0,0,0,0,0,0,0,0,0,0,0,37,0,48,5,3,9,69,116,0,0,0,0,0,0,0,0,0,0,0,0,0,0,0,14,111,0,199,0,0,0,0,0,19,0,0,0,21,4,0,5,0,0,0,0,0,4,0,0,0,0,0,0,2,3,0,0,104,121,0,1,48,3,0,0,0,0,0,0,18,0,9,0,0,0,0,0,0,0,0,0,0,0,0,0,0,0
352946,0,0,0,0,0,0,0,0,0,0,7,0,6,166,0,14,8,0,249,138,11,0,0,0,0,0,0,0,0,0,0,0,0,0,0,0,8,19,0,530,0,0,0,0,1,809,0,273,0,125,9,0,1,0,0,0,0,0,0,73,4,0,0,0,0,0,11,0,0,19,36,0,5,8,0,0,0,0,0,1,0,0,0,33,0,0,0,0,0,0,0,0,0,0,0,0,0,0,0,0,0,0,0,0,0,0,0,0,0,0,0,0,1,0,0,0,0,1,2,0,0,0,0,0,0,0,0,0,0,0,0,0,0,0,0,0,0,0,5,0,0,0,0,0,3,0,0,0,1,0,0,0,0,0,0,0,0,0,9,0,0,0,0,0,0,0,0,0,0,0,0,0,0,0,0,0,0,0,0,0,0,0,0,0,0,0,0,0,0,0,0,0,0,0,0,0,0,0
355588,0,0,0,0,0,0,0,3,0,9,1,0,36,675,0,20,13,0,46,20,1,0,1,0,0,0,0,0,0,0,93,0,0,0,3,0,0,6,0,9,0,6,0,0,0,173,154,11,0,10,18,0,0,0,0,0,0,0,0,1,0,0,0,11,0,0,0,0,83,2,0,0,0,4,0,0,6,0,0,0,0,7,3,144,0,0,0,0,0,0,0,0,0,0,0,0,0,1,0,0,0,0,0,0,0,0,0,0,1,0,0,19,164,0,1,7,0,16,3,0,0,0,0,0,0,0,0,0,0,20,0,0,0,0,0,0,1,0,2,0,0,0,0,0,25,12,5,0,0,0,0,0,0,0,0,0,0,0,0,0,0,0,6,0,0,0,0,12,0,1,0,0,1,0,0,0,0,0,0,0,1,1,23,0,0,0,0,0,0,0,0,0,0,0,0,0,0,0
345275,0,0,0,0,0,0,0,70,0,33,5,0,52,1712,0,1,10,0,80,3,6,0,0,1,0,0,0,0,0,0,35,0,0,0,0,0,0,33,0,56,0,0,0,0,0,514,389,26,0,32,17,0,0,0,0,0,0,0,0,0,2,0,0,14,0,0,2,0,281,1,0,0,3,17,0,0,0,0,0,0,0,36,0,293,0,0,0,0,0,0,0,0,0,0,0,0,0,0,0,0,0,0,0,0,0,0,32,0,9,2,0,93,512,0,18,42,0,37,122,2,0,0,18,0,0,0,0,0,0,17,0,0,0,0,0,0,24,0,71,0,1,0,0,0,181,72,25,0,32,6,0,0,0,0,0,0,0,0,0,0,0,0,4,0,0,0,0,55,4,0,0,0,4,0,0,0,0,0,0,0,15,14,72,0,0,0,0,0,0,0,0,0,0,0,0,0,2,0
351239,0,0,0,0,0,0,0,0,1,1,0,0,9,358,0,29,34,3,220,253,0,0,0,7,0,0,0,0,0,0,0,0,0,0,0,0,17,61,0,516,0,0,0,0,0,566,0,161,0,42,25,0,12,0,0,0,0,0,0,5,12,0,0,0,0,0,6,0,0,18,62,0,12,6,5,0,16,0,0,1,0,17,0,13,0,0,0,0,0,0,0,0,0,0,0,0,0,0,0,0,0,0,0,0,0,0,0,1,0,0,0,2,17,0,0,0,0,28,23,9,0,0,0,0,0,0,0,0,0,0,0,0,0,0,0,5,35,0,157,0,0,0,0,0,65,0,15,0,11,3,0,2,0,0,0,0,0,0,0,0,0,0,0,0,0,1,0,0,2,10,0,0,0,2,0,0,0,0,0,0,1,0,2,0,0,0,0,0,0,0,0,0,0,0,0,0,0,0
343918,0,0,0,0,0,0,0,0,0,0,1,0,0,299,0,44,37,1,198,561,1341,0,0,0,0,0,0,0,0,0,0,0,0,0,0,0,0,19,0,213,0,0,0,0,0,164,0,20,0,28,11,0,18,0,0,0,0,0,0,66,4,0,0,0,0,0,5,0,0,17,34,0,0,4,0,0,0,0,0,0,0,0,0,264,0,0,0,0,0,0,0,0,0,0,0,0,0,0,0,0,0,0,0,0,0,0,0,0,0,0,0,0,24,0,24,18,0,29,66,156,0,0,0,0,0,0,0,0,0,0,0,0,0,0,0,0,4,0,106,0,0,0,0,0,10,0,1,0,13,1,0,4,0,0,0,0,0,0,0,0,0,0,0,0,0,1,0,0,6,4,0,0,1,0,0,0,0,0,0,0,0,0,27,0,0,0,0,0,0,0,0,0,0,0,0,0,0,0
356225,0,0,0,0,0,0,0,0,8,33,22,0,173,1539,0,142,80,2,150,54,248,0,0,0,0,0,0,0,0,0,526,0,0,0,0,0,100,208,0,129,0,26,0,0,0,114,186,31,0,14,1,0,2,0,0,0,0,0,0,0,4,0,0,22,0,0,0,0,190,36,78,0,0,5,1,0,0,0,0,0,0,5,5,16,0,0,0,0,0,0,0,0,0,0,0,0,0,0,0,0,0,0,0,0,0,0,0,2,4,9,0,60,374,0,44,35,0,90,38,5,0,0,0,0,0,0,0,0,0,60,0,0,0,0,0,9,58,0,106,0,2,0,0,0,61,17,16,0,5,0,0,1,0,0,0,0,0,0,0,1,0,0,7,0,0,0,0,18,7,25,0,0,1,2,0,0,0,0,0,0,0,1,0,0,0,0,0,0,0,0,0,0,0,0,0,0,0,0
355428,0,0,0,0,0,0,0,0,0,17,0,0,22,776,0,9,17,0,42,10,0,0,0,0,0,0,0,0,0,0,162,0,0,0,11,0,7,10,0,6,0,140,0,0,0,24,129,1,0,0,0,0,0,0,0,0,0,0,0,0,0,0,0,4,0,0,0,0,127,14,12,1,0,1,0,0,0,0,0,0,0,0,0,0,0,0,0,0,0,0,0,0,0,0,0,0,0,0,0,0,0,0,0,0,0,0,0,0,8,0,0,5,144,0,3,13,0,24,16,0,0,0,1,0,0,0,0,0,0,31,0,0,0,1,0,6,8,0,11,0,6,0,0,0,11,10,1,0,0,0,0,0,0,0,0,0,0,0,0,0,0,0,7,0,0,0,0,2,1,8,0,0,0,0,0,0,0,0,0,0,0,0,0,0,0,0,0,0,0,0,0,0,0,0,0,0,0,0
357792,0,0,0,0,0,0,0,0,5,2,0,0,117,485,0,42,89,5,112,21,201,0,41,0,0,0,0,0,0,0,450,0,0,0,10,0,158,269,0,29,0,484,1,0,0,25,617,48,0,4,12,0,19,0,0,0,0,0,0,0,0,0,0,28,0,0,0,0,1890,13,64,0,0,4,0,0,7,0,0,0,0,21,15,117,0,0,0,0,0,0,0,0,0,0,0,0,0,0,0,0,0,0,0,0,0,0,0,0,2,0,0,37,85,0,2,18,0,20,11,66,0,22,0,0,0,0,0,0,0,29,0,0,0,0,0,39,152,0,19,0,5,0,0,0,13,98,0,0,1,1,0,1,0,0,0,0,0,0,0,0,0,0,1,0,0,0,0,71,8,29,0,0,0,0,0,4,0,0,0,0,4,0,13,0,0,0,0,0,0,0,0,0,0,0,0,0,0,0
354205,0,0,0,0,0,0,0,0,0,2,14,0,25,1204,0,4,71,1,65,2,0,0,0,0,1,0,0,0,0,0,354,0,0,0,77,0,0,1,0,4,0,343,0,0,0,11,233,2,0,6,8,0,0,0,0,0,0,0,0,0,1,0,0,68,0,0,0,0,817,8,41,0,0,9,1,0,6,0,0,0,0,7,2,22,0,0,0,0,165,0,0,0,0,0,0,0,0,0,0,0,0,0,0,0,0,0,0,0,1,0,0,11,128,0,0,28,0,38,6,0,0,0,0,0,0,0,0,0,0,42,0,0,0,0,0,19,124,0,8,0,8,0,0,0,17,68,2,0,1,0,0,0,0,0,0,0,0,0,0,2,0,0,24,0,0,0,0,35,5,27,0,0,2,0,0,8,0,0,0,0,0,12,13,0,0,0,0,0,0,0,0,0,0,0,0,0,0,0
358117,0,0,0,11,0,0,0,0,0,11,0,0,18,552,0,123,27,0,57,258,1,0,0,0,0,0,0,0,0,0,384,0,0,0,0,0,161,155,0,108,0,209,0,0,0,625,0,31,0,27,21,0,12,0,0,0,0,0,0,0,14,0,0,0,0,0,0,0,472,40,74,0,0,2,0,0,0,0,0,0,0,1,0,60,0,0,0,0,0,0,0,0,0,0,0,0,0,0,0,0,0,0,0,0,0,0,0,0,3,0,0,5,112,0,45,2,0,57,73,0,0,0,0,0,0,0,0,0,0,5,0,0,0,0,0,100,250,0,43,0,0,0,0,0,67,0,14,0,9,3,0,2,0,0,0,0,0,0,0,9,0,0,0,0,0,0,0,0,15,34,0,0,2,0,0,0,0,0,0,0,0,0,8,0,0,0,0,0,0,0,0,0,0,0,0,0,0,0
358600,0,0,0,4,0,0,0,0,0,14,1,0,25,624,0,598,179,0,46,395,0,0,1,19,0,0,0,0,0,0,197,0,0,0,0,0,241,198,0,21,0,157,0,0,0,181,0,57,0,44,64,0,0,0,0,0,0,0,0,6,0,0,0,0,0,0,0,0,313,17,48,0,0,3,0,0,0,0,0,0,0,10,0,3,0,0,0,0,0,0,0,0,0,0,0,0,0,0,0,0,0,0,10,0,0,0,0,0,2,0,0,7,254,0,81,167,0,28,34,0,0,0,0,0,0,0,0,0,0,68,0,0,0,0,0,172,207,0,24,0,5,0,0,0,17,0,1,0,25,3,0,0,0,0,0,0,0,0,1,1,0,0,0,0,0,0,0,10,11,46,0,0,0,0,0,0,0,0,0,0,0,0,1,0,0,0,0,0,0,0,0,0,0,0,0,0,0,0
353194,0,0,0,0,0,0,0,0,0,38,0,0,29,876,0,498,104,1,132,309,831,0,0,0,0,0,0,0,0,0,45,0,0,0,0,0,0,24,0,34,0,0,0,0,0,242,0,172,0,15,61,0,135,0,0,0,0,0,0,0,1,0,0,0,0,0,4,1,5,7,12,0,0,2,2,0,0,0,0,0,0,1,0,112,0,0,0,0,0,0,0,0,0,0,0,0,0,1,0,0,0,0,0,0,0,0,0,0,6,0,0,2,88,0,22,6,0,23,13,30,0,0,0,0,0,0,0,0,0,0,0,0,0,0,0,0,21,0,11,0,0,0,0,0,27,0,24,0,3,2,0,18,0,0,0,0,0,0,0,0,0,0,0,0,0,0,0,0,2,5,0,0,0,0,0,0,0,0,0,0,1,0,7,0,0,0,0,0,0,0,0,0,0,0,0,0,0,0
346381,0,0,0,29,0,0,0,0,0,18,0,0,19,653,0,105,277,0,53,234,0,0,0,17,0,1,0,0,0,0,386,0,0,0,0,0,131,225,0,87,0,74,0,0,0,24,0,39,0,38,28,0,21,0,0,0,0,0,0,0,3,0,0,0,0,0,8,0,202,33,76,0,0,7,0,0,3,0,0,0,0,39,0,30,0,0,0,0,0,0,0,0,0,0,0,0,0,0,0,0,0,0,51,0,0,0,0,0,8,0,0,9,392,0,27,136,0,65,28,17,0,0,0,0,1,0,0,0,0,104,0,0,0,0,0,56,80,0,80,0,2,0,0,0,10,0,3,0,37,4,0,2,0,0,0,0,0,0,0,2,0,0,0,0,0,2,0,31,21,59,0,0,0,0,0,16,0,0,0,0,3,0,3,0,0,0,0,0,0,0,0,0,0,0,0,0,0,0
