issuer_code,day_week,violation_category,count
330039,1,2,113
330039,1,3,7
330039,1,5,9
330039,1,6,1
330039,2,2,112
330039,2,3,3
330039,2,5,7
330039,2,6,5
330039,3,2,104
330039,3,3,6
330039,3,5,7
330039,3,6,1
330039,4,2,120
330039,4,3,3
330039,4,5,4
330039,5,2,113
330039,5,3,6
330039,5,5,10
330039,5,6,1
330039,7,2,318
330039,7,3,18
330039,7,5,20
330039,7,6,7
330068,1,2,71
330068,1,3,31
330068,1,4,30
330068,1,5,116
330068,2,2,93
330068,2,3,34
330068,2,4,47
330068,2,5,128
330068,3,2,115
330068,3,3,30
330068,3,4,33
330068,3,5,149
330068,4,2,83
330068,4,3,27
330068,4,4,33
330068,4,5,93
330068,5,2,93
330068,5,3,25
330068,5,4,32
330068,5,5,107
330068,6,2,8
330068,6,3,1
330068,6,4,7
330068,6,5,10
330069,1,2,80
330069,1,3,50
330069,1,4,22
330069,1,5,218
330069,2,2,87
330069,2,3,81
330069,2,4,11
330069,2,5,189
330069,3,2,93
330069,3,3,67
330069,3,4,19
330069,3,5,197
330069,4,2,75
330069,4,3,78
330069,4,4,12
330069,4,5,187
330069,5,2,109
330069,5,3,81
330069,5,4,21
330069,5,5,221
330551,1,2,255
330551,1,3,7
330551,1,4,13
330551,1,5,26
330551,2,2,274
330551,2,3,7
330551,2,4,6
330551,2,5,20
330551,3,2,312
330551,3,3,2
330551,3,4,8
330551,3,5,19
330551,4,1,84
330551,4,2,367
330551,4,3,7
330551,4,4,12
330551,4,5,35
330551,5,1,52
330551,5,2,221
330551,5,3,1
330551,5,4,5
330551,5,5,24
330593,1,2,111
330593,1,3,30
330593,1,4,67
330593,1,5,190
330593,2,2,100
330593,2,3,37
330593,2,4,66
330593,2,5,187
330593,3,2,98
330593,3,3,33
330593,3,4,58
330593,3,5,189
330593,4,2,100
330593,4,3,25
330593,4,4,62
330593,4,5,158
330593,5,2,78
330593,5,3,31
330593,5,4,57
330593,5,5,187
330593,6,2,4
330593,6,5,2
330924,1,2,160
330924,1,3,45
330924,1,4,8
330924,1,5,99
330924,2,2,142
330924,2,3,85
330924,2,4,4
330924,2,5,89
330924,3,2,155
330924,3,3,60
330924,3,4,6
330924,3,5,113
330924,4,2,167
330924,4,3,71
330924,4,4,6
330924,4,5,129
330924,5,2,204
330924,5,3,111
330924,5,4,13
330924,5,5,127
330924,6,2,62
330924,6,3,5
330924,6,4,8
330924,6,5,43
330957,1,2,156
330957,1,3,21
330957,1,4,46
330957,1,5,107
330957,2,2,141
330957,2,3,38
330957,2,4,30
330957,2,5,102
330957,3,2,145
330957,3,3,26
330957,3,4,36
330957,3,5,97
330957,4,2,130
330957,4,3,36
330957,4,4,35
330957,4,5,95
330957,5,2,128
330957,5,3,13
330957,5,4,34
330957,5,5,79
330978,1,1,79
330978,1,2,157
330978,1,3,23
330978,1,4,4
330978,1,5,46
330978,1,6,1
330978,2,1,32
330978,2,2,87
330978,2,3,26
330978,2,4,1
330978,2,5,45
330978,2,6,1
330978,3,1,5
330978,3,2,80
330978,3,3,56
330978,3,5,48
330978,3,6,1
330978,4,1,36
330978,4,2,87
330978,4,3,35
330978,4,4,2
330978,4,5,42
330978,4,6,1
330978,5,1,47
330978,5,2,105
330978,5,3,31
330978,5,4,1
330978,5,5,26
330978,5,6,1
330978,6,1,5
330978,6,2,234
330978,6,3,86
330978,6,4,13
330978,6,5,95
330978,6,6,2
330978,7,2,106
330978,7,3,3
330978,7,5,20
331074,1,1,66
331074,1,2,68
331074,1,3,8
331074,1,5,31
331074,1,6,1
331074,2,1,16
331074,2,2,85
331074,2,3,8
331074,2,5,34
331074,2,6,5
331074,3,1,7
331074,3,2,22
331074,3,3,10
331074,3,5,21
331074,3,6,2
331074,4,1,38
331074,4,2,65
331074,4,3,12
331074,4,4,1
331074,4,5,29
331074,5,1,37
331074,5,2,28
331074,5,3,18
331074,5,5,27
331074,5,6,2
331074,6,2,47
331074,6,3,2
331074,6,5,43
331074,6,6,10
331074,7,2,71
331074,7,3,6
331074,7,5,63
331074,7,6,4
331261,1,2,195
331261,1,3,9
331261,1,5,176
331261,2,2,236
331261,2,3,25
331261,2,5,234
331261,3,2,230
331261,3,3,18
331261,3,5,250
331261,4,2,169
331261,4,3,20
331261,4,5,166
331261,5,2,185
331261,5,3,14
331261,5,5,173
331261,7,2,2
331261,7,3,1
331261,7,5,2
331356,1,2,110
331356,1,3,10
331356,1,5,12
331356,2,2,95
331356,2,3,5
331356,2,4,3
331356,2,5,25
331356,3,2,99
331356,3,3,13
331356,3,5,9
331356,4,2,129
331356,4,3,14
331356,4,5,14
331356,5,2,162
331356,5,3,9
331356,5,5,18
331356,6,2,156
331356,6,3,29
331356,6,4,1
331356,6,5,74
331356,6,6,1
331794,1,1,1
331794,1,2,53
331794,1,4,52
331794,1,5,67
331794,2,1,20
331794,2,2,82
331794,2,3,11
331794,2,4,125
331794,2,5,199
331794,3,2,119
331794,3,3,5
331794,3,4,89
331794,3,5,156
331794,4,1,12
331794,4,2,120
331794,4,3,10
331794,4,4,98
331794,4,5,150
331794,5,1,21
331794,5,2,126
331794,5,3,17
331794,5,4,119
331794,5,5,184
331794,6,2,12
331794,6,4,2
331794,6,5,14
331829,1,2,164
331829,1,3,21
331829,1,4,24
331829,1,5,48
331829,2,2,170
331829,2,3,18
331829,2,4,18
331829,2,5,55
331829,3,2,97
331829,3,3,9
331829,3,4,10
331829,3,5,29
331829,4,2,94
331829,4,3,7
331829,4,4,2
331829,4,5,31
331829,5,2,84
331829,5,3,5
331829,5,4,3
331829,5,5,16
331829,6,2,285
331829,6,3,60
331829,6,4,7
331829,6,5,125
331829,7,2,203
331829,7,3,31
331829,7,5,46
332944,1,1,3
332944,1,2,152
332944,1,3,10
332944,1,4,1
332944,1,5,38
332944,1,6,4
332944,2,1,4
332944,2,2,147
332944,2,3,14
332944,2,5,49
332944,3,1,2
332944,3,2,115
332944,3,3,18
332944,3,5,51
332944,3,6,11
332944,4,1,13
332944,4,2,125
332944,4,3,16
332944,4,5,43
332944,4,6,7
332944,5,1,5
332944,5,2,154
332944,5,3,24
332944,5,5,44
332944,5,6,6
332944,6,2,234
332944,6,3,24
332944,6,4,3
332944,6,5,111
332944,6,6,12
332944,7,2,37
332944,7,3,2
332944,7,5,3
341171,1,1,57
341171,1,2,240
341171,1,3,8
341171,1,4,24
341171,1,5,192
341171,2,1,33
341171,2,2,319
341171,2,3,9
341171,2,4,22
341171,2,5,181
341171,3,1,4
341171,3,2,233
341171,3,3,12
341171,3,4,33
341171,3,5,194
341171,4,1,40
341171,4,2,228
341171,4,3,6
341171,4,4,37
341171,4,5,157
341171,5,1,41
341171,5,2,290
341171,5,3,9
341171,5,4,34
341171,5,5,179
341171,6,2,18
341171,6,3,1
341171,6,4,4
341171,6,5,42
341240,1,2,194
341240,1,3,41
341240,1,4,68
341240,1,5,113
341240,2,2,214
341240,2,3,58
341240,2,4,72
341240,2,5,111
341240,2,6,1
341240,3,2,203
341240,3,3,40
341240,3,4,63
341240,3,5,83
341240,4,2,155
341240,4,3,32
341240,4,4,63
341240,4,5,97
341240,4,6,1
341240,5,2,153
341240,5,3,28
341240,5,4,54
341240,5,5,63
341240,7,2,37
341240,7,3,6
341240,7,5,9
341891,1,2,79
341891,1,3,39
341891,1,4,16
341891,1,5,118
341891,2,2,97
341891,2,3,22
341891,2,4,14
341891,2,5,180
341891,3,2,156
341891,3,3,49
341891,3,4,33
341891,3,5,172
341891,4,2,97
341891,4,3,39
341891,4,4,13
341891,4,5,134
341891,5,2,107
341891,5,3,32
341891,5,4,8
341891,5,5,180
341964,1,2,191
341964,1,3,39
341964,1,4,29
341964,1,5,255
341964,2,2,169
341964,2,3,52
341964,2,4,18
341964,2,5,222
341964,3,2,157
341964,3,3,34
341964,3,4,15
341964,3,5,186
341964,4,2,135
341964,4,3,41
341964,4,4,21
341964,4,5,183
341964,5,2,127
341964,5,3,47
341964,5,4,20
341964,5,5,178
341964,6,2,5
341964,6,4,3
341964,6,5,4
343455,1,1,9
343455,1,2,126
343455,1,3,25
343455,1,4,14
343455,1,5,87
343455,2,1,3
343455,2,2,127
343455,2,3,29
343455,2,4,12
343455,2,5,95
343455,2,6,7
343455,3,1,2
343455,3,2,99
343455,3,3,25
343455,3,4,7
343455,3,5,57
343455,3,6,11
343455,4,1,16
343455,4,2,88
343455,4,3,20
343455,4,4,5
343455,4,5,69
343455,4,6,10
343455,5,1,9
343455,5,2,124
343455,5,3,30
343455,5,4,5
343455,5,5,81
343455,5,6,14
343455,6,2,101
343455,6,3,14
343455,6,4,9
343455,6,5,61
343455,7,2,150
343455,7,3,3
343455,7,5,46
343455,7,6,1
343930,1,1,117
343930,1,2,88
343930,1,3,17
343930,1,4,12
343930,1,5,67
343930,2,1,127
343930,2,2,111
343930,2,3,20
343930,2,4,26
343930,2,5,82
343930,3,1,10
343930,3,2,94
343930,3,3,14
343930,3,4,18
343930,3,5,71
343930,4,1,94
343930,4,2,109
343930,4,3,16
343930,4,4,20
343930,4,5,59
343930,5,1,107
343930,5,2,84
343930,5,3,6
343930,5,4,6
343930,5,5,68
345369,1,2,184
345369,1,3,55
345369,1,4,4
345369,1,5,136
345369,2,2,211
345369,2,3,62
345369,2,4,6
345369,2,5,120
345369,3,2,177
345369,3,3,65
345369,3,4,12
345369,3,5,131
345369,4,2,170
345369,4,3,67
345369,4,4,15
345369,4,5,139
345369,5,2,149
345369,5,3,67
345369,5,4,4
345369,5,5,126
345369,6,2,57
345369,6,3,25
345369,6,4,8
345369,6,5,77
345388,1,1,1
345388,1,2,108
345388,1,3,34
345388,1,4,25
345388,1,5,128
345388,2,1,1
345388,2,2,114
345388,2,3,57
345388,2,4,18
345388,2,5,140
345388,3,2,89
345388,3,3,59
345388,3,4,12
345388,3,5,149
345388,4,2,89
345388,4,3,41
345388,4,4,10
345388,4,5,132
345388,5,2,80
345388,5,3,33
345388,5,4,12
345388,5,5,110
345388,6,2,8
345388,6,3,1
345388,6,4,3
345388,6,5,9
345388,7,2,6
345388,7,5,17
345513,1,2,117
345513,1,3,40
345513,1,4,45
345513,1,5,165
345513,2,2,139
345513,2,3,67
345513,2,4,52
345513,2,5,189
345513,3,2,124
345513,3,3,49
345513,3,4,41
345513,3,5,154
345513,4,2,123
345513,4,3,61
345513,4,4,33
345513,4,5,137
345513,5,2,142
345513,5,3,56
345513,5,4,37
345513,5,5,178
345513,6,1,9
345513,6,2,32
345513,6,3,6
345513,6,4,7
345513,6,5,40
345535,1,2,217
345535,1,3,22
345535,1,5,10
345535,2,1,6
345535,2,2,288
345535,2,3,28
345535,2,5,14
345535,3,2,223
345535,3,3,26
345535,3,5,11
345535,4,1,38
345535,4,2,396
345535,4,3,48
345535,4,5,17
345535,5,1,2
345535,5,2,179
345535,5,3,24
345535,5,5,9
345535,6,2,34
345535,6,5,1
345551,1,1,54
345551,1,2,211
345551,1,3,58
345551,1,5,43
345551,1,6,3
345551,2,1,78
345551,2,2,163
345551,2,3,57
345551,2,4,1
345551,2,5,37
345551,2,6,8
345551,3,1,1
345551,3,2,175
345551,3,3,62
345551,3,5,31
345551,3,6,8
345551,4,1,115
345551,4,2,196
345551,4,3,62
345551,4,5,42
345551,4,6,8
345551,5,1,29
345551,5,2,167
345551,5,3,49
345551,5,5,26
345551,5,6,8
345551,6,2,172
345551,6,3,37
345551,6,5,21
345551,6,6,4
345551,7,2,5
345551,7,3,3
345557,1,1,13
345557,1,2,57
345557,1,3,8
345557,1,4,3
345557,1,5,117
345557,2,1,6
345557,2,2,37
345557,2,3,14
345557,2,4,4
345557,2,5,48
345557,3,1,3
345557,3,2,43
345557,3,3,19
345557,3,4,3
345557,3,5,86
345557,4,1,2
345557,4,2,58
345557,4,3,10
345557,4,4,3
345557,4,5,139
345557,5,1,9
345557,5,2,56
345557,5,3,9
345557,5,4,2
345557,5,5,106
345557,6,2,1
345557,6,3,1
345557,6,4,1
345557,6,5,7
345557,7,2,29
345557,7,3,4
345557,7,5,4
346045,1,1,47
346045,1,2,61
346045,1,3,42
346045,1,4,26
346045,1,5,76
346045,2,1,77
346045,2,2,108
346045,2,3,89
346045,2,4,46
346045,2,5,102
346045,3,1,24
346045,3,2,118
346045,3,3,97
346045,3,4,44
346045,3,5,79
346045,4,1,40
346045,4,2,62
346045,4,3,59
346045,4,4,44
346045,4,5,68
346045,5,1,29
346045,5,2,51
346045,5,3,46
346045,5,4,14
346045,5,5,42
346045,6,5,1
346045,7,3,1
346086,1,1,108
346086,1,2,190
346086,1,3,13
346086,1,4,7
346086,1,5,52
346086,2,1,196
346086,2,2,257
346086,2,3,19
346086,2,4,5
346086,2,5,37
346086,3,1,1
346086,3,2,342
346086,3,3,26
346086,3,4,12
346086,3,5,43
346086,4,1,126
346086,4,2,254
346086,4,3,25
346086,4,4,14
346086,4,5,58
346086,5,1,127
346086,5,2,236
346086,5,3,19
346086,5,4,11
346086,5,5,37
346086,6,1,33
346086,6,2,155
346086,6,3,11
346086,6,4,10
346086,6,5,52
346086,7,2,2
346157,1,1,47
346157,1,2,244
346157,1,3,6
346157,1,4,24
346157,1,5,100
346157,2,1,45
346157,2,2,263
346157,2,3,9
346157,2,4,21
346157,2,5,76
346157,3,1,2
346157,3,2,167
346157,3,3,12
346157,3,4,36
346157,3,5,86
346157,4,1,40
346157,4,2,212
346157,4,3,13
346157,4,4,34
346157,4,5,70
346157,5,1,68
346157,5,2,213
346157,5,3,4
346157,5,4,22
346157,5,5,50
346157,6,1,10
346157,6,2,62
346157,6,3,7
346157,6,4,28
346157,6,5,101
346166,1,2,189
346166,1,3,66
346166,1,4,30
346166,1,5,164
346166,2,2,175
346166,2,3,71
346166,2,4,23
346166,2,5,165
346166,3,2,191
346166,3,3,66
346166,3,4,33
346166,3,5,165
346166,4,2,193
346166,4,3,56
346166,4,4,36
346166,4,5,164
346166,5,2,192
346166,5,3,71
346166,5,4,26
346166,5,5,164
346166,6,1,2
346166,6,2,245
346166,6,3,131
346166,6,4,5
346166,6,5,142
346166,7,2,15
346166,7,3,2
346166,7,5,1
346167,1,2,171
346167,1,3,63
346167,1,4,37
346167,1,5,180
346167,2,2,206
346167,2,3,73
346167,2,4,24
346167,2,5,200
346167,3,2,140
346167,3,3,64
346167,3,4,28
346167,3,5,155
346167,4,2,155
346167,4,3,65
346167,4,4,35
346167,4,5,180
346167,5,2,163
346167,5,3,82
346167,5,4,30
346167,5,5,170
346167,6,2,7
346167,6,4,1
346167,6,5,8
346192,1,2,158
346192,1,3,38
346192,1,4,29
346192,1,5,191
346192,2,2,144
346192,2,3,41
346192,2,4,34
346192,2,5,216
346192,3,2,140
346192,3,3,31
346192,3,4,27
346192,3,5,165
346192,4,2,27
346192,4,3,9
346192,4,4,4
346192,4,5,47
346192,5,2,115
346192,5,3,34
346192,5,4,20
346192,5,5,124
346192,7,2,25
346192,7,3,4
346204,1,1,17
346204,1,2,220
346204,1,3,36
346204,1,5,8
346204,1,6,11
346204,2,1,8
346204,2,2,201
346204,2,3,60
346204,2,5,22
346204,2,6,5
346204,3,1,7
346204,3,2,215
346204,3,3,77
346204,3,5,25
346204,3,6,4
346204,4,1,21
346204,4,2,227
346204,4,3,53
346204,4,5,24
346204,4,6,9
346204,5,1,13
346204,5,2,190
346204,5,3,69
346204,5,5,16
346204,5,6,9
346204,6,2,59
346204,6,3,24
346204,6,5,1
346204,6,6,21
346204,7,2,23
346204,7,3,2
346204,7,6,3
346357,1,1,69
346357,1,2,178
346357,1,3,24
346357,1,4,15
346357,1,5,65
346357,2,1,58
346357,2,2,266
346357,2,3,23
346357,2,4,13
346357,2,5,75
346357,3,2,291
346357,3,3,22
346357,3,4,29
346357,3,5,68
346357,4,1,65
346357,4,2,284
346357,4,3,33
346357,4,4,22
346357,4,5,88
346357,5,1,91
346357,5,2,361
346357,5,3,36
346357,5,4,23
346357,5,5,64
346357,6,1,1
346357,6,2,30
346357,6,3,2
346357,6,5,20
347576,1,2,57
347576,1,3,1
347576,1,4,5
347576,1,5,25
347576,1,6,1
347576,2,2,54
347576,2,3,3
347576,2,4,2
347576,2,5,19
347576,3,2,58
347576,3,3,1
347576,3,4,1
347576,3,5,20
347576,4,2,60
347576,4,3,1
347576,4,4,9
347576,4,5,29
347576,5,2,78
347576,5,3,3
347576,5,4,6
347576,5,5,34
347576,7,2,34
347576,7,3,10
347576,7,5,5
347581,1,2,39
347581,1,3,4
347581,1,4,49
347581,1,5,79
347581,2,1,8
347581,2,2,11
347581,2,3,4
347581,2,4,38
347581,2,5,72
347581,3,2,16
347581,3,3,1
347581,3,4,14
347581,3,5,35
347581,4,2,25
347581,4,3,4
347581,4,4,27
347581,4,5,37
347581,5,2,18
347581,5,3,1
347581,5,4,14
347581,5,5,41
347581,6,2,1
347581,6,4,1
347581,6,5,1
347594,1,2,111
347594,1,3,41
347594,1,4,8
347594,1,5,55
347594,1,6,1
347594,2,2,141
347594,2,3,56
347594,2,4,6
347594,2,5,87
347594,2,6,2
347594,3,2,136
347594,3,3,34
347594,3,4,8
347594,3,5,63
347594,4,2,136
347594,4,3,32
347594,4,4,7
347594,4,5,65
347594,5,2,195
347594,5,3,49
347594,5,4,12
347594,5,5,159
347594,7,2,35
347594,7,3,1
347594,7,5,6
347679,1,2,141
347679,1,3,46
347679,1,4,1
347679,1,5,147
347679,2,2,139
347679,2,3,72
347679,2,5,203
347679,3,2,138
347679,3,3,39
347679,3,5,188
347679,4,2,170
347679,4,3,39
347679,4,5,187
347679,7,2,1
348515,1,1,128
348515,1,2,167
348515,1,3,14
348515,1,4,37
348515,1,5,136
348515,2,1,166
348515,2,2,254
348515,2,3,10
348515,2,4,33
348515,2,5,63
348515,3,2,133
348515,3,3,22
348515,3,4,55
348515,3,5,161
348515,4,1,93
348515,4,2,229
348515,4,3,15
348515,4,4,33
348515,4,5,65
348515,5,1,72
348515,5,2,100
348515,5,3,23
348515,5,4,29
348515,5,5,138
348515,6,2,19
348515,6,3,4
348515,6,4,26
348515,6,5,51
348553,1,2,40
348553,1,3,12
348553,1,4,21
348553,1,5,75
348553,2,2,49
348553,2,3,18
348553,2,4,21
348553,2,5,104
348553,3,1,1
348553,3,2,55
348553,3,3,13
348553,3,4,22
348553,3,5,112
348553,4,2,52
348553,4,3,9
348553,4,4,15
348553,4,5,117
348553,5,2,75
348553,5,3,23
348553,5,4,44
348553,5,5,117
348553,6,5,1
349904,1,2,241
349904,1,3,66
349904,1,4,12
349904,1,5,126
349904,2,2,243
349904,2,3,46
349904,2,4,19
349904,2,5,170
349904,3,2,230
349904,3,3,53
349904,3,4,15
349904,3,5,120
349904,4,2,226
349904,4,3,46
349904,4,4,21
349904,4,5,108
349904,5,2,190
349904,5,3,50
349904,5,4,19
349904,5,5,128
349904,6,2,38
349904,6,3,18
349904,6,4,5
349904,6,5,42
350307,1,1,181
350307,1,2,134
350307,1,3,20
350307,1,4,17
350307,1,5,77
350307,2,1,176
350307,2,2,177
350307,2,3,32
350307,2,4,13
350307,2,5,103
350307,3,1,8
350307,3,2,165
350307,3,3,34
350307,3,4,34
350307,3,5,138
350307,4,1,148
350307,4,2,213
350307,4,3,25
350307,4,4,23
350307,4,5,121
350307,5,1,167
350307,5,2,254
350307,5,3,29
350307,5,4,32
350307,5,5,105
350513,1,1,34
350513,1,2,244
350513,1,3,7
350513,1,4,7
350513,1,5,25
350513,2,1,30
350513,2,2,235
350513,2,3,4
350513,2,4,9
350513,2,5,21
350513,3,2,242
350513,3,3,10
350513,3,4,7
350513,3,5,23
350513,4,1,19
350513,4,2,286
350513,4,3,8
350513,4,4,5
350513,4,5,30
350513,5,1,1
350513,5,2,314
350513,5,3,4
350513,5,4,18
350513,5,5,23
350513,6,1,15
350513,6,2,93
350513,6,3,7
350513,6,4,11
350513,6,5,106
351202,1,2,94
351202,1,3,21
351202,1,4,16
351202,1,5,89
351202,2,2,101
351202,2,3,39
351202,2,4,32
351202,2,5,108
351202,3,2,105
351202,3,3,37
351202,3,4,19
351202,3,5,92
351202,4,2,69
351202,4,3,33
351202,4,4,16
351202,4,5,87
351202,5,2,99
351202,5,3,44
351202,5,4,20
351202,5,5,96
351202,6,2,85
351202,6,3,35
351202,6,4,9
351202,6,5,46
351262,1,1,4
351262,1,2,169
351262,1,3,36
351262,1,4,96
351262,1,5,147
351262,2,1,3
351262,2,2,191
351262,2,3,31
351262,2,4,77
351262,2,5,150
351262,3,2,186
351262,3,3,25
351262,3,4,88
351262,3,5,132
351262,4,2,145
351262,4,3,30
351262,4,4,84
351262,4,5,129
351262,5,1,3
351262,5,2,223
351262,5,3,48
351262,5,4,71
351262,5,5,122
351262,6,2,2
351262,6,3,1
351262,6,4,4
351262,6,5,9
351262,7,2,27
351262,7,3,1
351262,7,5,6
351315,1,1,153
351315,1,2,168
351315,1,3,15
351315,1,4,44
351315,1,5,78
351315,2,1,148
351315,2,2,139
351315,2,3,13
351315,2,4,58
351315,2,5,107
351315,3,2,222
351315,3,3,30
351315,3,4,59
351315,3,5,115
351315,4,1,140
351315,4,2,180
351315,4,3,18
351315,4,4,52
351315,4,5,87
351315,5,1,152
351315,5,2,153
351315,5,3,24
351315,5,4,35
351315,5,5,90
351933,1,2,246
351933,1,3,27
351933,1,4,33
351933,1,5,124
351933,1,6,1
351933,2,2,156
351933,2,3,26
351933,2,4,28
351933,2,5,64
351933,2,6,2
351933,3,2,270
351933,3,3,30
351933,3,4,41
351933,3,5,126
351933,3,6,5
351933,4,2,251
351933,4,3,37
351933,4,4,32
351933,4,5,93
351933,4,6,3
351933,5,2,291
351933,5,3,31
351933,5,4,39
351933,5,5,142
351933,5,6,2
352012,1,2,115
352012,1,3,31
352012,1,5,108
352012,2,2,125
352012,2,3,50
352012,2,5,149
352012,3,2,127
352012,3,3,48
352012,3,4,1
352012,3,5,140
352012,4,2,147
352012,4,3,45
352012,4,4,1
352012,4,5,122
352991,1,2,116
352991,1,3,12
352991,1,4,20
352991,1,5,58
352991,1,6,174
352991,2,2,93
352991,2,3,21
352991,2,4,19
352991,2,5,34
352991,2,6,182
352991,3,2,109
352991,3,3,8
352991,3,4,15
352991,3,5,36
352991,3,6,174
352991,4,2,77
352991,4,3,12
352991,4,4,17
352991,4,5,37
352991,4,6,177
352991,5,2,69
352991,5,3,10
352991,5,4,12
352991,5,5,22
352991,5,6,141
352991,6,2,54
352991,6,3,19
352991,6,4,1
352991,6,5,32
352991,6,6,19
352995,1,1,1
352995,1,2,163
352995,1,3,51
352995,1,4,30
352995,1,5,117
352995,2,2,95
352995,2,3,40
352995,2,4,14
352995,2,5,77
352995,3,2,106
352995,3,3,39
352995,3,4,13
352995,3,5,45
352995,4,1,3
352995,4,2,116
352995,4,3,33
352995,4,4,8
352995,4,5,67
352995,5,1,1
352995,5,2,122
352995,5,3,27
352995,5,4,16
352995,5,5,77
352995,6,1,19
352995,6,2,139
352995,6,3,16
352995,6,4,17
352995,6,5,156
352995,7,2,13
352995,7,3,1
352995,7,5,3
353431,1,1,142
353431,1,2,186
353431,1,3,31
353431,1,4,20
353431,1,5,111
353431,2,1,160
353431,2,2,192
353431,2,3,21
353431,2,4,19
353431,2,5,93
353431,3,1,11
353431,3,2,201
353431,3,3,15
353431,3,4,50
353431,3,5,132
353431,4,1,111
353431,4,2,182
353431,4,3,24
353431,4,4,30
353431,4,5,99
353431,5,1,178
353431,5,2,159
353431,5,3,32
353431,5,4,27
353431,5,5,99
353512,1,2,14
353512,1,3,6
353512,1,4,14
353512,1,5,38
353512,2,1,11
353512,2,2,123
353512,2,3,50
353512,2,4,161
353512,2,5,214
353512,3,2,117
353512,3,3,50
353512,3,4,140
353512,3,5,176
353512,4,2,123
353512,4,3,70
353512,4,4,118
353512,4,5,221
353512,5,2,98
353512,5,3,36
353512,5,4,131
353512,5,5,215
353512,6,2,82
353512,6,3,27
353512,6,4,143
353512,6,5,299
354048,1,2,97
354048,1,3,16
354048,1,4,35
354048,1,5,41
354048,1,6,5
354048,2,2,202
354048,2,3,23
354048,2,4,13
354048,2,5,32
354048,3,2,141
354048,3,3,23
354048,3,4,25
354048,3,5,39
354048,3,6,6
354048,4,2,166
354048,4,3,28
354048,4,4,26
354048,4,5,45
354048,4,6,4
354048,5,2,213
354048,5,3,25
354048,5,4,21
354048,5,5,28
354048,5,6,3
354150,1,2,217
354150,1,3,68
354150,1,4,35
354150,1,5,210
354150,2,2,233
354150,2,3,101
354150,2,4,31
354150,2,5,173
354150,3,2,166
354150,3,3,79
354150,3,4,17
354150,3,5,113
354150,4,2,166
354150,4,3,91
354150,4,4,20
354150,4,5,127
354150,4,6,1
354150,5,2,167
354150,5,3,72
354150,5,4,21
354150,5,5,152
354150,6,2,64
354150,6,3,25
354150,6,4,21
354150,6,5,111
355057,1,2,266
355057,1,3,49
355057,1,4,17
355057,1,5,48
355057,2,2,268
355057,2,3,51
355057,2,4,23
355057,2,5,53
355057,3,2,229
355057,3,3,45
355057,3,4,47
355057,3,5,62
355057,4,1,1
355057,4,2,187
355057,4,3,50
355057,4,4,20
355057,4,5,52
355057,5,2,174
355057,5,3,34
355057,5,4,20
355057,5,5,35
355057,6,1,24
355057,6,2,135
355057,6,3,30
355057,6,4,2
355057,6,5,31
355135,1,1,97
355135,1,2,119
355135,1,3,52
355135,1,4,13
355135,1,5,78
355135,2,1,211
355135,2,2,111
355135,2,3,56
355135,2,4,16
355135,2,5,111
355135,3,1,113
355135,3,2,128
355135,3,3,87
355135,3,4,6
355135,3,5,113
355135,4,1,135
355135,4,2,144
355135,4,3,111
355135,4,4,13
355135,4,5,116
355135,5,1,173
355135,5,2,157
355135,5,3,72
355135,5,4,9
355135,5,5,82
355207,1,2,147
355207,1,3,94
355207,1,4,23
355207,1,5,47
355207,2,2,166
355207,2,3,114
355207,2,4,14
355207,2,5,61
355207,3,2,88
355207,3,3,69
355207,3,4,11
355207,3,5,34
355207,4,2,88
355207,4,3,60
355207,4,4,9
355207,4,5,20
355207,5,2,106
355207,5,3,71
355207,5,4,7
355207,5,5,37
355208,1,2,261
355208,1,3,43
355208,1,4,38
355208,1,5,63
355208,2,2,276
355208,2,3,45
355208,2,4,62
355208,2,5,58
355208,3,1,1
355208,3,2,241
355208,3,3,64
355208,3,4,36
355208,3,5,55
355208,4,2,273
355208,4,3,63
355208,4,4,30
355208,4,5,49
355208,5,2,242
355208,5,3,63
355208,5,4,28
355208,5,5,58
355208,7,2,43
355208,7,3,26
355208,7,5,4
355226,1,1,6
355226,1,2,156
355226,1,3,61
355226,1,4,47
355226,1,5,242
355226,2,1,13
355226,2,2,125
355226,2,3,94
355226,2,4,61
355226,2,5,265
355226,3,1,5
355226,3,2,116
355226,3,3,101
355226,3,4,47
355226,3,5,173
355226,4,1,3
355226,4,2,103
355226,4,3,47
355226,4,4,29
355226,4,5,152
355226,5,2,122
355226,5,3,36
355226,5,4,33
355226,5,5,190
355226,7,2,9
355226,7,3,2
355226,7,5,8
355231,1,1,5
355231,1,2,110
355231,1,3,16
355231,1,4,104
355231,1,5,225
355231,2,1,13
355231,2,2,79
355231,2,3,43
355231,2,4,87
355231,2,5,203
355231,3,1,1
355231,3,2,63
355231,3,3,34
355231,3,4,60
355231,3,5,200
355231,4,1,1
355231,4,2,88
355231,4,3,20
355231,4,4,61
355231,4,5,143
355231,5,1,7
355231,5,2,102
355231,5,3,27
355231,5,4,84
355231,5,5,207
355231,7,2,23
355231,7,5,1
355290,1,1,46
355290,1,2,91
355290,1,3,21
355290,1,5,21
355290,1,6,1
355290,2,1,42
355290,2,2,104
355290,2,3,21
355290,2,5,22
355290,2,6,1
355290,3,1,7
355290,3,2,136
355290,3,3,28
355290,3,5,29
355290,4,1,51
355290,4,2,90
355290,4,3,26
355290,4,4,1
355290,4,5,26
355290,4,6,2
355290,5,1,56
355290,5,2,83
355290,5,3,12
355290,5,5,14
355290,5,6,1
355290,6,1,1
355290,6,2,1
355290,7,1,1
355290,7,2,1
355316,1,1,7
355316,1,2,45
355316,1,3,5
355316,1,4,6
355316,1,5,23
355316,2,1,144
355316,2,2,97
355316,2,3,11
355316,2,4,61
355316,2,5,67
355316,3,2,24
355316,3,3,1
355316,3,4,3
355316,3,5,25
355316,4,2,35
355316,4,3,4
355316,4,4,28
355316,4,5,31
355316,5,1,34
355316,5,2,4
355316,5,3,1
355316,5,4,16
355316,5,5,7
355316,6,1,3
355316,6,2,61
355316,6,3,10
355316,6,4,4
355316,6,5,62
355316,7,2,78
355316,7,3,16
355316,7,5,64
355418,1,2,91
355418,1,3,28
355418,1,4,22
355418,1,5,269
355418,1,6,9
355418,2,1,1
355418,2,2,123
355418,2,3,40
355418,2,4,23
355418,2,5,365
355418,2,6,1
355418,3,2,108
355418,3,3,47
355418,3,4,18
355418,3,5,315
355418,3,6,1
355418,4,2,98
355418,4,3,41
355418,4,4,23
355418,4,5,279
355418,4,6,1
355418,5,2,87
355418,5,3,49
355418,5,4,25
355418,5,5,259
355418,5,6,5
355418,6,2,115
355418,6,3,87
355418,6,4,11
355418,6,5,144
355418,7,2,3
355418,7,3,2
355418,7,5,2
355443,1,1,3
355443,1,2,72
355443,1,3,30
355443,1,4,26
355443,1,5,184
355443,2,2,38
355443,2,3,20
355443,2,4,8
355443,2,5,125
355443,3,1,3
355443,3,2,48
355443,3,3,21
355443,3,4,11
355443,3,5,117
355443,4,1,6
355443,4,2,54
355443,4,3,27
355443,4,4,16
355443,4,5,123
355443,5,1,4
355443,5,2,73
355443,5,3,32
355443,5,4,40
355443,5,5,203
355443,6,1,2
355443,6,2,27
355443,6,3,13
355443,6,4,4
355443,6,5,29
355443,7,2,5
355443,7,3,1
355443,7,5,8
355603,1,1,42
355603,1,2,203
355603,1,3,34
355603,1,4,52
355603,1,5,211
355603,2,1,28
355603,2,2,187
355603,2,3,35
355603,2,4,43
355603,2,5,177
355603,3,2,149
355603,3,3,13
355603,3,4,66
355603,3,5,155
355603,4,1,25
355603,4,2,273
355603,4,3,36
355603,4,4,43
355603,4,5,218
355603,5,1,15
355603,5,2,222
355603,5,3,31
355603,5,4,34
355603,5,5,176
355603,6,1,5
355603,6,2,158
355603,6,3,20
355603,6,4,12
355603,6,5,244
355604,1,1,236
355604,1,2,173
355604,1,3,7
355604,1,4,15
355604,1,5,45
355604,2,1,139
355604,2,2,290
355604,2,3,6
355604,2,4,3
355604,2,5,37
355604,3,2,377
355604,3,3,6
355604,3,4,10
355604,3,5,35
355604,4,1,99
355604,4,2,239
355604,4,3,8
355604,4,4,40
355604,4,5,69
355604,5,1,273
355604,5,2,171
355604,5,3,24
355604,5,4,19
355604,5,5,80
355604,5,6,2
355607,1,1,66
355607,1,2,98
355607,1,3,25
355607,1,4,117
355607,1,5,201
355607,2,1,67
355607,2,2,109
355607,2,3,19
355607,2,4,157
355607,2,5,193
355607,3,1,1
355607,3,2,103
355607,3,3,28
355607,3,4,135
355607,3,5,153
355607,4,1,22
355607,4,2,89
355607,4,3,26
355607,4,4,104
355607,4,5,172
355607,5,1,143
355607,5,2,87
355607,5,3,27
355607,5,4,122
355607,5,5,159
355607,6,2,3
355607,6,3,2
355607,6,4,2
355607,6,5,19
355618,1,2,226
355618,1,3,24
355618,1,4,81
355618,1,5,126
355618,1,6,32
355618,2,2,253
355618,2,3,36
355618,2,4,48
355618,2,5,84
355618,2,6,52
355618,3,2,280
355618,3,3,32
355618,3,4,67
355618,3,5,103
355618,3,6,44
355618,4,2,244
355618,4,3,30
355618,4,4,66
355618,4,5,91
355618,4,6,45
355618,5,2,229
355618,5,3,55
355618,5,4,40
355618,5,5,79
355618,5,6,26
355618,6,2,80
355618,6,3,12
355618,6,4,61
355618,6,5,75
355618,6,6,4
355618,7,2,6
355618,7,5,8
355635,1,1,37
355635,1,2,207
355635,1,3,29
355635,1,4,26
355635,1,5,95
355635,2,1,44
355635,2,2,180
355635,2,3,23
355635,2,4,20
355635,2,5,93
355635,3,1,7
355635,3,2,201
355635,3,3,16
355635,3,4,15
355635,3,5,65
355635,4,1,23
355635,4,2,166
355635,4,3,32
355635,4,4,19
355635,4,5,111
355635,4,6,1
355635,5,1,43
355635,5,2,230
355635,5,3,58
355635,5,4,25
355635,5,5,113
355635,5,6,1
355671,1,1,2
355671,1,2,260
355671,1,3,56
355671,1,4,47
355671,1,5,276
355671,1,6,1
355671,2,1,16
355671,2,2,176
355671,2,3,61
355671,2,4,17
355671,2,5,243
355671,3,1,1
355671,3,2,199
355671,3,3,77
355671,3,4,29
355671,3,5,222
355671,4,1,4
355671,4,2,173
355671,4,3,75
355671,4,4,14
355671,4,5,235
355671,4,6,3
355671,5,1,2
355671,5,2,99
355671,5,3,43
355671,5,4,19
355671,5,5,151
355671,6,1,3
355671,6,2,51
355671,6,3,8
355671,6,5,36
355671,6,6,2
355678,1,2,55
355678,1,3,19
355678,1,4,10
355678,1,5,113
355678,2,2,36
355678,2,3,29
355678,2,4,9
355678,2,5,98
355678,3,2,22
355678,3,3,32
355678,3,4,5
355678,3,5,51
355678,4,1,3
355678,4,2,37
355678,4,3,42
355678,4,4,8
355678,4,5,79
355678,5,2,35
355678,5,3,23
355678,5,4,10
355678,5,5,80
355678,6,1,1
355678,6,2,5
355678,6,3,16
355678,6,4,10
355678,6,5,36
355678,7,2,10
355678,7,5,1
355682,1,2,192
355682,1,3,27
355682,1,4,1
355682,1,5,17
355682,1,6,17
355682,2,2,175
355682,2,3,36
355682,2,4,4
355682,2,5,17
355682,3,2,154
355682,3,3,36
355682,3,5,20
355682,3,6,1
355682,4,2,153
355682,4,3,35
355682,4,5,12
355682,5,2,112
355682,5,3,39
355682,5,4,6
355682,5,5,11
355682,6,1,16
355682,6,2,180
355682,6,3,38
355682,6,4,1
355682,6,5,50
355682,6,6,6
355682,7,2,24
355682,7,3,2
355685,1,1,83
355685,1,2,133
355685,1,3,67
355685,1,4,64
355685,1,5,133
355685,2,1,63
355685,2,2,157
355685,2,3,78
355685,2,4,77
355685,2,5,166
355685,3,2,174
355685,3,3,52
355685,3,4,94
355685,3,5,160
355685,4,1,58
355685,4,2,253
355685,4,3,53
355685,4,4,92
355685,4,5,145
355685,5,1,112
355685,5,2,168
355685,5,3,119
355685,5,4,77
355685,5,5,153
356219,1,1,33
356219,1,2,171
356219,1,3,53
356219,1,4,47
356219,1,5,96
356219,2,1,9
356219,2,2,219
356219,2,3,76
356219,2,4,51
356219,2,5,95
356219,3,2,149
356219,3,3,46
356219,3,4,39
356219,3,5,80
356219,4,1,15
356219,4,2,246
356219,4,3,53
356219,4,4,32
356219,4,5,80
356219,5,2,112
356219,5,3,30
356219,5,4,5
356219,5,5,26
356219,7,2,364
356219,7,3,38
356219,7,5,26
356276,1,1,175
356276,1,2,89
356276,1,3,28
356276,1,4,49
356276,1,5,112
356276,2,1,256
356276,2,2,104
356276,2,3,25
356276,2,4,46
356276,2,5,128
356276,3,2,154
356276,3,3,22
356276,3,4,77
356276,3,5,137
356276,4,1,165
356276,4,2,111
356276,4,3,16
356276,4,4,67
356276,4,5,137
356276,5,1,208
356276,5,2,108
356276,5,3,32
356276,5,4,58
356276,5,5,139
356276,6,1,6
356276,6,2,5
356276,6,3,1
356276,6,4,5
356276,6,5,10
356310,1,1,2
356310,1,2,101
356310,1,3,55
356310,1,4,19
356310,1,5,120
356310,2,1,2
356310,2,2,161
356310,2,3,69
356310,2,4,26
356310,2,5,154
356310,2,6,1
356310,3,1,2
356310,3,2,138
356310,3,3,79
356310,3,4,25
356310,3,5,142
356310,4,2,179
356310,4,3,71
356310,4,4,46
356310,4,5,170
356310,5,2,180
356310,5,3,92
356310,5,4,39
356310,5,5,154
356310,6,2,3
356310,6,3,2
356310,6,4,2
356310,6,5,1
356310,7,2,6
356498,1,1,25
356498,1,2,165
356498,1,3,34
356498,1,4,21
356498,1,5,113
356498,2,1,72
356498,2,2,205
356498,2,3,38
356498,2,4,29
356498,2,5,149
356498,3,2,229
356498,3,3,18
356498,3,4,22
356498,3,5,133
356498,4,1,21
356498,4,2,119
356498,4,3,38
356498,4,4,23
356498,4,5,139
356498,5,1,36
356498,5,2,133
356498,5,3,25
356498,5,4,19
356498,5,5,110
356498,6,1,5
356498,6,2,116
356498,6,3,31
356498,6,4,18
356498,6,5,121
356502,1,1,2
356502,1,2,173
356502,1,3,43
356502,1,4,47
356502,1,5,273
356502,1,6,1
356502,2,1,1
356502,2,2,186
356502,2,3,67
356502,2,4,36
356502,2,5,215
356502,2,6,1
356502,3,2,143
356502,3,3,41
356502,3,4,34
356502,3,5,218
356502,3,6,3
356502,4,1,2
356502,4,2,132
356502,4,3,47
356502,4,4,33
356502,4,5,211
356502,5,1,1
356502,5,2,204
356502,5,3,70
356502,5,4,48
356502,5,5,232
356502,5,6,3
356502,6,1,1
356502,6,2,122
356502,6,3,48
356502,6,4,11
356502,6,5,102
356502,7,2,73
356502,7,3,19
356502,7,5,81
356507,1,1,40
356507,1,2,102
356507,1,3,28
356507,1,4,54
356507,1,5,133
356507,2,1,84
356507,2,2,129
356507,2,3,49
356507,2,4,62
356507,2,5,150
356507,3,2,141
356507,3,3,18
356507,3,4,57
356507,3,5,141
356507,4,1,51
356507,4,2,96
356507,4,3,27
356507,4,4,82
356507,4,5,126
356507,5,1,99
356507,5,2,87
356507,5,3,35
356507,5,4,56
356507,5,5,119
356507,6,2,11
356507,6,3,3
356507,6,4,6
356507,6,5,28
356507,7,2,189
356507,7,3,32
356507,7,5,30
356510,1,1,3
356510,1,2,138
356510,1,3,38
356510,1,4,25
356510,1,5,235
356510,1,6,1
356510,2,1,3
356510,2,2,171
356510,2,3,60
356510,2,4,39
356510,2,5,250
356510,3,2,150
356510,3,3,65
356510,3,4,38
356510,3,5,257
356510,4,2,147
356510,4,3,52
356510,4,4,33
356510,4,5,217
356510,5,2,164
356510,5,3,63
356510,5,4,26
356510,5,5,209
356510,6,1,4
356510,6,2,109
356510,6,3,51
356510,6,4,17
356510,6,5,167
356510,7,2,46
356510,7,3,11
356510,7,5,25
356549,1,1,173
356549,1,2,86
356549,1,3,18
356549,1,4,60
356549,1,5,173
356549,2,1,195
356549,2,2,61
356549,2,3,21
356549,2,4,46
356549,2,5,141
356549,3,2,120
356549,3,3,37
356549,3,4,53
356549,3,5,134
356549,4,1,160
356549,4,2,76
356549,4,3,11
356549,4,4,23
356549,4,5,121
356549,5,1,88
356549,5,2,143
356549,5,3,19
356549,5,4,66
356549,5,5,130
356549,6,1,4
356549,6,2,19
356549,6,3,1
356549,6,4,4
356549,6,5,55
356549,7,2,7
356549,7,5,6
357327,1,1,20
357327,1,2,438
357327,1,3,13
357327,1,4,3
357327,1,5,39
357327,2,1,62
357327,2,2,419
357327,2,3,15
357327,2,4,12
357327,2,5,51
357327,3,2,513
357327,3,3,12
357327,3,4,5
357327,3,5,31
357327,4,1,28
357327,4,2,368
357327,4,3,20
357327,4,4,17
357327,4,5,54
357327,5,1,18
357327,5,2,410
357327,5,3,7
357327,5,4,8
357327,5,5,31
357330,1,2,241
357330,1,3,72
357330,1,4,12
357330,1,5,60
357330,2,1,1
357330,2,2,311
357330,2,3,139
357330,2,4,3
357330,2,5,65
357330,3,2,220
357330,3,3,73
357330,3,4,11
357330,3,5,61
357330,4,2,256
357330,4,3,100
357330,4,4,17
357330,4,5,74
357330,5,2,205
357330,5,3,94
357330,5,4,11
357330,5,5,80
357330,6,2,25
357330,6,3,7
357330,6,4,2
357330,6,5,22
357345,1,2,114
357345,1,3,18
357345,1,5,112
357345,2,2,177
357345,2,3,42
357345,2,5,127
357345,3,2,135
357345,3,3,43
357345,3,5,113
357345,4,2,186
357345,4,3,32
357345,4,5,130
357355,1,2,124
357355,1,3,32
357355,1,4,23
357355,1,5,119
357355,2,2,156
357355,2,3,69
357355,2,4,18
357355,2,5,148
357355,3,2,117
357355,3,3,35
357355,3,4,21
357355,3,5,121
357355,4,2,138
357355,4,3,45
357355,4,4,25
357355,4,5,148
357367,1,2,185
357367,1,3,31
357367,1,4,74
357367,1,5,189
357367,2,1,14
357367,2,2,158
357367,2,3,65
357367,2,4,77
357367,2,5,242
357367,3,2,124
357367,3,3,36
357367,3,4,55
357367,3,5,150
357367,3,6,1
357367,4,2,154
357367,4,3,42
357367,4,4,81
357367,4,5,138
357367,5,2,106
357367,5,3,21
357367,5,4,25
357367,5,5,40
357367,6,1,11
357367,6,2,35
357367,6,3,14
357367,6,4,13
357367,6,5,64
357367,7,2,22
357367,7,3,1
357367,7,5,3
357377,1,2,173
357377,1,3,97
357377,1,4,30
357377,1,5,235
357377,2,2,174
357377,2,3,120
357377,2,4,29
357377,2,5,206
357377,3,2,164
357377,3,3,104
357377,3,4,39
357377,3,5,188
357377,4,2,141
357377,4,3,66
357377,4,4,29
357377,4,5,197
357377,5,2,191
357377,5,3,95
357377,5,4,34
357377,5,5,200
357678,1,1,8
357678,1,2,90
357678,1,3,57
357678,1,4,55
357678,1,5,226
357678,2,1,3
357678,2,2,126
357678,2,3,62
357678,2,4,38
357678,2,5,238
357678,2,6,1
357678,3,1,1
357678,3,2,113
357678,3,3,104
357678,3,4,47
357678,3,5,223
357678,4,1,7
357678,4,2,79
357678,4,3,59
357678,4,4,45
357678,4,5,250
357678,5,1,20
357678,5,2,121
357678,5,3,83
357678,5,4,68
357678,5,5,244
357678,6,2,1
357678,6,5,3
357678,7,2,21
357678,7,3,2
357678,7,5,5
357702,1,1,153
357702,1,2,70
357702,1,3,30
357702,1,4,53
357702,1,5,136
357702,2,1,151
357702,2,2,89
357702,2,3,26
357702,2,4,62
357702,2,5,133
357702,3,1,64
357702,3,2,82
357702,3,3,21
357702,3,4,58
357702,3,5,154
357702,4,1,116
357702,4,2,75
357702,4,3,44
357702,4,4,45
357702,4,5,130
357702,5,1,124
357702,5,2,77
357702,5,3,31
357702,5,4,37
357702,5,5,104
357711,1,2,183
357711,1,3,79
357711,1,4,78
357711,1,5,183
357711,1,6,7
357711,2,2,161
357711,2,3,93
357711,2,4,40
357711,2,5,113
357711,2,6,4
357711,3,2,170
357711,3,3,69
357711,3,4,43
357711,3,5,127
357711,3,6,4
357711,4,2,171
357711,4,3,80
357711,4,4,53
357711,4,5,116
357711,4,6,4
357711,5,2,162
357711,5,3,69
357711,5,4,45
357711,5,5,102
357711,5,6,2
357711,6,2,134
357711,6,3,14
357711,6,4,37
357711,6,5,94
357711,6,6,2
357716,1,2,401
357716,1,3,23
357716,1,4,6
357716,1,5,50
357716,2,2,459
357716,2,3,39
357716,2,4,5
357716,2,5,69
357716,3,2,418
357716,3,3,30
357716,3,4,2
357716,3,5,59
357716,4,2,457
357716,4,3,34
357716,4,4,3
357716,4,5,68
357716,5,2,467
357716,5,3,31
357716,5,5,42
357752,1,2,223
357752,1,3,20
357752,1,4,126
357752,1,5,127
357752,2,2,218
357752,2,3,24
357752,2,4,135
357752,2,5,180
357752,3,2,217
357752,3,3,24
357752,3,4,124
357752,3,5,156
357752,4,1,2
357752,4,2,204
357752,4,3,31
357752,4,4,123
357752,4,5,168
357752,5,2,216
357752,5,3,29
357752,5,4,115
357752,5,5,174
357801,1,1,5
357801,1,2,148
357801,1,3,51
357801,1,4,74
357801,1,5,274
357801,2,1,1
357801,2,2,154
357801,2,3,65
357801,2,4,88
357801,2,5,275
357801,3,2,137
357801,3,3,67
357801,3,4,78
357801,3,5,289
357801,4,1,1
357801,4,2,127
357801,4,3,51
357801,4,4,62
357801,4,5,233
357801,5,2,128
357801,5,3,42
357801,5,4,38
357801,5,5,226
357801,6,1,11
357801,6,2,52
357801,6,3,13
357801,6,4,20
357801,6,5,95
357801,7,2,8
357801,7,5,3
357804,1,2,147
357804,1,3,19
357804,1,4,57
357804,1,5,95
357804,1,6,6
357804,2,2,158
357804,2,3,40
357804,2,4,58
357804,2,5,86
357804,2,6,4
357804,3,2,130
357804,3,3,40
357804,3,4,71
357804,3,5,97
357804,3,6,7
357804,4,2,143
357804,4,3,30
357804,4,4,50
357804,4,5,86
357804,4,6,2
357804,5,2,137
357804,5,3,33
357804,5,4,51
357804,5,5,69
357804,5,6,9
357804,6,2,78
357804,6,3,15
357804,6,4,17
357804,6,5,95
357804,7,2,12
357804,7,3,1
357804,7,5,7
358233,1,1,9
358233,1,2,183
358233,1,3,12
358233,1,4,168
358233,1,5,152
358233,2,1,6
358233,2,2,113
358233,2,3,20
358233,2,4,175
358233,2,5,223
358233,3,2,218
358233,3,3,25
358233,3,4,170
358233,3,5,161
358233,4,2,159
358233,4,3,26
358233,4,4,179
358233,4,5,192
358233,5,1,19
358233,5,2,171
358233,5,3,22
358233,5,4,161
358233,5,5,181
358233,6,2,2
358233,6,4,8
358233,6,5,20
358525,1,1,42
358525,1,2,65
358525,1,3,16
358525,1,4,107
358525,1,5,126
358525,2,1,100
358525,2,2,75
358525,2,3,28
358525,2,4,132
358525,2,5,167
358525,3,2,104
358525,3,3,20
358525,3,4,111
358525,3,5,148
358525,4,1,39
358525,4,2,92
358525,4,3,22
358525,4,4,117
358525,4,5,167
358525,5,1,83
358525,5,2,79
358525,5,3,19
358525,5,4,134
358525,5,5,138
358525,6,1,1
358525,6,2,11
358525,6,3,2
358525,6,4,16
358525,6,5,76
358647,1,2,107
358647,1,3,16
358647,1,4,154
358647,1,5,159
358647,2,2,146
358647,2,3,40
358647,2,4,190
358647,2,5,195
358647,3,2,145
358647,3,3,67
358647,3,4,103
358647,3,5,166
358647,4,1,9
358647,4,2,179
358647,4,3,53
358647,4,4,127
358647,4,5,164
358647,5,2,139
358647,5,3,72
358647,5,4,144
358647,5,5,152
358647,6,2,22
358647,6,3,2
358647,6,4,14
358647,6,5,20
358664,2,2,237
358664,2,3,11
358664,2,4,111
358664,2,5,138
358664,3,2,99
358664,3,3,6
358664,3,4,175
358664,3,5,207
358664,4,2,89
358664,4,3,6
358664,4,4,163
358664,4,5,203
358664,5,2,128
358664,5,3,12
358664,5,4,164
358664,5,5,170
358664,6,2,90
358664,6,3,6
358664,6,4,178
358664,6,5,332
358840,1,1,1
358840,1,2,84
358840,1,3,3
358840,1,4,124
358840,1,5,141
358840,2,1,11
358840,2,2,62
358840,2,3,5
358840,2,4,187
358840,2,5,176
358840,3,2,77
358840,3,3,3
358840,3,4,162
358840,3,5,127
358840,4,2,48
358840,4,3,2
358840,4,4,185
358840,4,5,185
358840,5,2,94
358840,5,3,5
358840,5,4,140
358840,5,5,155
358840,6,2,7
358840,6,4,25
358840,6,5,56
358856,1,1,64
358856,1,2,123
358856,1,3,13
358856,1,4,91
358856,1,5,195
358856,2,1,51
358856,2,2,113
358856,2,3,20
358856,2,4,90
358856,2,5,195
358856,3,1,7
358856,3,2,91
358856,3,3,15
358856,3,4,105
358856,3,5,134
358856,4,1,58
358856,4,2,101
358856,4,3,14
358856,4,4,105
358856,4,5,158
358856,5,1,64
358856,5,2,86
358856,5,3,13
358856,5,4,93
358856,5,5,147
358856,6,2,57
358856,6,3,3
358856,6,4,65
358856,6,5,183
358868,1,1,50
358868,1,2,29
358868,1,3,31
358868,1,4,102
358868,1,5,98
358868,2,1,81
358868,2,2,79
358868,2,3,47
358868,2,4,112
358868,2,5,99
358868,3,2,97
358868,3,3,34
358868,3,4,113
358868,3,5,91
358868,4,1,54
358868,4,2,85
358868,4,3,32
358868,4,4,131
358868,4,5,127
358868,5,1,66
358868,5,2,70
358868,5,3,25
358868,5,4,117
358868,5,5,123
358868,6,1,1
358868,6,2,1
358868,6,4,20
358868,6,5,27
358878,1,2,188
358878,1,3,21
358878,1,4,80
358878,1,5,106
358878,2,2,125
358878,2,3,35
358878,2,4,109
358878,2,5,162
358878,3,2,209
358878,3,3,38
358878,3,4,59
358878,3,5,115
358878,4,2,130
358878,4,3,29
358878,4,4,107
358878,4,5,160
358878,5,2,180
358878,5,3,49
358878,5,4,86
358878,5,5,183
358889,1,2,102
358889,1,3,126
358889,1,4,118
358889,1,5,168
358889,2,2,90
358889,2,3,116
358889,2,4,116
358889,2,5,154
358889,3,2,100
358889,3,3,123
358889,3,4,131
358889,3,5,137
358889,4,2,78
358889,4,3,163
358889,4,4,138
358889,4,5,163
358889,5,2,86
358889,5,3,140
358889,5,4,128
358889,5,5,162
358889,6,2,2
358889,6,3,4
358889,6,4,5
358889,6,5,9
358896,1,2,9
358896,1,3,2
358896,1,4,12
358896,1,5,13
358896,2,2,64
358896,2,3,2
358896,2,4,154
358896,2,5,99
358896,3,2,67
358896,3,3,5
358896,3,4,142
358896,3,5,95
358896,4,2,27
358896,4,3,4
358896,4,4,176
358896,4,5,133
358896,5,2,109
358896,5,3,1
358896,5,4,118
358896,5,5,94
358896,6,2,34
358896,6,3,3
358896,6,4,161
358896,6,5,202
358914,1,1,162
358914,1,2,111
358914,1,3,40
358914,1,4,49
358914,1,5,165
358914,2,1,204
358914,2,2,146
358914,2,3,57
358914,2,4,42
358914,2,5,119
358914,3,1,29
358914,3,2,156
358914,3,3,40
358914,3,4,58
358914,3,5,138
358914,4,1,173
358914,4,2,130
358914,4,3,53
358914,4,4,54
358914,4,5,122
358914,5,1,232
358914,5,2,146
358914,5,3,63
358914,5,4,41
358914,5,5,132
358928,1,1,68
358928,1,2,96
358928,1,3,22
358928,1,4,100
358928,1,5,110
358928,2,1,46
358928,2,2,85
358928,2,3,27
358928,2,4,85
358928,2,5,122
358928,3,1,9
358928,3,2,98
358928,3,3,27
358928,3,4,105
358928,3,5,117
358928,4,1,58
358928,4,2,77
358928,4,3,22
358928,4,4,102
358928,4,5,118
358928,5,1,70
358928,5,2,71
358928,5,3,19
358928,5,4,110
358928,5,5,121
358929,1,2,9
358929,1,4,32
358929,1,5,58
358929,2,1,1
358929,2,2,55
358929,2,3,2
358929,2,4,216
358929,2,5,200
358929,3,2,99
358929,3,3,5
358929,3,4,126
358929,3,5,114
358929,4,2,75
358929,4,3,4
358929,4,4,231
358929,4,5,175
358929,5,2,62
358929,5,3,8
358929,5,4,195
358929,5,5,199
358929,6,2,23
358929,6,3,3
358929,6,4,253
358929,6,5,305
358939,1,2,7
358939,1,3,1
358939,1,4,35
358939,1,5,40
358939,2,2,52
358939,2,3,6
358939,2,4,265
358939,2,5,169
358939,3,2,49
358939,3,3,5
358939,3,4,191
358939,3,5,119
358939,4,2,47
358939,4,3,6
358939,4,4,231
358939,4,5,157
358939,5,2,78
358939,5,4,218
358939,5,5,155
358939,6,2,34
358939,6,3,8
358939,6,4,242
358939,6,5,226
359294,1,2,22
359294,1,3,1
359294,1,4,62
359294,1,5,72
359294,2,2,25
359294,2,3,4
359294,2,4,77
359294,2,5,79
359294,3,2,41
359294,3,3,5
359294,3,4,51
359294,3,5,37
359294,4,2,21
359294,4,3,2
359294,4,4,64
359294,4,5,73
359294,5,2,48
359294,5,3,2
359294,5,4,69
359294,5,5,58
359316,1,1,2
359316,1,2,59
359316,1,3,29
359316,1,4,42
359316,1,5,72
359316,1,6,4
359316,2,1,7
359316,2,2,44
359316,2,3,34
359316,2,4,57
359316,2,5,82
359316,3,1,2
359316,3,2,36
359316,3,3,32
359316,3,4,22
359316,3,5,53
359316,3,6,4
359316,4,1,3
359316,4,2,26
359316,4,3,19
359316,4,4,34
359316,4,5,46
359316,4,6,2
359316,5,1,4
359316,5,2,52
359316,5,3,18
359316,5,4,35
359316,5,5,65
359316,6,2,6
359316,6,3,6
359316,6,4,9
359316,6,5,23
359316,7,2,3
359316,7,5,2
359324,1,2,63
359324,1,3,30
359324,1,4,65
359324,1,5,58
359324,2,2,41
359324,2,3,32
359324,2,4,47
359324,2,5,59
359324,3,2,29
359324,3,3,30
359324,3,4,27
359324,3,5,52
359324,4,2,48
359324,4,3,32
359324,4,4,45
359324,4,5,48
359324,4,6,1
359324,5,2,44
359324,5,3,35
359324,5,4,60
359324,5,5,60
359324,6,2,16
359324,6,3,6
359324,6,4,7
359324,6,5,19
359324,7,2,1
359324,7,5,4
359325,2,2,22
359325,2,4,90
359325,2,5,71
359325,3,2,19
359325,3,3,1
359325,3,4,53
359325,3,5,45
359325,4,2,32
359325,4,4,62
359325,4,5,66
359325,5,2,29
359325,5,4,90
359325,5,5,66
359325,6,2,11
359325,6,3,1
359325,6,4,71
359325,6,5,95
359326,1,2,27
359326,1,3,3
359326,1,4,85
359326,1,5,97
359326,2,2,23
359326,2,3,7
359326,2,4,81
359326,2,5,75
359326,3,2,17
359326,3,3,5
359326,3,4,54
359326,3,5,44
359326,4,2,62
359326,4,3,4
359326,4,4,38
359326,4,5,54
359326,5,2,31
359326,5,3,5
359326,5,4,56
359326,5,5,65
359326,6,2,5
359326,6,3,3
359326,6,4,77
359326,6,5,96
359330,1,2,40
359330,1,3,13
359330,1,4,70
359330,1,5,72
359330,1,6,1
359330,2,2,29
359330,2,3,16
359330,2,4,73
359330,2,5,77
359330,2,6,4
359330,3,2,23
359330,3,3,11
359330,3,4,42
359330,3,5,63
359330,3,6,1
359330,4,2,34
359330,4,3,12
359330,4,4,34
359330,4,5,82
359330,5,2,22
359330,5,3,7
359330,5,4,58
359330,5,5,79
359330,5,6,1
359330,6,2,3
359330,6,3,4
359330,6,5,6
359330,7,2,3
359330,7,3,1
359330,7,5,11
894955,1,2,49
894955,1,3,155
894955,1,5,3
894955,2,2,96
894955,2,3,140
894955,2,5,2
894955,3,2,73
894955,3,3,102
894955,4,2,97
894955,4,3,107
894955,4,5,2
894955,4,,1
894955,5,2,70
894955,5,3,107
894955,6,2,8
894955,6,3,14
894955,6,5,2
894955,7,2,20
894955,7,3,4
895496,1,2,31
895496,1,3,170
895496,1,4,1
895496,1,5,1
895496,2,2,84
895496,2,3,251
895496,3,2,48
895496,3,3,261
895496,3,4,3
895496,3,5,1
895496,4,2,84
895496,4,3,229
895496,4,5,2
895496,5,2,41
895496,5,3,89
895496,5,4,1
895496,5,5,1
895496,6,3,1
895496,7,3,1
897937,1,2,1
897937,1,3,2
897937,2,1,102
897937,2,2,119
897937,2,3,73
897937,2,4,1
897937,2,5,7
897937,3,1,3
897937,3,2,143
897937,3,3,145
897937,3,4,1
897937,3,5,17
897937,4,1,44
897937,4,2,40
897937,4,3,42
897937,4,4,4
897937,4,5,7
897937,5,1,63
897937,5,2,95
897937,5,3,90
897937,5,5,7
897937,6,2,42
897937,6,3,50
897937,6,4,2
897937,6,5,32
897937,7,1,1
901890,1,1,1
901890,1,2,142
901890,1,3,25
901890,1,5,13
901890,2,2,199
901890,2,3,34
901890,2,5,18
901890,3,2,221
901890,3,3,35
901890,3,4,1
901890,3,5,32
901890,3,,1
901890,4,1,1
901890,4,2,203
901890,4,3,37
901890,4,5,25
901890,5,2,167
901890,5,3,29
901890,5,5,28
901890,5,,1
901890,6,2,3
901890,7,2,1
901890,7,5,1
903106,1,2,28
903106,1,3,282
903106,1,5,40
903106,2,2,20
903106,2,3,351
903106,2,5,24
903106,3,1,3
903106,3,2,17
903106,3,3,296
903106,3,5,138
903106,4,1,1
903106,4,2,15
903106,4,3,345
903106,4,4,1
903106,4,5,34
903106,4,,1
903106,5,1,1
903106,5,2,8
903106,5,3,213
903106,5,4,1
903106,5,5,31
903106,7,5,1
904597,1,2,180
904597,1,3,167
904597,1,5,11
904597,1,6,1
904597,2,2,262
904597,2,3,185
904597,2,4,4
904597,2,5,12
904597,2,6,1
904597,3,2,242
904597,3,3,195
904597,3,5,15
904597,3,6,1
904597,4,2,221
904597,4,3,149
904597,4,5,7
904597,4,,1
904597,5,2,142
904597,5,3,96
904597,5,4,1
904597,5,5,3
904597,6,2,1
904597,6,3,3
904597,7,2,1
904597,7,3,1
906258,1,1,59
906258,1,2,220
906258,1,3,62
906258,1,5,22
906258,1,,1
906258,2,1,80
906258,2,2,184
906258,2,3,97
906258,2,5,20
906258,2,,1
906258,3,2,207
906258,3,3,77
906258,3,5,17
906258,4,1,50
906258,4,2,148
906258,4,3,98
906258,4,5,14
906258,5,1,96
906258,5,2,200
906258,5,3,74
906258,5,4,2
906258,5,5,8
906258,6,1,1
906258,6,5,1
906659,1,1,3
906659,1,2,57
906659,1,3,152
906659,1,,1
906659,2,2,49
906659,2,3,133
906659,2,4,3
906659,2,5,1
906659,3,1,2
906659,3,2,37
906659,3,3,152
906659,3,5,2
906659,3,,1
906659,4,1,3
906659,4,2,54
906659,4,3,120
906659,4,4,1
906659,4,5,1
906659,5,2,35
906659,5,3,82
906659,5,4,2
906659,5,5,1
906659,5,,3
906659,7,3,1
907041,1,1,7
907041,1,2,44
907041,1,3,329
907041,1,5,24
907041,1,,1
907041,2,1,2
907041,2,2,30
907041,2,3,296
907041,2,5,42
907041,2,6,1
907041,3,1,10
907041,3,2,34
907041,3,3,317
907041,3,4,2
907041,3,5,27
907041,4,1,1
907041,4,2,35
907041,4,3,267
907041,4,5,41
907041,4,,1
907041,5,1,2
907041,5,2,58
907041,5,3,260
907041,5,5,50
907041,6,3,3
907041,7,2,4
907041,7,3,5
907041,7,5,2
911170,1,2,22
911170,1,3,48
911170,2,2,34
911170,2,3,99
911170,3,2,30
911170,3,3,69
911170,4,2,92
911170,4,3,73
911170,5,2,95
911170,5,3,112
911170,5,4,1
911170,6,3,1
915560,1,2,35
915560,1,3,205
915560,1,4,1
915560,1,,2
915560,2,2,9
915560,2,3,225
915560,2,4,1
915560,2,,2
915560,3,2,3
915560,3,3,272
915560,3,4,1
915560,4,3,220
915560,4,5,1
915560,4,6,1
915560,4,,1
915560,5,2,22
915560,5,3,199
915560,5,4,2
915560,6,2,5
915560,6,3,15
915560,7,2,3
915560,7,3,3
916949,1,2,49
916949,1,4,1
916949,1,5,9
916949,2,2,107
916949,2,4,1
916949,2,5,24
916949,3,2,114
916949,3,3,19
916949,3,5,39
916949,3,,1
916949,4,1,2
916949,4,2,63
916949,4,5,13
916949,5,2,98
916949,5,3,1
916949,5,4,1
916949,5,5,30
916949,6,2,2
920567,1,1,26
920567,1,2,80
920567,1,3,209
920567,1,5,5
920567,2,1,43
920567,2,2,80
920567,2,3,246
920567,2,5,19
920567,2,,2
920567,3,2,86
920567,3,3,310
920567,3,5,1
920567,4,1,38
920567,4,2,63
920567,4,3,276
920567,4,4,3
920567,4,5,6
920567,4,,1
920567,5,1,36
920567,5,2,60
920567,5,3,301
920567,5,4,1
920567,5,5,3
920567,6,1,1
920567,6,2,4
920567,7,2,1
921002,1,2,13
921002,1,3,211
921002,2,2,15
921002,2,3,242
921002,3,2,21
921002,3,3,173
921002,4,2,8
921002,4,3,207
921002,5,2,17
921002,5,3,191
921002,5,,1
921002,6,2,9
921002,6,3,2
921002,7,2,2
922379,1,2,16
922379,1,3,113
922379,2,2,7
922379,2,3,117
922379,3,3,116
922379,4,2,14
922379,4,3,177
922379,5,2,19
922379,5,3,130
922379,6,2,1
922379,6,3,2
925657,1,1,4
925657,1,2,352
925657,1,3,145
925657,1,4,3
925657,1,5,21
925657,1,,3
925657,2,1,3
925657,2,2,422
925657,2,3,179
925657,2,4,3
925657,2,5,11
925657,2,,9
925657,3,2,344
925657,3,3,171
925657,3,4,7
925657,3,5,20
925657,3,,7
925657,4,1,5
925657,4,2,348
925657,4,3,125
925657,4,4,8
925657,4,5,16
925657,4,,6
925657,5,2,6
925657,5,3,5
925657,6,2,4
925657,6,3,1
925657,7,1,5
925657,7,2,604
925657,7,3,59
925657,7,4,4
925657,7,5,9
925657,7,6,1
925657,7,,1
926024,1,1,36
926024,1,2,55
926024,1,3,176
926024,1,5,2
926024,1,,7
926024,2,1,26
926024,2,2,38
926024,2,3,201
926024,2,5,5
926024,2,,2
926024,3,1,13
926024,3,2,42
926024,3,3,179
926024,3,4,2
926024,3,5,3
926024,3,,4
926024,4,1,6
926024,4,2,53
926024,4,3,197
926024,4,5,2
926024,4,,2
926024,5,1,17
926024,5,2,73
926024,5,3,258
926024,5,4,1
926024,5,,2
926024,6,1,1
926024,6,2,5
926024,6,3,14
926024,7,1,1
926024,7,2,6
926024,7,3,10
926112,1,2,105
926112,1,3,153
926112,1,5,8
926112,2,2,102
926112,2,3,224
926112,2,5,6
926112,2,6,1
926112,3,2,50
926112,3,3,117
926112,3,5,8
926112,4,2,52
926112,4,3,132
926112,4,5,6
926112,4,,1
926112,5,2,68
926112,5,3,102
926112,5,5,6
926112,6,2,2
926112,6,3,5
926112,7,3,2
926560,1,2,4
926560,1,3,2
926560,2,1,2
926560,2,2,94
926560,2,3,35
926560,2,4,2
926560,2,5,3
926560,3,2,68
926560,3,3,49
926560,3,5,3
926560,3,6,1
926560,4,2,57
926560,4,3,26
926560,5,1,2
926560,5,2,89
926560,5,3,47
926560,5,5,1
926560,6,2,8
926560,6,3,1
926560,6,4,1
926560,7,2,1
926560,7,3,1
927355,1,2,66
927355,1,3,195
927355,1,4,1
927355,1,5,1
927355,2,2,20
927355,2,3,237
927355,2,4,1
927355,3,2,27
927355,3,3,277
927355,3,4,2
927355,3,5,1
927355,3,,1
927355,4,2,11
927355,4,3,271
927355,4,4,1
927355,4,5,1
927355,5,2,58
927355,5,3,176
927355,6,2,3
927355,6,3,14
927355,7,2,7
927355,7,3,7
927373,1,1,1
927373,1,2,41
927373,1,3,225
927373,1,,1
927373,2,2,45
927373,2,3,227
927373,2,4,1
927373,2,5,3
927373,3,2,29
927373,3,3,242
927373,3,,3
927373,4,1,1
927373,4,2,49
927373,4,3,178
927373,4,5,4
927373,4,,1
927373,5,2,1
927373,5,3,3
927373,6,2,6
927373,6,3,2
927373,6,5,1
927373,7,2,11
927373,7,3,2
927373,7,5,3
927487,1,2,74
927487,1,3,105
927487,1,,1
927487,2,1,2
927487,2,2,122
927487,2,3,52
927487,2,5,1
927487,3,2,91
927487,3,3,92
927487,3,4,1
927487,3,,1
927487,4,2,82
927487,4,3,56
927487,4,5,2
927487,5,2,1
927487,5,3,5
927487,6,2,22
927487,6,3,7
927487,6,4,1
927487,7,2,24
927636,1,2,95
927636,1,3,163
927636,1,5,1
927636,2,1,1
927636,2,2,103
927636,2,3,262
927636,2,4,1
927636,3,2,122
927636,3,3,271
927636,3,4,2
927636,3,5,2
927636,3,,2
927636,4,1,1
927636,4,2,117
927636,4,3,194
927636,4,4,2
927636,4,5,2
927636,4,,1
927636,5,2,105
927636,5,3,162
927636,6,3,1
927636,7,2,1
927636,7,3,2
927706,1,2,7
927706,1,3,157
927706,1,4,2
927706,1,5,1
927706,2,2,24
927706,2,3,86
927706,2,4,1
927706,3,2,12
927706,3,3,121
927706,3,4,1
927706,3,,2
927706,4,2,4
927706,4,3,81
927706,4,5,1
927706,5,2,20
927706,5,3,108
927706,5,4,2
927706,6,2,7
927706,6,3,3
927706,7,2,7
927706,7,3,1
929025,1,2,69
929025,1,3,26
929025,1,5,1
929025,2,2,110
929025,2,3,55
929025,2,4,5
929025,3,2,93
929025,3,3,83
929025,3,,1
929025,4,1,1
929025,4,2,97
929025,4,3,48
929025,4,5,2
929025,5,2,60
929025,5,3,28
929025,7,2,2
929025,7,3,5
929923,1,1,5
929923,1,2,162
929923,1,3,58
929923,1,5,5
929923,1,,1
929923,2,1,7
929923,2,2,280
929923,2,3,134
929923,2,4,6
929923,2,5,13
929923,2,,1
929923,3,2,164
929923,3,3,82
929923,3,4,4
929923,3,5,12
929923,3,,3
929923,4,1,5
929923,4,2,195
929923,4,3,77
929923,4,4,11
929923,4,5,7
929923,5,1,7
929923,5,2,165
929923,5,3,85
929923,5,4,16
929923,5,5,5
929923,5,,3
929923,6,2,1
929923,6,3,1
929923,7,2,3
929923,7,3,1
932402,1,2,188
932402,1,3,270
932402,1,4,15
932402,1,5,1
932402,2,1,3
932402,2,2,165
932402,2,3,302
932402,2,4,4
932402,2,5,3
932402,3,1,1
932402,3,2,228
932402,3,3,305
932402,3,4,6
932402,3,5,2
932402,4,1,2
932402,4,2,165
932402,4,3,254
932402,4,4,10
932402,5,1,1
932402,5,2,184
932402,5,3,290
932402,5,4,3
932402,6,2,2
932402,6,3,22
932402,7,2,1
932402,7,3,3
932845,1,1,2
932845,1,2,155
932845,1,3,199
932845,1,4,20
932845,1,,3
932845,2,1,2
932845,2,2,171
932845,2,3,205
932845,2,4,3
932845,2,6,1
932845,2,,3
932845,3,2,221
932845,3,3,277
932845,3,4,10
932845,3,5,5
932845,3,,2
932845,4,2,193
932845,4,3,239
932845,4,4,6
932845,4,,3
932845,5,2,188
932845,5,3,221
932845,5,4,2
932845,5,5,2
932845,5,,2
932845,7,2,3
934615,1,2,1
934615,1,3,8
934615,2,1,1
934615,2,2,26
934615,2,3,212
934615,2,4,1
934615,2,5,10
934615,2,,1
934615,3,2,32
934615,3,3,284
934615,3,5,4
934615,3,,5
934615,4,2,28
934615,4,3,286
934615,4,4,2
934615,4,5,3
934615,5,2,37
934615,5,3,317
934615,5,4,2
934615,5,5,3
934615,5,,3
934615,6,2,67
934615,6,3,252
934615,6,5,7
934615,6,,3
934615,7,2,2
934615,7,3,10
936299,1,2,1
936299,2,1,5
936299,2,2,87
936299,2,3,177
936299,2,5,22
936299,3,1,12
936299,3,2,98
936299,3,3,247
936299,3,5,23
936299,4,1,10
936299,4,2,102
936299,4,3,237
936299,4,4,1
936299,4,5,11
936299,5,1,9
936299,5,2,80
936299,5,3,222
936299,5,4,4
936299,5,5,16
936299,6,1,23
936299,6,2,70
936299,6,3,122
936299,6,4,3
936299,6,5,39
936299,7,2,1
936299,7,5,2
938339,1,1,59
938339,1,2,34
938339,1,3,12
938339,1,5,3
938339,2,1,50
938339,2,2,47
938339,2,3,29
938339,2,4,3
938339,2,5,4
938339,2,,1
938339,3,1,1
938339,3,2,36
938339,3,3,14
938339,3,5,33
938339,4,2,36
938339,4,3,23
938339,4,4,1
938339,4,5,7
938339,4,,1
938339,5,2,27
938339,5,3,11
938339,5,5,1
938339,6,2,2
938339,6,3,1
938339,6,5,1
938339,7,1,1
938339,7,2,213
938339,7,3,44
938339,7,4,9
938339,7,5,14
938339,7,,1
939874,1,1,21
939874,1,2,65
939874,1,3,136
939874,1,4,3
939874,1,5,5
939874,2,1,25
939874,2,2,51
939874,2,3,145
939874,2,5,10
939874,2,,1
939874,3,2,57
939874,3,3,85
939874,3,4,3
939874,4,1,15
939874,4,2,40
939874,4,3,103
939874,4,4,4
939874,4,5,9
939874,5,1,31
939874,5,2,45
939874,5,3,94
939874,5,4,4
939874,5,5,13
939874,6,2,5
939874,6,3,2
939874,7,3,2
939874,7,5,2
940460,1,2,19
940460,1,3,110
940460,2,2,40
940460,2,3,153
940460,3,2,45
940460,3,3,131
940460,3,,1
940460,4,2,25
940460,4,3,77
940460,4,,1
940460,5,2,36
940460,5,3,73
940460,5,,1
940460,6,2,2
940460,6,3,3
940460,7,2,1
940460,7,3,1
940864,1,1,2
940864,1,2,41
940864,1,3,235
940864,1,4,3
940864,2,1,1
940864,2,2,75
940864,2,3,214
940864,3,2,45
940864,3,3,180
940864,3,5,1
940864,4,2,7
940864,4,3,201
940864,5,2,10
940864,5,3,165
942819,1,1,75
942819,1,2,105
942819,1,3,193
942819,1,4,3
942819,1,5,3
942819,1,,2
942819,2,1,24
942819,2,2,77
942819,2,3,110
942819,2,5,3
942819,2,,7
942819,3,1,1
942819,3,2,123
942819,3,3,186
942819,3,4,2
942819,3,,8
942819,4,1,46
942819,4,2,77
942819,4,3,172
942819,4,5,2
942819,4,,2
942819,5,1,82
942819,5,2,146
942819,5,3,208
942819,5,4,4
942819,5,5,11
942819,5,,1
942819,6,2,1
942819,7,1,2
942819,7,3,4
945266,1,1,2
945266,1,2,100
945266,1,3,263
945266,1,4,1
945266,2,1,5
945266,2,2,87
945266,2,3,242
945266,3,2,72
945266,3,3,214
945266,4,1,2
945266,4,2,44
945266,4,3,241
945266,4,4,1
945266,4,5,1
945266,5,2,16
945266,5,3,129
945266,5,5,2
945266,6,2,2
945266,7,3,5
