issuer_code,type_day,violation_code,count
330039,Week,10,1
330039,Week,13,1
330039,Week,14,182
330039,Week,16,101
330039,Week,17,31
330039,Week,19,6
330039,Week,20,164
330039,Week,24,1
330039,Week,31,46
330039,Week,38,2
330039,Week,40,27
330039,Week,46,7
330039,Week,47,2
330039,Week,48,5
330039,Week,49,1
330039,Week,50,4
330039,Week,51,1
330039,Week,53,4
330039,Week,61,1
330039,Week,64,1
330039,Week,66,8
330039,Week,69,3
330039,Week,70,9
330039,Week,71,14
330039,Week,74,1
330039,Week,75,1
330039,Week,82,2
330039,Week,84,5
330039,Week,98,1
330039,Weekend,10,1
330039,Weekend,13,16
330039,Weekend,14,110
330039,Weekend,16,15
330039,Weekend,17,60
330039,Weekend,19,35
330039,Weekend,20,38
330039,Weekend,23,2
330039,Weekend,40,33
330039,Weekend,46,4
330039,Weekend,50,5
330039,Weekend,53,4
330039,Weekend,61,1
330039,Weekend,64,8
330039,Weekend,66,7
330039,Weekend,67,4
330039,Weekend,70,4
330039,Weekend,71,14
330039,Weekend,74,1
330039,Weekend,75,1
330068,Week,10,1
330068,Week,11,1
330068,Week,13,11
330068,Week,14,278
330068,Week,16,3
330068,Week,17,31
330068,Week,18,2
330068,Week,19,20
330068,Week,20,1
330068,Week,31,94
330068,Week,37,13
330068,Week,38,36
330068,Week,40,13
330068,Week,42,162
330068,Week,46,4
330068,Week,47,118
330068,Week,48,17
330068,Week,50,3
330068,Week,51,5
330068,Week,69,515
330068,Week,70,6
330068,Week,71,13
330068,Week,82,7
330068,Week,84,16
330068,Weekend,14,4
330068,Weekend,31,4
330068,Weekend,37,4
330068,Weekend,38,6
330068,Weekend,42,3
330068,Weekend,47,1
330068,Weekend,69,3
330068,Weekend,71,1
330069,Week,10,9
330069,Week,13,13
330069,Week,14,272
330069,Week,17,14
330069,Week,18,1
330069,Week,19,14
330069,Week,20,4
330069,Week,31,76
330069,Week,37,2
330069,Week,38,68
330069,Week,40,41
330069,Week,42,83
330069,Week,46,71
330069,Week,47,286
330069,Week,69,890
330069,Week,70,2
330069,Week,74,1
330069,Week,84,51
330551,Week,14,37
330551,Week,16,875
330551,Week,17,29
330551,Week,19,8
330551,Week,20,430
330551,Week,21,136
330551,Week,37,44
330551,Week,38,37
330551,Week,40,50
330551,Week,46,15
330551,Week,48,1
330551,Week,51,8
330551,Week,70,21
330551,Week,71,61
330551,Week,74,5
330593,Week,10,1
330593,Week,13,1
330593,Week,14,341
330593,Week,17,10
330593,Week,19,14
330593,Week,20,1
330593,Week,31,83
330593,Week,37,18
330593,Week,38,20
330593,Week,40,7
330593,Week,42,292
330593,Week,47,140
330593,Week,48,13
330593,Week,50,1
330593,Week,51,2
330593,Week,64,29
330593,Week,69,803
330593,Week,70,8
330593,Week,71,32
330593,Week,74,4
330593,Week,75,1
330593,Week,82,2
330593,Week,84,41
330593,Weekend,14,2
330593,Weekend,64,2
330593,Weekend,69,2
330924,Week,11,2
330924,Week,13,9
330924,Week,14,536
330924,Week,16,6
330924,Week,17,8
330924,Week,19,50
330924,Week,20,3
330924,Week,22,1
330924,Week,24,1
330924,Week,31,186
330924,Week,38,1
330924,Week,40,25
330924,Week,42,37
330924,Week,46,6
330924,Week,47,359
330924,Week,50,6
330924,Week,51,1
330924,Week,69,522
330924,Week,70,6
330924,Week,71,22
330924,Week,82,6
330924,Week,98,1
330924,Weekend,14,31
330924,Weekend,16,9
330924,Weekend,19,5
330924,Weekend,20,2
330924,Weekend,31,15
330924,Weekend,37,8
330924,Weekend,38,35
330924,Weekend,46,3
330924,Weekend,47,2
330924,Weekend,69,3
330924,Weekend,71,4
330924,Weekend,74,1
330957,Week,10,1
330957,Week,13,1
330957,Week,14,281
330957,Week,16,1
330957,Week,17,37
330957,Week,19,21
330957,Week,20,7
330957,Week,31,322
330957,Week,37,18
330957,Week,38,39
330957,Week,40,27
330957,Week,42,163
330957,Week,46,72
330957,Week,47,37
330957,Week,48,6
330957,Week,50,12
330957,Week,51,3
330957,Week,52,1
330957,Week,67,1
330957,Week,69,362
330957,Week,70,3
330957,Week,71,22
330957,Week,79,2
330957,Week,82,48
330957,Week,83,1
330957,Week,84,5
330957,Week,89,2
330978,Week,8,11
330978,Week,10,26
330978,Week,11,1
330978,Week,13,5
330978,Week,14,301
330978,Week,16,14
330978,Week,17,5
330978,Week,18,1
330978,Week,19,35
330978,Week,20,59
330978,Week,21,199
330978,Week,31,40
330978,Week,38,22
330978,Week,40,17
330978,Week,42,8
330978,Week,46,4
330978,Week,47,144
330978,Week,48,12
330978,Week,50,1
330978,Week,51,6
330978,Week,53,3
330978,Week,60,1
330978,Week,64,1
330978,Week,66,5
330978,Week,69,93
330978,Week,70,8
330978,Week,71,23
330978,Week,74,4
330978,Week,75,1
330978,Week,82,1
330978,Week,84,55
330978,Weekend,8,1
330978,Weekend,10,8
330978,Weekend,13,2
330978,Weekend,14,107
330978,Weekend,16,25
330978,Weekend,17,17
330978,Weekend,19,27
330978,Weekend,20,55
330978,Weekend,21,5
330978,Weekend,31,70
330978,Weekend,37,5
330978,Weekend,38,52
330978,Weekend,40,24
330978,Weekend,42,8
330978,Weekend,46,6
330978,Weekend,47,76
330978,Weekend,48,5
330978,Weekend,50,1
330978,Weekend,51,1
330978,Weekend,64,3
330978,Weekend,66,2
330978,Weekend,69,17
330978,Weekend,70,4
330978,Weekend,71,29
330978,Weekend,74,1
330978,Weekend,75,2
330978,Weekend,84,10
330978,Weekend,98,1
331074,Week,10,11
331074,Week,11,1
331074,Week,13,3
331074,Week,14,167
331074,Week,16,9
331074,Week,17,3
331074,Week,19,10
331074,Week,20,41
331074,Week,21,164
331074,Week,31,10
331074,Week,37,1
331074,Week,38,37
331074,Week,40,12
331074,Week,47,32
331074,Week,48,10
331074,Week,51,13
331074,Week,53,1
331074,Week,64,1
331074,Week,66,10
331074,Week,69,54
331074,Week,70,3
331074,Week,71,33
331074,Week,82,2
331074,Week,84,13
331074,Weekend,11,1
331074,Weekend,13,7
331074,Weekend,14,44
331074,Weekend,16,6
331074,Weekend,17,12
331074,Weekend,19,5
331074,Weekend,20,14
331074,Weekend,31,1
331074,Weekend,38,15
331074,Weekend,40,28
331074,Weekend,47,2
331074,Weekend,48,1
331074,Weekend,50,3
331074,Weekend,51,1
331074,Weekend,61,1
331074,Weekend,66,14
331074,Weekend,69,2
331074,Weekend,70,14
331074,Weekend,71,66
331074,Weekend,74,8
331074,Weekend,84,1
331261,Week,13,1
331261,Week,14,452
331261,Week,16,78
331261,Week,17,15
331261,Week,19,9
331261,Week,20,3
331261,Week,31,454
331261,Week,40,3
331261,Week,46,1
331261,Week,47,84
331261,Week,51,1
331261,Week,69,279
331261,Week,70,2
331261,Week,74,17
331261,Week,82,690
331261,Week,84,11
331261,Weekend,14,1
331261,Weekend,19,1
331261,Weekend,46,1
331261,Weekend,82,2
331356,Week,10,6
331356,Week,13,6
331356,Week,14,205
331356,Week,16,93
331356,Week,17,2
331356,Week,19,7
331356,Week,20,157
331356,Week,24,7
331356,Week,31,73
331356,Week,37,3
331356,Week,38,11
331356,Week,40,38
331356,Week,45,7
331356,Week,46,13
331356,Week,47,10
331356,Week,48,8
331356,Week,50,1
331356,Week,51,8
331356,Week,53,1
331356,Week,60,1
331356,Week,61,2
331356,Week,64,1
331356,Week,70,10
331356,Week,71,21
331356,Week,74,5
331356,Week,82,5
331356,Week,83,14
331356,Week,84,12
331356,Weekend,10,1
331356,Weekend,13,2
331356,Weekend,14,63
331356,Weekend,16,22
331356,Weekend,17,8
331356,Weekend,19,5
331356,Weekend,20,25
331356,Weekend,31,5
331356,Weekend,37,1
331356,Weekend,38,31
331356,Weekend,40,25
331356,Weekend,46,6
331356,Weekend,47,10
331356,Weekend,48,9
331356,Weekend,51,3
331356,Weekend,53,1
331356,Weekend,66,1
331356,Weekend,70,1
331356,Weekend,71,13
331356,Weekend,74,6
331356,Weekend,75,1
331356,Weekend,83,19
331356,Weekend,84,3
331794,Week,10,5
331794,Week,11,1
331794,Week,13,6
331794,Week,14,143
331794,Week,16,106
331794,Week,17,18
331794,Week,18,2
331794,Week,19,41
331794,Week,20,97
331794,Week,21,54
331794,Week,24,6
331794,Week,37,473
331794,Week,38,583
331794,Week,39,9
331794,Week,40,75
331794,Week,42,1
331794,Week,46,19
331794,Week,48,7
331794,Week,50,2
331794,Week,51,2
331794,Week,53,13
331794,Week,69,3
331794,Week,70,54
331794,Week,71,75
331794,Week,74,19
331794,Week,82,22
331794,Weekend,14,6
331794,Weekend,20,2
331794,Weekend,37,2
331794,Weekend,38,9
331794,Weekend,40,4
331794,Weekend,71,5
331829,Week,9,2
331829,Week,10,1
331829,Week,11,4
331829,Week,13,34
331829,Week,14,202
331829,Week,17,16
331829,Week,19,7
331829,Week,20,1
331829,Week,31,267
331829,Week,40,10
331829,Week,42,57
331829,Week,46,6
331829,Week,47,6
331829,Week,48,3
331829,Week,50,2
331829,Week,51,40
331829,Week,67,1
331829,Week,69,116
331829,Week,70,6
331829,Week,71,9
331829,Week,74,1
331829,Week,82,45
331829,Week,84,2
331829,Week,89,67
331829,Weekend,9,10
331829,Weekend,10,2
331829,Weekend,11,15
331829,Weekend,13,55
331829,Weekend,14,144
331829,Weekend,17,74
331829,Weekend,19,22
331829,Weekend,20,5
331829,Weekend,27,1
331829,Weekend,31,37
331829,Weekend,37,5
331829,Weekend,38,27
331829,Weekend,40,116
331829,Weekend,42,2
331829,Weekend,46,20
331829,Weekend,47,39
331829,Weekend,48,2
331829,Weekend,50,8
331829,Weekend,51,7
331829,Weekend,60,1
331829,Weekend,61,4
331829,Weekend,64,8
331829,Weekend,69,17
331829,Weekend,70,9
331829,Weekend,71,46
331829,Weekend,74,1
331829,Weekend,82,28
331829,Weekend,83,41
331829,Weekend,84,2
331829,Weekend,89,9
332944,Week,4,1
332944,Week,8,12
332944,Week,10,14
332944,Week,13,4
332944,Week,14,264
332944,Week,16,107
332944,Week,17,13
332944,Week,18,26
332944,Week,19,35
332944,Week,20,73
332944,Week,21,27
332944,Week,31,129
332944,Week,38,16
332944,Week,40,4
332944,Week,42,1
332944,Week,46,23
332944,Week,47,31
332944,Week,48,4
332944,Week,50,2
332944,Week,51,17
332944,Week,53,3
332944,Week,61,1
332944,Week,64,9
332944,Week,66,13
332944,Week,69,41
332944,Week,70,14
332944,Week,71,54
332944,Week,72,1
332944,Week,74,9
332944,Week,77,15
332944,Week,79,1
332944,Week,82,75
332944,Week,83,4
332944,Week,84,11
332944,Week,89,1
332944,Week,98,1
332944,Weekend,8,2
332944,Weekend,10,2
332944,Weekend,14,111
332944,Weekend,16,39
332944,Weekend,17,2
332944,Weekend,19,16
332944,Weekend,20,37
332944,Weekend,23,2
332944,Weekend,31,44
332944,Weekend,37,3
332944,Weekend,38,28
332944,Weekend,40,15
332944,Weekend,46,22
332944,Weekend,48,2
332944,Weekend,51,1
332944,Weekend,64,1
332944,Weekend,66,3
332944,Weekend,67,1
332944,Weekend,69,9
332944,Weekend,70,10
332944,Weekend,71,30
332944,Weekend,74,11
332944,Weekend,77,9
332944,Weekend,82,24
332944,Weekend,83,2
341171,Week,11,21
341171,Week,13,9
341171,Week,14,695
341171,Week,16,216
341171,Week,17,80
341171,Week,19,42
341171,Week,20,209
341171,Week,21,175
341171,Week,23,8
341171,Week,31,2
341171,Week,37,98
341171,Week,38,480
341171,Week,40,28
341171,Week,43,52
341171,Week,46,1
341171,Week,48,29
341171,Week,50,5
341171,Week,51,3
341171,Week,53,5
341171,Week,61,1
341171,Week,69,339
341171,Week,70,28
341171,Week,71,56
341171,Weekend,14,5
341171,Weekend,16,3
341171,Weekend,20,5
341171,Weekend,37,4
341171,Weekend,38,33
341171,Weekend,40,5
341171,Weekend,48,1
341171,Weekend,69,4
341171,Weekend,70,1
341171,Weekend,71,4
341240,Week,14,572
341240,Week,16,1
341240,Week,17,17
341240,Week,19,20
341240,Week,20,3
341240,Week,31,273
341240,Week,35,2
341240,Week,38,2
341240,Week,40,16
341240,Week,42,319
341240,Week,43,1
341240,Week,46,7
341240,Week,47,154
341240,Week,48,16
341240,Week,50,18
341240,Week,51,3
341240,Week,64,17
341240,Week,67,1
341240,Week,69,411
341240,Week,70,7
341240,Week,71,12
341240,Week,74,3
341240,Week,82,26
341240,Week,84,6
341240,Weekend,14,18
341240,Weekend,20,1
341240,Weekend,40,11
341240,Weekend,46,2
341240,Weekend,50,4
341240,Weekend,64,7
341240,Weekend,70,3
341240,Weekend,71,6
341891,Week,8,9
341891,Week,9,18
341891,Week,13,21
341891,Week,14,242
341891,Week,17,21
341891,Week,19,8
341891,Week,20,3
341891,Week,31,186
341891,Week,38,4
341891,Week,40,9
341891,Week,42,84
341891,Week,46,28
341891,Week,47,131
341891,Week,48,2
341891,Week,50,1
341891,Week,51,1
341891,Week,64,15
341891,Week,69,716
341891,Week,70,9
341891,Week,71,14
341891,Week,74,4
341891,Week,82,18
341891,Week,83,1
341891,Week,84,18
341891,Week,89,22
341964,Week,13,23
341964,Week,14,560
341964,Week,16,2
341964,Week,17,21
341964,Week,18,2
341964,Week,19,18
341964,Week,20,2
341964,Week,31,93
341964,Week,38,13
341964,Week,40,37
341964,Week,42,103
341964,Week,46,1
341964,Week,47,207
341964,Week,50,5
341964,Week,64,20
341964,Week,69,982
341964,Week,70,3
341964,Week,74,1
341964,Week,81,1
341964,Week,84,25
341964,Weekend,14,1
341964,Weekend,17,1
341964,Weekend,31,3
341964,Weekend,37,2
341964,Weekend,38,3
341964,Weekend,42,1
341964,Weekend,69,1
343455,Week,8,16
343455,Week,10,7
343455,Week,11,13
343455,Week,13,7
343455,Week,14,331
343455,Week,16,28
343455,Week,17,8
343455,Week,18,3
343455,Week,19,23
343455,Week,20,17
343455,Week,21,39
343455,Week,31,62
343455,Week,35,4
343455,Week,37,2
343455,Week,38,19
343455,Week,40,11
343455,Week,42,40
343455,Week,46,7
343455,Week,47,95
343455,Week,48,9
343455,Week,51,11
343455,Week,61,4
343455,Week,64,4
343455,Week,66,38
343455,Week,67,3
343455,Week,69,217
343455,Week,70,19
343455,Week,71,55
343455,Week,73,2
343455,Week,74,9
343455,Week,82,22
343455,Week,83,29
343455,Week,84,17
343455,Week,85,1
343455,Week,89,34
343455,Weekend,4,3
343455,Weekend,10,1
343455,Weekend,11,2
343455,Weekend,13,8
343455,Weekend,14,137
343455,Weekend,16,20
343455,Weekend,17,17
343455,Weekend,19,10
343455,Weekend,20,27
343455,Weekend,31,12
343455,Weekend,37,7
343455,Weekend,38,17
343455,Weekend,40,13
343455,Weekend,42,1
343455,Weekend,46,5
343455,Weekend,47,8
343455,Weekend,48,1
343455,Weekend,51,1
343455,Weekend,52,1
343455,Weekend,61,1
343455,Weekend,64,1
343455,Weekend,66,1
343455,Weekend,69,10
343455,Weekend,70,14
343455,Weekend,71,37
343455,Weekend,72,1
343455,Weekend,74,4
343455,Weekend,82,10
343455,Weekend,83,9
343455,Weekend,84,5
343455,Weekend,85,1
343930,Week,8,1
343930,Week,10,14
343930,Week,13,10
343930,Week,14,127
343930,Week,16,148
343930,Week,17,7
343930,Week,18,8
343930,Week,19,73
343930,Week,20,34
343930,Week,21,455
343930,Week,37,79
343930,Week,38,231
343930,Week,39,3
343930,Week,40,62
343930,Week,46,57
343930,Week,48,9
343930,Week,50,1
343930,Week,51,1
343930,Week,53,3
343930,Week,61,1
343930,Week,67,1
343930,Week,69,5
343930,Week,70,14
343930,Week,71,31
343930,Week,72,1
343930,Week,73,1
343930,Week,74,7
343930,Week,82,10
343930,Week,83,20
343930,Week,84,27
343930,Week,98,2
345369,Week,8,1
345369,Week,13,20
345369,Week,14,757
345369,Week,17,36
345369,Week,19,22
345369,Week,20,9
345369,Week,31,24
345369,Week,38,1
345369,Week,40,21
345369,Week,42,41
345369,Week,46,3
345369,Week,47,298
345369,Week,50,1
345369,Week,51,6
345369,Week,60,8
345369,Week,64,1
345369,Week,69,537
345369,Week,70,5
345369,Week,71,1
345369,Week,74,1
345369,Week,84,107
345369,Weekend,13,1
345369,Weekend,14,38
345369,Weekend,17,6
345369,Weekend,18,1
345369,Weekend,19,1
345369,Weekend,20,2
345369,Weekend,31,8
345369,Weekend,37,6
345369,Weekend,38,34
345369,Weekend,42,2
345369,Weekend,47,21
345369,Weekend,50,1
345369,Weekend,51,1
345369,Weekend,60,1
345369,Weekend,61,1
345369,Weekend,69,29
345369,Weekend,71,2
345369,Weekend,84,12
345388,Week,8,3
345388,Week,10,6
345388,Week,11,6
345388,Week,13,9
345388,Week,14,304
345388,Week,16,5
345388,Week,17,8
345388,Week,19,17
345388,Week,20,2
345388,Week,21,2
345388,Week,31,91
345388,Week,37,3
345388,Week,38,4
345388,Week,40,15
345388,Week,42,74
345388,Week,46,8
345388,Week,47,215
345388,Week,53,1
345388,Week,64,9
345388,Week,69,533
345388,Week,70,4
345388,Week,71,22
345388,Week,74,4
345388,Week,82,20
345388,Week,84,72
345388,Week,89,5
345388,Weekend,14,4
345388,Weekend,17,1
345388,Weekend,31,6
345388,Weekend,40,1
345388,Weekend,42,3
345388,Weekend,47,1
345388,Weekend,64,2
345388,Weekend,69,6
345388,Weekend,70,3
345388,Weekend,71,10
345388,Weekend,74,7
345513,Week,10,5
345513,Week,11,10
345513,Week,13,21
345513,Week,14,430
345513,Week,17,14
345513,Week,19,35
345513,Week,20,2
345513,Week,23,1
345513,Week,31,75
345513,Week,39,1
345513,Week,40,30
345513,Week,42,207
345513,Week,46,1
345513,Week,47,251
345513,Week,48,4
345513,Week,50,3
345513,Week,51,12
345513,Week,59,1
345513,Week,60,1
345513,Week,64,22
345513,Week,69,685
345513,Week,70,8
345513,Week,71,36
345513,Week,74,5
345513,Week,82,7
345513,Week,84,82
345513,Weekend,10,3
345513,Weekend,14,17
345513,Weekend,17,1
345513,Weekend,19,2
345513,Weekend,20,4
345513,Weekend,21,9
345513,Weekend,31,5
345513,Weekend,37,5
345513,Weekend,38,18
345513,Weekend,42,2
345513,Weekend,46,1
345513,Weekend,47,4
345513,Weekend,50,1
345513,Weekend,69,9
345513,Weekend,70,2
345513,Weekend,71,8
345513,Weekend,84,3
345535,Week,10,90
345535,Week,13,3
345535,Week,14,512
345535,Week,16,71
345535,Week,17,23
345535,Week,18,98
345535,Week,19,204
345535,Week,20,83
345535,Week,21,46
345535,Week,31,1
345535,Week,40,214
345535,Week,45,1
345535,Week,46,87
345535,Week,47,1
345535,Week,48,19
345535,Week,50,13
345535,Week,51,11
345535,Week,53,1
345535,Week,59,3
345535,Week,60,2
345535,Week,61,2
345535,Week,64,4
345535,Week,67,8
345535,Week,70,14
345535,Week,71,10
345535,Week,73,1
345535,Week,74,6
345535,Week,82,13
345535,Week,83,2
345535,Week,84,15
345535,Weekend,14,21
345535,Weekend,16,1
345535,Weekend,19,5
345535,Weekend,31,4
345535,Weekend,40,3
345535,Weekend,71,1
345551,Week,8,30
345551,Week,9,2
345551,Week,10,24
345551,Week,11,4
345551,Week,13,12
345551,Week,14,699
345551,Week,16,10
345551,Week,17,5
345551,Week,18,14
345551,Week,19,35
345551,Week,20,9
345551,Week,21,277
345551,Week,31,39
345551,Week,38,5
345551,Week,40,16
345551,Week,42,1
345551,Week,45,2
345551,Week,46,48
345551,Week,47,168
345551,Week,48,30
345551,Week,50,4
345551,Week,51,27
345551,Week,52,1
345551,Week,53,2
345551,Week,60,2
345551,Week,61,2
345551,Week,64,5
345551,Week,66,33
345551,Week,69,36
345551,Week,70,7
345551,Week,71,22
345551,Week,74,5
345551,Week,75,1
345551,Week,77,2
345551,Week,82,6
345551,Week,83,3
345551,Week,84,94
345551,Week,89,7
345551,Week,98,3
345551,Weekend,8,3
345551,Weekend,9,2
345551,Weekend,11,2
345551,Weekend,14,120
345551,Weekend,16,4
345551,Weekend,17,1
345551,Weekend,19,17
345551,Weekend,20,2
345551,Weekend,31,20
345551,Weekend,38,3
345551,Weekend,40,7
345551,Weekend,46,10
345551,Weekend,47,15
345551,Weekend,48,2
345551,Weekend,50,1
345551,Weekend,51,1
345551,Weekend,53,3
345551,Weekend,61,6
345551,Weekend,64,1
345551,Weekend,66,3
345551,Weekend,69,6
345551,Weekend,70,1
345551,Weekend,71,5
345551,Weekend,77,1
345551,Weekend,82,1
345551,Weekend,83,2
345551,Weekend,84,3
345557,Week,8,4
345557,Week,10,5
345557,Week,13,4
345557,Week,14,131
345557,Week,16,5
345557,Week,17,6
345557,Week,18,1
345557,Week,19,10
345557,Week,20,4
345557,Week,21,33
345557,Week,31,57
345557,Week,38,21
345557,Week,40,19
345557,Week,42,15
345557,Week,46,2
345557,Week,47,42
345557,Week,48,7
345557,Week,51,9
345557,Week,69,428
345557,Week,70,7
345557,Week,71,7
345557,Week,74,5
345557,Week,82,5
345557,Week,83,1
345557,Week,84,22
345557,Week,89,5
345557,Weekend,14,14
345557,Weekend,19,6
345557,Weekend,20,3
345557,Weekend,31,1
345557,Weekend,38,4
345557,Weekend,40,6
345557,Weekend,42,1
345557,Weekend,46,3
345557,Weekend,51,1
345557,Weekend,61,1
345557,Weekend,69,1
345557,Weekend,70,1
345557,Weekend,71,5
346045,Week,13,1
346045,Week,14,189
346045,Week,16,41
346045,Week,17,14
346045,Week,19,67
346045,Week,20,40
346045,Week,21,217
346045,Week,34,1
346045,Week,37,173
346045,Week,38,302
346045,Week,40,48
346045,Week,45,289
346045,Week,46,38
346045,Week,50,4
346045,Week,60,2
346045,Week,69,1
346045,Week,70,10
346045,Week,71,24
346045,Week,74,2
346045,Week,84,28
346045,Weekend,38,1
346045,Weekend,46,1
346086,Week,10,11
346086,Week,13,1
346086,Week,14,409
346086,Week,16,534
346086,Week,17,9
346086,Week,18,2
346086,Week,19,60
346086,Week,20,110
346086,Week,21,558
346086,Week,31,2
346086,Week,37,49
346086,Week,38,140
346086,Week,40,140
346086,Week,45,2
346086,Week,46,56
346086,Week,48,14
346086,Week,50,15
346086,Week,51,13
346086,Week,53,2
346086,Week,64,1
346086,Week,69,1
346086,Week,70,9
346086,Week,71,37
346086,Week,72,2
346086,Week,74,4
346086,Week,75,1
346086,Week,82,7
346086,Week,84,26
346086,Weekend,10,1
346086,Weekend,14,9
346086,Weekend,16,74
346086,Weekend,19,10
346086,Weekend,20,35
346086,Weekend,21,33
346086,Weekend,37,10
346086,Weekend,38,35
346086,Weekend,40,28
346086,Weekend,46,8
346086,Weekend,50,3
346086,Weekend,70,2
346086,Weekend,71,10
346086,Weekend,74,1
346086,Weekend,84,4
346157,Week,10,25
346157,Week,13,9
346157,Week,14,346
346157,Week,16,417
346157,Week,17,56
346157,Week,19,34
346157,Week,20,164
346157,Week,21,202
346157,Week,24,2
346157,Week,31,24
346157,Week,37,112
346157,Week,38,216
346157,Week,40,22
346157,Week,42,25
346157,Week,46,19
346157,Week,48,8
346157,Week,50,2
346157,Week,51,9
346157,Week,53,6
346157,Week,69,75
346157,Week,70,19
346157,Week,71,40
346157,Week,74,2
346157,Week,82,26
346157,Week,84,4
346157,Weekend,10,3
346157,Weekend,13,3
346157,Weekend,14,24
346157,Weekend,16,14
346157,Weekend,17,8
346157,Weekend,19,2
346157,Weekend,20,2
346157,Weekend,21,10
346157,Weekend,31,2
346157,Weekend,37,26
346157,Weekend,38,84
346157,Weekend,40,4
346157,Weekend,42,2
346157,Weekend,46,6
346157,Weekend,53,1
346157,Weekend,69,3
346157,Weekend,70,4
346157,Weekend,71,9
346157,Weekend,74,1
346166,Week,8,15
346166,Week,10,2
346166,Week,11,2
346166,Week,13,11
346166,Week,14,637
346166,Week,16,1
346166,Week,17,33
346166,Week,19,25
346166,Week,20,4
346166,Week,31,200
346166,Week,37,3
346166,Week,38,4
346166,Week,40,8
346166,Week,42,145
346166,Week,46,15
346166,Week,47,301
346166,Week,48,6
346166,Week,50,6
346166,Week,51,2
346166,Week,64,2
346166,Week,69,679
346166,Week,70,17
346166,Week,71,25
346166,Week,74,3
346166,Week,75,1
346166,Week,82,53
346166,Week,83,2
346166,Week,84,38
346166,Weekend,8,13
346166,Weekend,10,2
346166,Weekend,11,1
346166,Weekend,13,11
346166,Weekend,14,180
346166,Weekend,16,4
346166,Weekend,17,14
346166,Weekend,19,10
346166,Weekend,20,6
346166,Weekend,21,2
346166,Weekend,31,13
346166,Weekend,37,4
346166,Weekend,38,44
346166,Weekend,40,5
346166,Weekend,42,1
346166,Weekend,46,52
346166,Weekend,47,62
346166,Weekend,48,6
346166,Weekend,50,6
346166,Weekend,51,7
346166,Weekend,64,1
346166,Weekend,69,57
346166,Weekend,70,1
346166,Weekend,71,3
346166,Weekend,82,3
346166,Weekend,83,6
346166,Weekend,84,29
346167,Week,10,8
346167,Week,11,5
346167,Week,13,28
346167,Week,14,615
346167,Week,17,21
346167,Week,19,24
346167,Week,20,3
346167,Week,31,76
346167,Week,37,1
346167,Week,38,11
346167,Week,40,30
346167,Week,42,153
346167,Week,46,3
346167,Week,47,333
346167,Week,48,6
346167,Week,49,1
346167,Week,51,2
346167,Week,53,2
346167,Week,64,22
346167,Week,69,734
346167,Week,70,10
346167,Week,71,22
346167,Week,73,1
346167,Week,74,4
346167,Week,82,15
346167,Week,84,88
346167,Week,98,3
346167,Weekend,14,5
346167,Weekend,19,1
346167,Weekend,31,1
346167,Weekend,37,1
346167,Weekend,38,6
346167,Weekend,69,1
346167,Weekend,71,1
346192,Week,8,4
346192,Week,10,1
346192,Week,13,63
346192,Week,14,279
346192,Week,16,9
346192,Week,17,12
346192,Week,19,26
346192,Week,20,2
346192,Week,31,99
346192,Week,38,2
346192,Week,40,20
346192,Week,42,114
346192,Week,46,5
346192,Week,47,139
346192,Week,48,6
346192,Week,51,3
346192,Week,64,5
346192,Week,69,690
346192,Week,70,8
346192,Week,71,24
346192,Week,82,7
346192,Week,83,1
346192,Week,84,11
346192,Week,89,64
346192,Weekend,13,11
346192,Weekend,14,7
346192,Weekend,20,3
346192,Weekend,40,4
346192,Weekend,46,3
346192,Weekend,51,1
346204,Week,8,1
346204,Week,10,12
346204,Week,11,5
346204,Week,13,9
346204,Week,14,738
346204,Week,16,60
346204,Week,17,1
346204,Week,18,70
346204,Week,19,78
346204,Week,20,12
346204,Week,21,66
346204,Week,31,31
346204,Week,40,19
346204,Week,46,40
346204,Week,47,227
346204,Week,48,8
346204,Week,50,2
346204,Week,51,6
346204,Week,53,4
346204,Week,60,3
346204,Week,61,5
346204,Week,66,5
346204,Week,69,2
346204,Week,70,6
346204,Week,71,6
346204,Week,72,1
346204,Week,73,5
346204,Week,74,2
346204,Week,77,31
346204,Week,80,2
346204,Week,82,36
346204,Week,84,37
346204,Week,89,17
346204,Weekend,9,15
346204,Weekend,13,1
346204,Weekend,14,47
346204,Weekend,16,3
346204,Weekend,17,14
346204,Weekend,19,14
346204,Weekend,31,1
346204,Weekend,40,2
346204,Weekend,46,5
346204,Weekend,47,5
346204,Weekend,50,1
346204,Weekend,77,24
346204,Weekend,84,1
346357,Week,13,10
346357,Week,14,320
346357,Week,16,788
346357,Week,17,16
346357,Week,19,84
346357,Week,20,99
346357,Week,21,283
346357,Week,24,5
346357,Week,31,3
346357,Week,37,101
346357,Week,38,255
346357,Week,40,50
346357,Week,42,1
346357,Week,46,131
346357,Week,50,1
346357,Week,51,1
346357,Week,59,3
346357,Week,60,1
346357,Week,64,5
346357,Week,67,1
346357,Week,69,9
346357,Week,70,30
346357,Week,71,17
346357,Week,73,3
346357,Week,74,3
346357,Week,82,11
346357,Week,83,2
346357,Week,84,30
346357,Weekend,14,9
346357,Weekend,16,18
346357,Weekend,21,1
346357,Weekend,31,3
346357,Weekend,38,15
346357,Weekend,46,2
346357,Weekend,69,2
346357,Weekend,70,1
346357,Weekend,71,1
346357,Weekend,82,1
347576,Week,9,1
347576,Week,10,1
347576,Week,13,3
347576,Week,14,138
347576,Week,16,15
347576,Week,17,3
347576,Week,18,33
347576,Week,19,28
347576,Week,20,9
347576,Week,23,1
347576,Week,31,70
347576,Week,35,1
347576,Week,37,1
347576,Week,38,9
347576,Week,40,5
347576,Week,42,21
347576,Week,43,1
347576,Week,46,6
347576,Week,50,2
347576,Week,69,74
347576,Week,70,6
347576,Week,71,22
347576,Week,73,1
347576,Week,81,1
347576,Week,82,5
347576,Week,84,10
347576,Weekend,9,5
347576,Weekend,10,1
347576,Weekend,13,10
347576,Weekend,14,16
347576,Weekend,17,1
347576,Weekend,19,2
347576,Weekend,40,3
347576,Weekend,46,5
347576,Weekend,70,2
347576,Weekend,71,3
347576,Weekend,81,1
347581,Week,10,4
347581,Week,14,25
347581,Week,16,35
347581,Week,17,16
347581,Week,19,12
347581,Week,20,10
347581,Week,21,8
347581,Week,37,140
347581,Week,38,249
347581,Week,40,7
347581,Week,42,2
347581,Week,46,6
347581,Week,48,3
347581,Week,50,5
347581,Week,69,1
347581,Week,70,6
347581,Week,71,2
347581,Week,74,6
347581,Weekend,14,1
347581,Weekend,37,1
347581,Weekend,38,1
347594,Week,10,35
347594,Week,11,2
347594,Week,13,3
347594,Week,14,410
347594,Week,16,33
347594,Week,17,31
347594,Week,18,1
347594,Week,19,27
347594,Week,20,16
347594,Week,31,89
347594,Week,37,5
347594,Week,38,17
347594,Week,40,32
347594,Week,42,36
347594,Week,46,75
347594,Week,47,72
347594,Week,48,31
347594,Week,50,1
347594,Week,51,23
347594,Week,53,4
347594,Week,62,3
347594,Week,64,4
347594,Week,67,3
347594,Week,69,179
347594,Week,70,2
347594,Week,71,4
347594,Week,74,2
347594,Week,77,3
347594,Week,82,210
347594,Week,84,15
347594,Week,89,36
347594,Weekend,13,1
347594,Weekend,14,16
347594,Weekend,17,5
347594,Weekend,19,5
347594,Weekend,40,5
347594,Weekend,64,3
347594,Weekend,67,1
347594,Weekend,70,2
347594,Weekend,71,3
347594,Weekend,74,1
347679,Week,10,32
347679,Week,13,17
347679,Week,14,430
347679,Week,19,26
347679,Week,31,51
347679,Week,40,8
347679,Week,42,1
347679,Week,45,1
347679,Week,47,194
347679,Week,48,1
347679,Week,64,23
347679,Week,69,588
347679,Week,70,7
347679,Week,71,9
347679,Week,74,4
347679,Week,82,2
347679,Week,83,1
347679,Week,84,114
347679,Week,89,1
347679,Weekend,19,1
348515,Week,10,4
348515,Week,11,3
348515,Week,13,11
348515,Week,14,223
348515,Week,16,64
348515,Week,17,35
348515,Week,18,1
348515,Week,19,83
348515,Week,20,358
348515,Week,21,459
348515,Week,31,3
348515,Week,37,180
348515,Week,38,413
348515,Week,39,7
348515,Week,40,79
348515,Week,45,2
348515,Week,46,39
348515,Week,48,11
348515,Week,50,22
348515,Week,51,5
348515,Week,53,2
348515,Week,64,18
348515,Week,67,2
348515,Week,69,2
348515,Week,70,33
348515,Week,71,84
348515,Week,73,4
348515,Week,74,7
348515,Week,75,2
348515,Week,79,1
348515,Week,82,10
348515,Week,83,3
348515,Week,84,5
348515,Week,98,1
348515,Weekend,13,4
348515,Weekend,14,2
348515,Weekend,16,1
348515,Weekend,17,1
348515,Weekend,19,2
348515,Weekend,20,5
348515,Weekend,37,26
348515,Weekend,38,42
348515,Weekend,40,4
348515,Weekend,46,3
348515,Weekend,67,1
348515,Weekend,70,3
348515,Weekend,71,5
348515,Weekend,74,1
348553,Week,9,2
348553,Week,10,6
348553,Week,11,6
348553,Week,13,13
348553,Week,14,98
348553,Week,17,16
348553,Week,19,1
348553,Week,20,11
348553,Week,21,1
348553,Week,31,111
348553,Week,34,1
348553,Week,37,29
348553,Week,38,57
348553,Week,39,14
348553,Week,40,3
348553,Week,42,79
348553,Week,45,4
348553,Week,46,14
348553,Week,47,55
348553,Week,69,467
348553,Week,81,6
348553,Week,84,1
348553,Weekend,69,1
349904,Week,8,2
349904,Week,10,2
349904,Week,11,3
349904,Week,13,31
349904,Week,14,675
349904,Week,17,20
349904,Week,19,22
349904,Week,20,7
349904,Week,31,314
349904,Week,38,8
349904,Week,40,28
349904,Week,42,85
349904,Week,43,1
349904,Week,46,23
349904,Week,47,211
349904,Week,48,17
349904,Week,50,7
349904,Week,51,2
349904,Week,64,25
349904,Week,67,1
349904,Week,69,558
349904,Week,70,9
349904,Week,71,28
349904,Week,74,1
349904,Week,81,1
349904,Week,82,41
349904,Week,83,4
349904,Week,84,3
349904,Weekend,8,1
349904,Weekend,13,1
349904,Weekend,14,14
349904,Weekend,17,1
349904,Weekend,19,1
349904,Weekend,31,13
349904,Weekend,37,2
349904,Weekend,38,17
349904,Weekend,40,4
349904,Weekend,42,3
349904,Weekend,46,2
349904,Weekend,47,13
349904,Weekend,48,3
349904,Weekend,64,3
349904,Weekend,69,13
349904,Weekend,70,6
349904,Weekend,71,4
349904,Weekend,82,1
349904,Weekend,83,1
350307,Week,10,90
350307,Week,13,2
350307,Week,14,187
350307,Week,16,359
350307,Week,17,7
350307,Week,18,40
350307,Week,19,70
350307,Week,20,94
350307,Week,21,680
350307,Week,24,10
350307,Week,31,8
350307,Week,37,108
350307,Week,38,270
350307,Week,39,9
350307,Week,40,76
350307,Week,42,1
350307,Week,43,1
350307,Week,46,86
350307,Week,48,11
350307,Week,50,17
350307,Week,51,12
350307,Week,53,13
350307,Week,61,1
350307,Week,69,45
350307,Week,70,37
350307,Week,71,77
350307,Week,73,3
350307,Week,74,22
350307,Week,75,2
350307,Week,82,15
350307,Week,84,73
350513,Week,10,1
350513,Week,13,14
350513,Week,14,143
350513,Week,16,885
350513,Week,17,4
350513,Week,19,18
350513,Week,20,229
350513,Week,21,84
350513,Week,23,1
350513,Week,37,17
350513,Week,38,42
350513,Week,39,29
350513,Week,40,20
350513,Week,46,15
350513,Week,47,1
350513,Week,50,3
350513,Week,51,14
350513,Week,64,3
350513,Week,69,3
350513,Week,70,6
350513,Week,71,15
350513,Week,74,6
350513,Week,75,1
350513,Week,81,2
350513,Week,82,26
350513,Week,84,23
350513,Week,86,1
350513,Weekend,10,10
350513,Weekend,13,1
350513,Weekend,14,19
350513,Weekend,16,24
350513,Weekend,17,1
350513,Weekend,18,1
350513,Weekend,19,4
350513,Weekend,20,7
350513,Weekend,21,15
350513,Weekend,37,11
350513,Weekend,38,71
350513,Weekend,40,25
350513,Weekend,46,2
350513,Weekend,50,4
350513,Weekend,51,1
350513,Weekend,64,1
350513,Weekend,69,1
350513,Weekend,70,7
350513,Weekend,71,13
350513,Weekend,74,4
350513,Weekend,82,1
350513,Weekend,84,9
351202,Week,8,15
351202,Week,9,25
351202,Week,10,4
351202,Week,11,7
351202,Week,13,4
351202,Week,14,272
351202,Week,17,12
351202,Week,19,26
351202,Week,20,20
351202,Week,31,78
351202,Week,40,22
351202,Week,42,103
351202,Week,46,10
351202,Week,47,117
351202,Week,48,6
351202,Week,50,11
351202,Week,51,3
351202,Week,53,1
351202,Week,60,1
351202,Week,64,5
351202,Week,69,386
351202,Week,70,6
351202,Week,71,5
351202,Week,74,1
351202,Week,81,1
351202,Week,82,32
351202,Week,84,42
351202,Week,89,2
351202,Weekend,8,4
351202,Weekend,9,2
351202,Weekend,10,1
351202,Weekend,13,2
351202,Weekend,14,41
351202,Weekend,17,3
351202,Weekend,19,2
351202,Weekend,20,1
351202,Weekend,31,24
351202,Weekend,37,3
351202,Weekend,38,22
351202,Weekend,40,6
351202,Weekend,42,6
351202,Weekend,45,1
351202,Weekend,46,5
351202,Weekend,47,24
351202,Weekend,48,1
351202,Weekend,50,2
351202,Weekend,64,1
351202,Weekend,69,16
351202,Weekend,70,1
351202,Weekend,84,7
351262,Week,10,24
351262,Week,13,1
351262,Week,14,178
351262,Week,16,257
351262,Week,17,15
351262,Week,19,54
351262,Week,20,83
351262,Week,21,10
351262,Week,31,12
351262,Week,37,405
351262,Week,38,473
351262,Week,40,290
351262,Week,42,11
351262,Week,46,90
351262,Week,48,29
351262,Week,50,15
351262,Week,51,1
351262,Week,53,35
351262,Week,69,33
351262,Week,70,41
351262,Week,71,60
351262,Week,74,14
351262,Week,84,59
351262,Weekend,14,1
351262,Weekend,20,1
351262,Weekend,37,4
351262,Weekend,38,8
351262,Weekend,40,27
351262,Weekend,50,1
351262,Weekend,53,1
351262,Weekend,70,1
351262,Weekend,71,1
351262,Weekend,74,4
351262,Weekend,84,1
351315,Week,10,35
351315,Week,11,2
351315,Week,13,3
351315,Week,14,242
351315,Week,16,198
351315,Week,17,34
351315,Week,19,112
351315,Week,20,85
351315,Week,21,593
351315,Week,24,6
351315,Week,37,247
351315,Week,38,363
351315,Week,39,1
351315,Week,40,145
351315,Week,46,57
351315,Week,48,2
351315,Week,50,20
351315,Week,53,13
351315,Week,67,8
351315,Week,70,26
351315,Week,71,21
351315,Week,74,3
351315,Week,82,1
351315,Week,84,63
351933,Week,10,29
351933,Week,11,18
351933,Week,13,39
351933,Week,14,303
351933,Week,16,2
351933,Week,17,3
351933,Week,19,44
351933,Week,20,4
351933,Week,31,714
351933,Week,37,1
351933,Week,38,1
351933,Week,40,56
351933,Week,42,172
351933,Week,46,29
351933,Week,47,84
351933,Week,48,24
351933,Week,50,2
351933,Week,51,3
351933,Week,53,7
351933,Week,67,2
351933,Week,69,484
351933,Week,70,17
351933,Week,71,36
351933,Week,73,1
351933,Week,77,13
351933,Week,82,4
351933,Week,84,6
351933,Week,89,2
352012,Week,10,9
352012,Week,13,7
352012,Week,14,384
352012,Week,16,6
352012,Week,17,9
352012,Week,19,57
352012,Week,31,34
352012,Week,38,4
352012,Week,40,8
352012,Week,42,2
352012,Week,46,1
352012,Week,47,166
352012,Week,50,5
352012,Week,51,1
352012,Week,60,1
352012,Week,69,477
352012,Week,70,2
352012,Week,71,10
352012,Week,74,3
352012,Week,84,23
352991,Week,8,22
352991,Week,9,1
352991,Week,10,2
352991,Week,13,6
352991,Week,14,187
352991,Week,16,62
352991,Week,17,36
352991,Week,19,41
352991,Week,20,36
352991,Week,22,1
352991,Week,31,56
352991,Week,37,52
352991,Week,38,68
352991,Week,39,4
352991,Week,40,13
352991,Week,42,27
352991,Week,46,46
352991,Week,47,6
352991,Week,48,3
352991,Week,51,5
352991,Week,53,1
352991,Week,60,1
352991,Week,69,73
352991,Week,70,4
352991,Week,71,13
352991,Week,74,3
352991,Week,77,848
352991,Week,82,17
352991,Week,83,3
352991,Week,84,6
352991,Week,89,2
352991,Weekend,8,1
352991,Weekend,14,27
352991,Weekend,16,5
352991,Weekend,17,2
352991,Weekend,19,5
352991,Weekend,20,2
352991,Weekend,31,8
352991,Weekend,37,1
352991,Weekend,38,10
352991,Weekend,40,2
352991,Weekend,46,12
352991,Weekend,47,3
352991,Weekend,48,2
352991,Weekend,51,2
352991,Weekend,64,2
352991,Weekend,66,9
352991,Weekend,69,13
352991,Weekend,70,1
352991,Weekend,71,2
352991,Weekend,77,10
352991,Weekend,82,2
352991,Weekend,83,1
352991,Weekend,84,3
352995,Week,8,3
352995,Week,9,84
352995,Week,10,7
352995,Week,11,2
352995,Week,13,6
352995,Week,14,363
352995,Week,16,26
352995,Week,17,23
352995,Week,18,1
352995,Week,19,20
352995,Week,20,26
352995,Week,21,5
352995,Week,23,1
352995,Week,31,89
352995,Week,37,1
352995,Week,38,9
352995,Week,40,16
352995,Week,42,80
352995,Week,46,7
352995,Week,47,87
352995,Week,48,6
352995,Week,51,3
352995,Week,53,2
352995,Week,60,1
352995,Week,64,16
352995,Week,69,344
352995,Week,70,4
352995,Week,71,12
352995,Week,82,5
352995,Week,84,9
352995,Week,89,3
352995,Weekend,10,1
352995,Weekend,14,66
352995,Weekend,16,5
352995,Weekend,17,2
352995,Weekend,19,4
352995,Weekend,20,9
352995,Weekend,21,19
352995,Weekend,23,1
352995,Weekend,31,46
352995,Weekend,37,12
352995,Weekend,38,65
352995,Weekend,40,12
352995,Weekend,42,5
352995,Weekend,46,2
352995,Weekend,47,14
352995,Weekend,50,1
352995,Weekend,64,6
352995,Weekend,69,76
352995,Weekend,70,2
352995,Weekend,71,13
352995,Weekend,82,1
352995,Weekend,84,2
353431,Week,10,24
353431,Week,11,1
353431,Week,13,1
353431,Week,14,140
353431,Week,16,297
353431,Week,17,11
353431,Week,18,4
353431,Week,19,41
353431,Week,20,267
353431,Week,21,602
353431,Week,31,10
353431,Week,34,1
353431,Week,37,141
353431,Week,38,277
353431,Week,39,4
353431,Week,40,124
353431,Week,46,57
353431,Week,48,16
353431,Week,50,17
353431,Week,51,17
353431,Week,53,14
353431,Week,61,1
353431,Week,67,1
353431,Week,69,16
353431,Week,70,41
353431,Week,71,99
353431,Week,72,3
353431,Week,73,2
353431,Week,74,10
353431,Week,75,1
353431,Week,82,30
353431,Week,84,55
353512,Week,10,1
353512,Week,13,3
353512,Week,14,84
353512,Week,16,34
353512,Week,17,40
353512,Week,18,3
353512,Week,19,134
353512,Week,20,48
353512,Week,21,11
353512,Week,24,1
353512,Week,37,564
353512,Week,38,758
353512,Week,40,127
353512,Week,46,107
353512,Week,48,73
353512,Week,50,14
353512,Week,53,16
353512,Week,67,2
353512,Week,70,28
353512,Week,71,66
353512,Week,74,2
353512,Week,82,1
353512,Week,84,9
353512,Weekend,13,1
353512,Weekend,14,5
353512,Weekend,16,10
353512,Weekend,17,4
353512,Weekend,19,16
353512,Weekend,20,7
353512,Weekend,37,143
353512,Weekend,38,250
353512,Weekend,40,39
353512,Weekend,46,17
353512,Weekend,48,5
353512,Weekend,50,5
353512,Weekend,70,19
353512,Weekend,71,29
353512,Weekend,74,1
354048,Week,10,24
354048,Week,13,43
354048,Week,14,202
354048,Week,16,201
354048,Week,17,91
354048,Week,19,21
354048,Week,20,209
354048,Week,24,1
354048,Week,31,14
354048,Week,35,18
354048,Week,37,113
354048,Week,38,116
354048,Week,40,13
354048,Week,42,7
354048,Week,46,79
354048,Week,48,10
354048,Week,50,5
354048,Week,51,15
354048,Week,53,5
354048,Week,61,1
354048,Week,69,15
354048,Week,70,19
354048,Week,71,28
354048,Week,82,1
354048,Week,84,6
354150,Week,10,2
354150,Week,11,3
354150,Week,13,20
354150,Week,14,665
354150,Week,17,43
354150,Week,19,62
354150,Week,31,110
354150,Week,38,6
354150,Week,40,16
354150,Week,42,124
354150,Week,46,5
354150,Week,47,376
354150,Week,48,8
354150,Week,50,4
354150,Week,51,16
354150,Week,53,2
354150,Week,64,28
354150,Week,69,723
354150,Week,70,9
354150,Week,71,23
354150,Week,74,5
354150,Week,77,1
354150,Week,84,9
354150,Weekend,13,1
354150,Weekend,14,40
354150,Weekend,17,5
354150,Weekend,19,2
354150,Weekend,20,1
354150,Weekend,31,13
354150,Weekend,37,14
354150,Weekend,38,62
354150,Weekend,40,1
354150,Weekend,42,7
354150,Weekend,46,1
354150,Weekend,47,21
354150,Weekend,48,2
354150,Weekend,53,1
354150,Weekend,64,1
354150,Weekend,69,44
354150,Weekend,70,1
354150,Weekend,71,4
355057,Week,9,13
355057,Week,10,19
355057,Week,13,47
355057,Week,14,576
355057,Week,16,46
355057,Week,17,47
355057,Week,19,26
355057,Week,20,120
355057,Week,21,1
355057,Week,24,1
355057,Week,31,195
355057,Week,37,31
355057,Week,38,26
355057,Week,40,43
355057,Week,42,96
355057,Week,46,47
355057,Week,47,81
355057,Week,48,51
355057,Week,50,1
355057,Week,51,14
355057,Week,53,22
355057,Week,64,1
355057,Week,69,152
355057,Week,70,10
355057,Week,71,19
355057,Week,73,4
355057,Week,74,2
355057,Week,81,2
355057,Week,82,3
355057,Week,84,34
355057,Week,98,1
355057,Weekend,10,2
355057,Weekend,13,10
355057,Weekend,14,42
355057,Weekend,16,11
355057,Weekend,17,3
355057,Weekend,19,11
355057,Weekend,20,23
355057,Weekend,21,24
355057,Weekend,31,27
355057,Weekend,37,1
355057,Weekend,38,6
355057,Weekend,40,3
355057,Weekend,42,1
355057,Weekend,46,10
355057,Weekend,47,12
355057,Weekend,48,2
355057,Weekend,50,1
355057,Weekend,51,1
355057,Weekend,53,3
355057,Weekend,60,1
355057,Weekend,64,2
355057,Weekend,69,8
355057,Weekend,70,3
355057,Weekend,71,8
355057,Weekend,81,1
355057,Weekend,84,6
355135,Week,10,1
355135,Week,13,2
355135,Week,14,145
355135,Week,16,20
355135,Week,17,15
355135,Week,19,64
355135,Week,20,80
355135,Week,21,729
355135,Week,24,15
355135,Week,37,57
355135,Week,38,139
355135,Week,40,316
355135,Week,46,95
355135,Week,48,91
355135,Week,50,48
355135,Week,51,51
355135,Week,53,26
355135,Week,61,65
355135,Week,67,2
355135,Week,68,1
355135,Week,70,110
355135,Week,71,185
355135,Week,72,18
355135,Week,73,5
355135,Week,74,13
355135,Week,82,10
355135,Week,84,20
355207,Week,10,6
355207,Week,13,1
355207,Week,14,457
355207,Week,16,2
355207,Week,17,1
355207,Week,18,35
355207,Week,19,23
355207,Week,31,56
355207,Week,40,14
355207,Week,42,64
355207,Week,46,14
355207,Week,47,370
355207,Week,48,5
355207,Week,50,11
355207,Week,51,3
355207,Week,53,5
355207,Week,69,150
355207,Week,70,2
355207,Week,71,3
355207,Week,82,29
355207,Week,84,15
355208,Week,9,167
355208,Week,10,2
355208,Week,11,1
355208,Week,13,43
355208,Week,14,401
355208,Week,16,56
355208,Week,17,15
355208,Week,19,9
355208,Week,21,1
355208,Week,31,748
355208,Week,37,13
355208,Week,38,12
355208,Week,40,7
355208,Week,42,181
355208,Week,46,40
355208,Week,47,63
355208,Week,48,4
355208,Week,50,2
355208,Week,53,1
355208,Week,61,1
355208,Week,64,6
355208,Week,69,242
355208,Week,70,3
355208,Week,71,10
355208,Week,74,1
355208,Week,82,6
355208,Week,84,9
355208,Week,89,5
355208,Weekend,9,21
355208,Weekend,13,5
355208,Weekend,14,23
355208,Weekend,17,7
355208,Weekend,20,2
355208,Weekend,40,2
355208,Weekend,46,1
355208,Weekend,48,2
355208,Weekend,51,1
355208,Weekend,53,1
355208,Weekend,64,4
355208,Weekend,70,1
355208,Weekend,71,2
355208,Weekend,84,1
355226,Week,8,5
355226,Week,9,18
355226,Week,10,20
355226,Week,13,11
355226,Week,14,447
355226,Week,16,2
355226,Week,17,10
355226,Week,19,10
355226,Week,20,37
355226,Week,21,27
355226,Week,31,68
355226,Week,37,37
355226,Week,38,46
355226,Week,40,1
355226,Week,42,180
355226,Week,46,92
355226,Week,47,220
355226,Week,48,3
355226,Week,51,1
355226,Week,53,5
355226,Week,64,11
355226,Week,69,803
355226,Week,70,12
355226,Week,71,22
355226,Week,73,1
355226,Week,74,6
355226,Week,75,1
355226,Week,82,11
355226,Week,84,120
355226,Weekend,14,1
355226,Weekend,17,3
355226,Weekend,19,4
355226,Weekend,40,1
355226,Weekend,46,2
355226,Weekend,71,8
355231,Week,10,12
355231,Week,11,5
355231,Week,13,5
355231,Week,14,206
355231,Week,16,5
355231,Week,17,24
355231,Week,19,24
355231,Week,20,39
355231,Week,21,27
355231,Week,23,1
355231,Week,24,2
355231,Week,31,88
355231,Week,37,202
355231,Week,38,316
355231,Week,40,31
355231,Week,42,194
355231,Week,47,122
355231,Week,48,10
355231,Week,50,2
355231,Week,53,6
355231,Week,69,581
355231,Week,70,5
355231,Week,71,64
355231,Week,74,2
355231,Week,84,10
355231,Weekend,10,1
355231,Weekend,14,2
355231,Weekend,16,4
355231,Weekend,17,4
355231,Weekend,19,2
355231,Weekend,40,10
355231,Weekend,71,1
355290,Week,10,34
355290,Week,13,4
355290,Week,14,331
355290,Week,16,6
355290,Week,17,27
355290,Week,19,67
355290,Week,20,18
355290,Week,21,202
355290,Week,31,5
355290,Week,38,2
355290,Week,40,11
355290,Week,45,1
355290,Week,46,13
355290,Week,48,9
355290,Week,50,2
355290,Week,51,2
355290,Week,53,46
355290,Week,59,12
355290,Week,60,22
355290,Week,66,1
355290,Week,67,1
355290,Week,68,1
355290,Week,70,11
355290,Week,71,22
355290,Week,72,1
355290,Week,73,2
355290,Week,74,5
355290,Week,80,4
355290,Week,83,2
355290,Week,84,67
355290,Week,85,1
355290,Weekend,14,2
355290,Weekend,21,2
355316,Week,10,2
355316,Week,14,64
355316,Week,16,11
355316,Week,17,9
355316,Week,19,5
355316,Week,20,39
355316,Week,21,185
355316,Week,24,5
355316,Week,37,49
355316,Week,38,76
355316,Week,39,65
355316,Week,40,70
355316,Week,46,3
355316,Week,48,1
355316,Week,50,5
355316,Week,51,5
355316,Week,53,4
355316,Week,60,3
355316,Week,61,1
355316,Week,69,7
355316,Week,70,16
355316,Week,71,47
355316,Week,74,1
355316,Week,84,6
355316,Weekend,10,1
355316,Weekend,14,22
355316,Weekend,16,13
355316,Weekend,17,4
355316,Weekend,19,3
355316,Weekend,20,14
355316,Weekend,21,3
355316,Weekend,37,4
355316,Weekend,38,31
355316,Weekend,40,82
355316,Weekend,46,2
355316,Weekend,50,10
355316,Weekend,53,10
355316,Weekend,60,2
355316,Weekend,61,2
355316,Weekend,70,30
355316,Weekend,71,65
355418,Week,8,2
355418,Week,10,2
355418,Week,11,1
355418,Week,13,6
355418,Week,14,177
355418,Week,16,1
355418,Week,17,23
355418,Week,19,25
355418,Week,20,6
355418,Week,21,1
355418,Week,31,258
355418,Week,35,15
355418,Week,37,6
355418,Week,38,29
355418,Week,40,3
355418,Week,42,105
355418,Week,46,4
355418,Week,47,169
355418,Week,48,9
355418,Week,50,3
355418,Week,51,3
355418,Week,53,15
355418,Week,60,2
355418,Week,64,2
355418,Week,66,2
355418,Week,69,1343
355418,Week,70,12
355418,Week,71,26
355418,Week,74,4
355418,Week,82,47
355418,Week,83,8
355418,Week,84,18
355418,Week,98,1
355418,Weekend,10,1
355418,Weekend,11,1
355418,Weekend,13,6
355418,Weekend,14,34
355418,Weekend,16,1
355418,Weekend,17,4
355418,Weekend,19,10
355418,Weekend,20,1
355418,Weekend,31,57
355418,Weekend,37,7
355418,Weekend,38,46
355418,Weekend,40,3
355418,Weekend,42,4
355418,Weekend,46,10
355418,Weekend,47,61
355418,Weekend,48,12
355418,Weekend,50,3
355418,Weekend,51,1
355418,Weekend,53,2
355418,Weekend,69,75
355418,Weekend,70,3
355418,Weekend,71,14
355418,Weekend,82,4
355418,Weekend,83,1
355418,Weekend,84,3
355443,Week,10,12
355443,Week,13,5
355443,Week,14,65
355443,Week,16,3
355443,Week,17,11
355443,Week,19,23
355443,Week,20,15
355443,Week,21,16
355443,Week,31,143
355443,Week,37,58
355443,Week,38,130
355443,Week,40,8
355443,Week,42,43
355443,Week,46,1
355443,Week,47,117
355443,Week,48,8
355443,Week,50,3
355443,Week,53,1
355443,Week,69,568
355443,Week,70,6
355443,Week,71,27
355443,Week,73,1
355443,Week,75,2
355443,Week,82,10
355443,Week,83,1
355443,Week,84,7
355443,Weekend,11,1
355443,Weekend,13,5
355443,Weekend,14,10
355443,Weekend,17,4
355443,Weekend,19,3
355443,Weekend,20,1
355443,Weekend,21,2
355443,Weekend,23,1
355443,Weekend,31,6
355443,Weekend,37,4
355443,Weekend,38,21
355443,Weekend,40,1
355443,Weekend,46,1
355443,Weekend,47,11
355443,Weekend,50,1
355443,Weekend,61,1
355443,Weekend,69,1
355443,Weekend,71,13
355443,Weekend,74,2
355603,Week,8,1
355603,Week,10,44
355603,Week,13,14
355603,Week,14,355
355603,Week,16,192
355603,Week,17,21
355603,Week,18,3
355603,Week,19,41
355603,Week,20,161
355603,Week,21,110
355603,Week,31,93
355603,Week,37,182
355603,Week,38,378
355603,Week,39,5
355603,Week,40,104
355603,Week,42,51
355603,Week,46,37
355603,Week,47,52
355603,Week,48,11
355603,Week,50,13
355603,Week,51,10
355603,Week,53,24
355603,Week,60,2
355603,Week,64,5
355603,Week,69,279
355603,Week,70,33
355603,Week,71,67
355603,Week,72,3
355603,Week,73,2
355603,Week,74,17
355603,Week,75,3
355603,Week,82,71
355603,Week,83,5
355603,Week,84,79
355603,Weekend,8,4
355603,Weekend,10,7
355603,Weekend,13,1
355603,Weekend,14,42
355603,Weekend,16,37
355603,Weekend,17,2
355603,Weekend,19,1
355603,Weekend,20,30
355603,Weekend,21,5
355603,Weekend,31,11
355603,Weekend,37,12
355603,Weekend,38,152
355603,Weekend,40,22
355603,Weekend,46,4
355603,Weekend,47,1
355603,Weekend,50,2
355603,Weekend,51,3
355603,Weekend,53,10
355603,Weekend,69,20
355603,Weekend,70,20
355603,Weekend,71,25
355603,Weekend,74,2
355603,Weekend,75,1
355603,Weekend,82,9
355603,Weekend,84,15
355603,Weekend,98,1
355604,Week,10,5
355604,Week,11,1
355604,Week,13,3
355604,Week,14,287
355604,Week,16,773
355604,Week,17,2
355604,Week,19,54
355604,Week,20,61
355604,Week,21,747
355604,Week,31,2
355604,Week,37,71
355604,Week,38,158
355604,Week,39,16
355604,Week,40,60
355604,Week,46,38
355604,Week,50,6
355604,Week,51,5
355604,Week,67,2
355604,Week,69,3
355604,Week,70,21
355604,Week,71,47
355604,Week,74,4
355604,Week,80,2
355604,Week,82,14
355604,Week,83,1
355604,Week,84,18
355604,Week,89,1
355604,Week,98,1
355607,Week,10,17
355607,Week,13,9
355607,Week,14,72
355607,Week,16,57
355607,Week,17,8
355607,Week,19,87
355607,Week,20,52
355607,Week,21,299
355607,Week,24,1
355607,Week,31,4
355607,Week,37,633
355607,Week,38,666
355607,Week,40,178
355607,Week,42,2
355607,Week,46,70
355607,Week,48,25
355607,Week,50,10
355607,Week,51,3
355607,Week,53,15
355607,Week,64,1
355607,Week,67,2
355607,Week,69,20
355607,Week,70,63
355607,Week,71,107
355607,Week,74,17
355607,Week,84,5
355607,Weekend,16,1
355607,Weekend,37,2
355607,Weekend,38,18
355607,Weekend,40,2
355607,Weekend,46,2
355607,Weekend,70,1
355618,Week,8,5
355618,Week,10,3
355618,Week,13,14
355618,Week,14,710
355618,Week,16,64
355618,Week,17,41
355618,Week,19,55
355618,Week,20,10
355618,Week,31,293
355618,Week,35,16
355618,Week,37,69
355618,Week,38,78
355618,Week,40,29
355618,Week,42,233
355618,Week,46,59
355618,Week,47,102
355618,Week,48,4
355618,Week,50,3
355618,Week,51,9
355618,Week,64,7
355618,Week,69,333
355618,Week,70,16
355618,Week,71,39
355618,Week,77,183
355618,Week,82,3
355618,Week,83,1
355618,Week,84,13
355618,Week,89,1
355618,Weekend,8,1
355618,Weekend,13,3
355618,Weekend,14,45
355618,Weekend,19,2
355618,Weekend,20,3
355618,Weekend,31,25
355618,Weekend,35,1
355618,Weekend,37,49
355618,Weekend,38,53
355618,Weekend,40,7
355618,Weekend,42,12
355618,Weekend,46,2
355618,Weekend,47,7
355618,Weekend,48,3
355618,Weekend,69,12
355618,Weekend,70,4
355618,Weekend,71,14
355618,Weekend,77,3
355635,Week,9,2
355635,Week,10,10
355635,Week,13,7
355635,Week,14,276
355635,Week,16,339
355635,Week,17,28
355635,Week,19,62
355635,Week,20,161
355635,Week,21,154
355635,Week,31,6
355635,Week,37,101
355635,Week,38,239
355635,Week,39,1
355635,Week,40,94
355635,Week,42,3
355635,Week,45,1
355635,Week,46,105
355635,Week,47,5
355635,Week,48,13
355635,Week,50,18
355635,Week,51,10
355635,Week,53,3
355635,Week,60,1
355635,Week,69,28
355635,Week,70,42
355635,Week,71,77
355635,Week,72,1
355635,Week,73,3
355635,Week,74,22
355635,Week,75,1
355635,Week,80,2
355635,Week,82,31
355635,Week,83,18
355635,Week,84,15
355635,Week,98,1
355671,Week,8,3
355671,Week,9,32
355671,Week,10,8
355671,Week,11,3
355671,Week,13,60
355671,Week,14,196
355671,Week,16,37
355671,Week,17,67
355671,Week,19,21
355671,Week,20,197
355671,Week,21,25
355671,Week,22,1
355671,Week,23,39
355671,Week,24,1
355671,Week,31,252
355671,Week,37,21
355671,Week,38,44
355671,Week,40,14
355671,Week,42,105
355671,Week,46,14
355671,Week,47,232
355671,Week,48,16
355671,Week,51,2
355671,Week,53,13
355671,Week,60,1
355671,Week,61,2
355671,Week,64,8
355671,Week,69,590
355671,Week,70,9
355671,Week,71,110
355671,Week,74,2
355671,Week,77,4
355671,Week,82,164
355671,Week,83,46
355671,Week,84,162
355671,Weekend,13,3
355671,Weekend,14,13
355671,Weekend,17,3
355671,Weekend,19,1
355671,Weekend,20,13
355671,Weekend,21,3
355671,Weekend,23,15
355671,Weekend,38,9
355671,Weekend,40,2
355671,Weekend,47,7
355671,Weekend,51,1
355671,Weekend,69,4
355671,Weekend,71,3
355671,Weekend,75,1
355671,Weekend,77,2
355671,Weekend,82,3
355671,Weekend,83,5
355671,Weekend,84,11
355671,Weekend,98,1
355678,Week,10,9
355678,Week,11,2
355678,Week,13,11
355678,Week,14,91
355678,Week,17,17
355678,Week,19,19
355678,Week,21,3
355678,Week,31,16
355678,Week,37,12
355678,Week,38,52
355678,Week,40,16
355678,Week,42,30
355678,Week,47,132
355678,Week,48,1
355678,Week,53,12
355678,Week,64,4
355678,Week,69,348
355678,Week,82,1
355678,Week,84,20
355678,Weekend,13,1
355678,Weekend,14,7
355678,Weekend,16,1
355678,Weekend,17,2
355678,Weekend,20,1
355678,Weekend,21,1
355678,Weekend,37,9
355678,Weekend,38,24
355678,Weekend,40,3
355678,Weekend,42,1
355678,Weekend,47,16
355678,Weekend,69,8
355678,Weekend,70,1
355678,Weekend,84,4
355682,Week,9,1
355682,Week,10,12
355682,Week,13,26
355682,Week,14,415
355682,Week,16,45
355682,Week,17,78
355682,Week,19,20
355682,Week,20,114
355682,Week,31,43
355682,Week,37,2
355682,Week,38,9
355682,Week,40,32
355682,Week,42,9
355682,Week,46,38
355682,Week,47,31
355682,Week,48,81
355682,Week,50,2
355682,Week,51,10
355682,Week,53,8
355682,Week,64,1
355682,Week,66,15
355682,Week,67,2
355682,Week,69,22
355682,Week,70,7
355682,Week,71,16
355682,Week,74,3
355682,Week,77,3
355682,Week,82,3
355682,Week,84,17
355682,Weekend,10,2
355682,Weekend,13,13
355682,Weekend,14,88
355682,Weekend,16,18
355682,Weekend,17,13
355682,Weekend,19,7
355682,Weekend,20,47
355682,Weekend,21,16
355682,Weekend,31,8
355682,Weekend,38,15
355682,Weekend,40,8
355682,Weekend,42,1
355682,Weekend,46,14
355682,Weekend,47,17
355682,Weekend,48,4
355682,Weekend,50,1
355682,Weekend,51,2
355682,Weekend,53,2
355682,Weekend,66,6
355682,Weekend,69,13
355682,Weekend,70,5
355682,Weekend,74,1
355682,Weekend,82,1
355682,Weekend,84,15
355685,Week,10,57
355685,Week,11,1
355685,Week,13,5
355685,Week,14,120
355685,Week,16,104
355685,Week,17,24
355685,Week,18,4
355685,Week,19,91
355685,Week,20,116
355685,Week,21,316
355685,Week,31,17
355685,Week,37,399
355685,Week,38,541
355685,Week,40,346
355685,Week,42,5
355685,Week,46,270
355685,Week,48,19
355685,Week,50,30
355685,Week,51,18
355685,Week,52,3
355685,Week,53,26
355685,Week,61,1
355685,Week,67,2
355685,Week,69,26
355685,Week,70,29
355685,Week,71,58
355685,Week,73,1
355685,Week,74,27
355685,Week,82,16
355685,Week,84,59
356219,Week,10,19
356219,Week,13,5
356219,Week,14,474
356219,Week,16,156
356219,Week,17,53
356219,Week,19,61
356219,Week,20,97
356219,Week,21,57
356219,Week,23,1
356219,Week,31,11
356219,Week,37,167
356219,Week,38,241
356219,Week,40,20
356219,Week,42,7
356219,Week,46,190
356219,Week,48,36
356219,Week,50,20
356219,Week,51,7
356219,Week,53,5
356219,Week,69,26
356219,Week,70,16
356219,Week,71,55
356219,Week,74,1
356219,Week,82,2
356219,Week,84,36
356219,Weekend,10,1
356219,Weekend,14,274
356219,Weekend,16,5
356219,Weekend,17,4
356219,Weekend,19,4
356219,Weekend,20,46
356219,Weekend,40,30
356219,Weekend,46,9
356219,Weekend,48,5
356219,Weekend,50,19
356219,Weekend,51,1
356219,Weekend,53,4
356219,Weekend,70,5
356219,Weekend,71,21
356276,Week,10,30
356276,Week,13,1
356276,Week,14,73
356276,Week,16,100
356276,Week,17,7
356276,Week,19,37
356276,Week,20,116
356276,Week,21,804
356276,Week,31,17
356276,Week,37,297
356276,Week,38,504
356276,Week,40,185
356276,Week,46,68
356276,Week,48,30
356276,Week,50,11
356276,Week,51,2
356276,Week,53,10
356276,Week,60,1
356276,Week,67,1
356276,Week,69,17
356276,Week,70,22
356276,Week,71,45
356276,Week,74,7
356276,Week,75,1
356276,Week,82,1
356276,Week,83,1
356276,Week,84,55
356276,Weekend,16,1
356276,Weekend,20,1
356276,Weekend,21,6
356276,Weekend,37,5
356276,Weekend,38,4
356276,Weekend,40,3
356276,Weekend,53,1
356276,Weekend,70,4
356276,Weekend,74,1
356276,Weekend,84,1
356310,Week,10,5
356310,Week,11,1
356310,Week,13,47
356310,Week,14,447
356310,Week,16,10
356310,Week,17,23
356310,Week,19,34
356310,Week,20,3
356310,Week,21,6
356310,Week,23,5
356310,Week,31,141
356310,Week,35,1
356310,Week,37,13
356310,Week,38,31
356310,Week,40,20
356310,Week,42,142
356310,Week,46,25
356310,Week,47,266
356310,Week,48,24
356310,Week,50,11
356310,Week,51,8
356310,Week,53,32
356310,Week,64,23
356310,Week,69,595
356310,Week,70,8
356310,Week,71,17
356310,Week,73,1
356310,Week,74,14
356310,Week,82,25
356310,Week,83,2
356310,Week,84,47
356310,Weekend,14,2
356310,Weekend,17,2
356310,Weekend,20,1
356310,Weekend,31,3
356310,Weekend,38,1
356310,Weekend,40,1
356310,Weekend,42,2
356310,Weekend,47,2
356498,Week,10,2
356498,Week,11,1
356498,Week,13,11
356498,Week,14,170
356498,Week,16,301
356498,Week,17,14
356498,Week,19,45
356498,Week,20,111
356498,Week,21,154
356498,Week,31,12
356498,Week,37,92
356498,Week,38,299
356498,Week,39,5
356498,Week,40,184
356498,Week,42,17
356498,Week,46,81
356498,Week,47,23
356498,Week,48,19
356498,Week,50,15
356498,Week,51,5
356498,Week,53,4
356498,Week,60,1
356498,Week,67,5
356498,Week,69,69
356498,Week,70,42
356498,Week,71,42
356498,Week,73,2
356498,Week,74,15
356498,Week,75,1
356498,Week,82,46
356498,Week,84,128
356498,Weekend,10,2
356498,Weekend,13,2
356498,Weekend,14,14
356498,Weekend,16,7
356498,Weekend,17,1
356498,Weekend,19,7
356498,Weekend,20,11
356498,Weekend,21,5
356498,Weekend,37,14
356498,Weekend,38,43
356498,Weekend,39,2
356498,Weekend,40,72
356498,Weekend,42,2
356498,Weekend,46,15
356498,Weekend,48,2
356498,Weekend,50,5
356498,Weekend,51,1
356498,Weekend,53,2
356498,Weekend,67,6
356498,Weekend,70,29
356498,Weekend,71,36
356498,Weekend,72,1
356498,Weekend,74,4
356498,Weekend,82,3
356498,Weekend,84,5
356502,Week,9,3
356502,Week,10,35
356502,Week,11,1
356502,Week,13,43
356502,Week,14,236
356502,Week,16,20
356502,Week,17,18
356502,Week,19,43
356502,Week,20,88
356502,Week,21,6
356502,Week,23,4
356502,Week,31,321
356502,Week,35,8
356502,Week,37,46
356502,Week,38,80
356502,Week,40,21
356502,Week,42,152
356502,Week,46,46
356502,Week,47,204
356502,Week,48,1
356502,Week,51,5
356502,Week,53,9
356502,Week,64,2
356502,Week,69,871
356502,Week,70,13
356502,Week,71,46
356502,Week,72,4
356502,Week,73,1
356502,Week,74,15
356502,Week,75,1
356502,Week,82,86
356502,Week,83,13
356502,Week,84,19
356502,Week,89,6
356502,Weekend,10,12
356502,Weekend,11,2
356502,Weekend,13,5
356502,Weekend,14,57
356502,Weekend,16,5
356502,Weekend,17,11
356502,Weekend,19,19
356502,Weekend,20,12
356502,Weekend,21,1
356502,Weekend,23,1
356502,Weekend,31,41
356502,Weekend,37,10
356502,Weekend,38,45
356502,Weekend,40,30
356502,Weekend,42,1
356502,Weekend,46,19
356502,Weekend,47,43
356502,Weekend,48,1
356502,Weekend,50,1
356502,Weekend,53,3
356502,Weekend,69,26
356502,Weekend,70,23
356502,Weekend,71,47
356502,Weekend,72,2
356502,Weekend,74,12
356502,Weekend,75,1
356502,Weekend,82,11
356502,Weekend,83,13
356502,Weekend,84,3
356507,Week,10,9
356507,Week,11,1
356507,Week,13,14
356507,Week,14,78
356507,Week,16,74
356507,Week,17,12
356507,Week,18,5
356507,Week,19,63
356507,Week,20,94
356507,Week,21,274
356507,Week,31,2
356507,Week,37,311
356507,Week,38,486
356507,Week,40,201
356507,Week,46,89
356507,Week,48,26
356507,Week,50,32
356507,Week,51,5
356507,Week,53,3
356507,Week,60,1
356507,Week,61,1
356507,Week,68,1
356507,Week,69,9
356507,Week,70,67
356507,Week,71,76
356507,Week,73,3
356507,Week,74,9
356507,Week,75,3
356507,Week,82,5
356507,Week,84,11
356507,Week,98,1
356507,Weekend,14,39
356507,Weekend,16,19
356507,Weekend,17,8
356507,Weekend,19,24
356507,Weekend,20,41
356507,Weekend,37,6
356507,Weekend,38,20
356507,Weekend,40,69
356507,Weekend,46,11
356507,Weekend,48,4
356507,Weekend,50,14
356507,Weekend,60,5
356507,Weekend,61,1
356507,Weekend,70,10
356507,Weekend,71,22
356507,Weekend,74,4
356507,Weekend,75,1
356507,Weekend,82,1
356510,Week,8,2
356510,Week,9,1
356510,Week,10,16
356510,Week,13,27
356510,Week,14,167
356510,Week,16,27
356510,Week,17,32
356510,Week,19,48
356510,Week,20,84
356510,Week,21,6
356510,Week,24,4
356510,Week,31,304
356510,Week,35,1
356510,Week,37,45
356510,Week,38,111
356510,Week,40,56
356510,Week,42,116
356510,Week,46,47
356510,Week,47,200
356510,Week,48,5
356510,Week,50,2
356510,Week,51,5
356510,Week,53,17
356510,Week,60,1
356510,Week,64,3
356510,Week,69,875
356510,Week,70,16
356510,Week,71,32
356510,Week,72,3
356510,Week,73,2
356510,Week,74,3
356510,Week,82,90
356510,Week,83,19
356510,Week,84,17
356510,Weekend,10,4
356510,Weekend,13,1
356510,Weekend,14,52
356510,Weekend,16,3
356510,Weekend,17,15
356510,Weekend,19,15
356510,Weekend,20,8
356510,Weekend,21,4
356510,Weekend,23,1
356510,Weekend,31,43
356510,Weekend,37,10
356510,Weekend,38,84
356510,Weekend,40,13
356510,Weekend,42,7
356510,Weekend,46,13
356510,Weekend,47,42
356510,Weekend,48,1
356510,Weekend,50,4
356510,Weekend,53,2
356510,Weekend,69,40
356510,Weekend,70,17
356510,Weekend,71,25
356510,Weekend,74,3
356510,Weekend,82,12
356510,Weekend,83,7
356510,Weekend,84,4
356549,Week,10,15
356549,Week,11,1
356549,Week,13,2
356549,Week,14,91
356549,Week,16,117
356549,Week,17,7
356549,Week,18,1
356549,Week,19,42
356549,Week,20,90
356549,Week,21,616
356549,Week,31,2
356549,Week,34,1
356549,Week,37,247
356549,Week,38,568
356549,Week,40,114
356549,Week,46,75
356549,Week,48,16
356549,Week,50,10
356549,Week,51,2
356549,Week,59,1
356549,Week,60,2
356549,Week,64,4
356549,Week,70,29
356549,Week,71,43
356549,Week,73,3
356549,Week,74,3
356549,Week,82,10
356549,Week,84,43
356549,Weekend,10,1
356549,Weekend,14,5
356549,Weekend,16,3
356549,Weekend,19,2
356549,Weekend,20,4
356549,Weekend,21,4
356549,Weekend,37,4
356549,Weekend,38,44
356549,Weekend,40,11
356549,Weekend,50,1
356549,Weekend,70,7
356549,Weekend,71,7
356549,Weekend,84,3
357327,Week,10,18
357327,Week,11,2
357327,Week,13,5
357327,Week,14,403
357327,Week,16,1493
357327,Week,17,4
357327,Week,18,1
357327,Week,19,39
357327,Week,20,108
357327,Week,21,128
357327,Week,31,3
357327,Week,37,38
357327,Week,38,89
357327,Week,39,4
357327,Week,40,63
357327,Week,42,3
357327,Week,46,34
357327,Week,47,1
357327,Week,48,14
357327,Week,51,12
357327,Week,53,4
357327,Week,60,1
357327,Week,64,9
357327,Week,67,1
357327,Week,69,4
357327,Week,70,16
357327,Week,71,18
357327,Week,74,7
357327,Week,75,2
357327,Week,82,39
357327,Week,83,1
357327,Week,84,30
357330,Week,10,18
357330,Week,11,1
357330,Week,13,5
357330,Week,14,288
357330,Week,16,44
357330,Week,17,59
357330,Week,18,8
357330,Week,19,89
357330,Week,20,381
357330,Week,21,1
357330,Week,37,54
357330,Week,38,134
357330,Week,40,338
357330,Week,46,163
357330,Week,48,73
357330,Week,50,49
357330,Week,51,11
357330,Week,53,87
357330,Week,60,2
357330,Week,61,4
357330,Week,67,89
357330,Week,68,1
357330,Week,69,1
357330,Week,70,39
357330,Week,71,72
357330,Week,72,1
357330,Week,73,1
357330,Week,74,30
357330,Week,75,4
357330,Week,82,48
357330,Week,84,10
357330,Week,98,1
357330,Weekend,13,1
357330,Weekend,14,5
357330,Weekend,16,1
357330,Weekend,17,1
357330,Weekend,19,3
357330,Weekend,20,4
357330,Weekend,37,2
357330,Weekend,38,9
357330,Weekend,40,9
357330,Weekend,46,4
357330,Weekend,50,1
357330,Weekend,67,2
357330,Weekend,70,3
357330,Weekend,71,2
357330,Weekend,74,1
357330,Weekend,75,1
357330,Weekend,82,6
357330,Weekend,98,1
357345,Week,10,8
357345,Week,13,6
357345,Week,14,474
357345,Week,16,1
357345,Week,17,2
357345,Week,19,66
357345,Week,20,1
357345,Week,31,45
357345,Week,38,8
357345,Week,40,7
357345,Week,46,2
357345,Week,47,130
357345,Week,50,1
357345,Week,51,2
357345,Week,64,2
357345,Week,69,415
357345,Week,70,11
357345,Week,71,31
357345,Week,84,17
357355,Week,10,5
357355,Week,13,3
357355,Week,14,428
357355,Week,17,1
357355,Week,19,45
357355,Week,31,38
357355,Week,40,13
357355,Week,42,87
357355,Week,47,180
357355,Week,50,1
357355,Week,64,1
357355,Week,69,439
357355,Week,70,1
357355,Week,74,1
357355,Week,81,1
357355,Week,84,95
357367,Week,9,1
357367,Week,10,8
357367,Week,13,14
357367,Week,14,411
357367,Week,16,30
357367,Week,17,17
357367,Week,19,31
357367,Week,20,9
357367,Week,21,14
357367,Week,23,3
357367,Week,31,180
357367,Week,37,85
357367,Week,38,121
357367,Week,40,13
357367,Week,42,227
357367,Week,46,9
357367,Week,47,152
357367,Week,48,5
357367,Week,50,2
357367,Week,51,12
357367,Week,53,11
357367,Week,64,11
357367,Week,67,3
357367,Week,69,534
357367,Week,70,11
357367,Week,71,31
357367,Week,73,1
357367,Week,74,4
357367,Week,77,1
357367,Week,82,19
357367,Week,84,38
357367,Weekend,11,1
357367,Weekend,13,3
357367,Weekend,14,25
357367,Weekend,16,1
357367,Weekend,19,6
357367,Weekend,20,6
357367,Weekend,21,11
357367,Weekend,31,13
357367,Weekend,37,10
357367,Weekend,38,41
357367,Weekend,40,2
357367,Weekend,42,3
357367,Weekend,47,10
357367,Weekend,50,2
357367,Weekend,51,1
357367,Weekend,53,2
357367,Weekend,69,11
357367,Weekend,70,1
357367,Weekend,71,3
357367,Weekend,73,1
357367,Weekend,82,5
357367,Weekend,84,5
357377,Week,8,57
357377,Week,9,19
357377,Week,10,10
357377,Week,11,14
357377,Week,13,115
357377,Week,14,319
357377,Week,16,4
357377,Week,17,38
357377,Week,19,45
357377,Week,20,4
357377,Week,23,35
357377,Week,31,138
357377,Week,37,12
357377,Week,38,41
357377,Week,40,29
357377,Week,42,149
357377,Week,46,53
357377,Week,47,336
357377,Week,48,15
357377,Week,50,1
357377,Week,51,32
357377,Week,53,26
357377,Week,64,35
357377,Week,69,770
357377,Week,70,5
357377,Week,71,11
357377,Week,74,3
357377,Week,82,48
357377,Week,83,9
357377,Week,84,139
357678,Week,8,1
357678,Week,10,5
357678,Week,11,1
357678,Week,13,33
357678,Week,14,290
357678,Week,16,4
357678,Week,17,21
357678,Week,19,34
357678,Week,20,11
357678,Week,21,39
357678,Week,23,1
357678,Week,31,110
357678,Week,35,1
357678,Week,37,66
357678,Week,38,123
357678,Week,40,5
357678,Week,42,187
357678,Week,46,7
357678,Week,47,334
357678,Week,48,2
357678,Week,50,3
357678,Week,51,2
357678,Week,53,13
357678,Week,61,1
357678,Week,64,5
357678,Week,67,2
357678,Week,69,938
357678,Week,70,5
357678,Week,71,27
357678,Week,73,1
357678,Week,74,11
357678,Week,79,1
357678,Week,82,28
357678,Week,83,10
357678,Week,84,38
357678,Week,89,8
357678,Weekend,13,1
357678,Weekend,14,5
357678,Weekend,16,1
357678,Weekend,17,5
357678,Weekend,19,2
357678,Weekend,20,3
357678,Weekend,38,3
357678,Weekend,40,5
357678,Weekend,46,2
357678,Weekend,70,1
357678,Weekend,71,3
357678,Weekend,83,1
357702,Week,10,4
357702,Week,13,4
357702,Week,14,49
357702,Week,16,17
357702,Week,17,4
357702,Week,19,49
357702,Week,20,37
357702,Week,21,608
357702,Week,23,1
357702,Week,24,3
357702,Week,37,254
357702,Week,38,435
357702,Week,40,225
357702,Week,42,1
357702,Week,46,80
357702,Week,48,26
357702,Week,50,25
357702,Week,51,10
357702,Week,53,8
357702,Week,60,1
357702,Week,61,2
357702,Week,69,3
357702,Week,70,73
357702,Week,71,107
357702,Week,72,5
357702,Week,74,9
357702,Week,75,4
357702,Week,82,9
357702,Week,84,12
357711,Week,9,2
357711,Week,10,17
357711,Week,11,12
357711,Week,13,21
357711,Week,14,489
357711,Week,16,7
357711,Week,17,35
357711,Week,19,49
357711,Week,20,13
357711,Week,23,2
357711,Week,31,163
357711,Week,35,20
357711,Week,37,7
357711,Week,38,25
357711,Week,40,13
357711,Week,42,252
357711,Week,46,32
357711,Week,47,317
357711,Week,48,17
357711,Week,50,6
357711,Week,51,2
357711,Week,53,12
357711,Week,56,1
357711,Week,62,1
357711,Week,64,19
357711,Week,69,497
357711,Week,70,5
357711,Week,71,16
357711,Week,74,5
357711,Week,77,1
357711,Week,82,26
357711,Week,83,4
357711,Week,84,63
357711,Week,89,7
357711,Weekend,10,4
357711,Weekend,11,1
357711,Weekend,13,5
357711,Weekend,14,44
357711,Weekend,16,2
357711,Weekend,19,6
357711,Weekend,20,2
357711,Weekend,31,64
357711,Weekend,37,27
357711,Weekend,38,41
357711,Weekend,40,3
357711,Weekend,42,10
357711,Weekend,46,3
357711,Weekend,47,10
357711,Weekend,48,1
357711,Weekend,64,3
357711,Weekend,69,32
357711,Weekend,70,3
357711,Weekend,71,7
357711,Weekend,74,1
357711,Weekend,77,2
357711,Weekend,82,4
357711,Weekend,83,2
357711,Weekend,84,4
357716,Week,10,23
357716,Week,11,3
357716,Week,13,21
357716,Week,14,430
357716,Week,16,131
357716,Week,17,51
357716,Week,18,43
357716,Week,19,47
357716,Week,20,1224
357716,Week,23,1
357716,Week,37,15
357716,Week,38,33
357716,Week,40,219
357716,Week,42,1
357716,Week,46,119
357716,Week,48,8
357716,Week,50,21
357716,Week,53,7
357716,Week,61,2
357716,Week,64,9
357716,Week,69,3
357716,Week,70,8
357716,Week,71,25
357716,Week,73,1
357716,Week,75,1
357716,Week,82,200
357716,Week,83,1
357716,Week,84,16
357752,Week,10,15
357752,Week,11,1
357752,Week,13,10
357752,Week,14,215
357752,Week,16,142
357752,Week,17,9
357752,Week,18,3
357752,Week,19,41
357752,Week,20,464
357752,Week,21,2
357752,Week,24,20
357752,Week,31,7
357752,Week,37,620
357752,Week,38,509
357752,Week,40,147
357752,Week,42,3
357752,Week,46,68
357752,Week,48,8
357752,Week,50,41
357752,Week,53,5
357752,Week,61,5
357752,Week,64,4
357752,Week,67,1
357752,Week,69,4
357752,Week,70,99
357752,Week,71,125
357752,Week,74,20
357752,Week,75,4
357752,Week,82,39
357752,Week,84,5
357801,Week,10,7
357801,Week,11,1
357801,Week,13,54
357801,Week,14,263
357801,Week,16,6
357801,Week,17,38
357801,Week,19,24
357801,Week,20,21
357801,Week,21,7
357801,Week,23,12
357801,Week,24,2
357801,Week,31,231
357801,Week,37,82
357801,Week,38,91
357801,Week,40,20
357801,Week,42,258
357801,Week,46,6
357801,Week,47,247
357801,Week,48,4
357801,Week,50,2
357801,Week,51,9
357801,Week,53,6
357801,Week,60,2
357801,Week,64,15
357801,Week,69,920
357801,Week,70,13
357801,Week,71,63
357801,Week,73,1
357801,Week,74,3
357801,Week,82,99
357801,Week,83,41
357801,Week,84,66
357801,Weekend,10,2
357801,Weekend,13,8
357801,Weekend,14,13
357801,Weekend,17,3
357801,Weekend,19,5
357801,Weekend,20,8
357801,Weekend,21,11
357801,Weekend,23,8
357801,Weekend,31,7
357801,Weekend,37,18
357801,Weekend,38,50
357801,Weekend,40,6
357801,Weekend,42,2
357801,Weekend,47,12
357801,Weekend,53,1
357801,Weekend,69,19
357801,Weekend,70,2
357801,Weekend,71,7
357801,Weekend,82,2
357801,Weekend,83,13
357801,Weekend,84,5
357804,Week,9,2
357804,Week,10,14
357804,Week,11,13
357804,Week,13,14
357804,Week,14,397
357804,Week,16,13
357804,Week,17,17
357804,Week,18,2
357804,Week,19,15
357804,Week,20,19
357804,Week,23,1
357804,Week,24,3
357804,Week,31,166
357804,Week,35,28
357804,Week,37,53
357804,Week,38,62
357804,Week,40,28
357804,Week,42,234
357804,Week,46,10
357804,Week,47,111
357804,Week,48,30
357804,Week,50,1
357804,Week,51,5
357804,Week,53,3
357804,Week,64,13
357804,Week,69,321
357804,Week,70,13
357804,Week,71,23
357804,Week,74,3
357804,Week,84,11
357804,Weekend,10,3
357804,Weekend,11,1
357804,Weekend,13,2
357804,Weekend,14,32
357804,Weekend,17,9
357804,Weekend,19,5
357804,Weekend,20,2
357804,Weekend,31,18
357804,Weekend,37,12
357804,Weekend,38,48
357804,Weekend,40,11
357804,Weekend,42,5
357804,Weekend,46,1
357804,Weekend,47,11
357804,Weekend,48,3
357804,Weekend,50,1
357804,Weekend,64,7
357804,Weekend,69,39
357804,Weekend,70,7
357804,Weekend,71,7
357804,Weekend,74,1
358233,Week,10,31
358233,Week,13,7
358233,Week,14,363
358233,Week,16,109
358233,Week,17,21
358233,Week,19,96
358233,Week,20,143
358233,Week,21,34
358233,Week,37,853
358233,Week,38,685
358233,Week,40,73
358233,Week,46,77
358233,Week,48,11
358233,Week,50,9
358233,Week,51,2
358233,Week,53,5
358233,Week,67,1
358233,Week,70,75
358233,Week,71,119
358233,Week,74,11
358233,Week,82,11
358233,Week,84,8
358233,Week,98,1
358233,Weekend,16,1
358233,Weekend,19,1
358233,Weekend,37,8
358233,Weekend,38,19
358233,Weekend,70,1
358525,Week,10,14
358525,Week,11,5
358525,Week,13,4
358525,Week,14,114
358525,Week,16,56
358525,Week,17,23
358525,Week,18,2
358525,Week,19,45
358525,Week,20,42
358525,Week,21,264
358525,Week,24,1
358525,Week,31,2
358525,Week,37,595
358525,Week,38,602
358525,Week,40,105
358525,Week,42,6
358525,Week,46,79
358525,Week,48,13
358525,Week,50,8
358525,Week,51,3
358525,Week,53,2
358525,Week,64,2
358525,Week,69,12
358525,Week,70,30
358525,Week,71,84
358525,Week,73,1
358525,Week,74,6
358525,Week,84,11
358525,Weekend,10,1
358525,Weekend,16,1
358525,Weekend,19,2
358525,Weekend,20,1
358525,Weekend,21,1
358525,Weekend,37,16
358525,Weekend,38,67
358525,Weekend,40,6
358525,Weekend,48,1
358525,Weekend,50,1
358525,Weekend,69,1
358525,Weekend,70,3
358525,Weekend,71,4
358525,Weekend,84,1
358647,Week,10,7
358647,Week,11,2
358647,Week,13,9
358647,Week,14,255
358647,Week,16,52
358647,Week,17,14
358647,Week,19,63
358647,Week,20,96
358647,Week,21,9
358647,Week,23,1
358647,Week,31,2
358647,Week,37,711
358647,Week,38,618
358647,Week,40,214
358647,Week,42,7
358647,Week,46,142
358647,Week,48,43
358647,Week,50,32
358647,Week,51,9
358647,Week,53,16
358647,Week,60,1
358647,Week,61,4
358647,Week,64,1
358647,Week,67,1
358647,Week,69,2
358647,Week,70,48
358647,Week,71,123
358647,Week,73,2
358647,Week,74,12
358647,Week,75,1
358647,Week,82,12
358647,Week,83,2
358647,Week,84,16
358647,Weekend,10,1
358647,Weekend,14,1
358647,Weekend,16,3
358647,Weekend,19,5
358647,Weekend,20,5
358647,Weekend,37,14
358647,Weekend,38,16
358647,Weekend,40,7
358647,Weekend,46,1
358647,Weekend,48,1
358647,Weekend,70,1
358647,Weekend,71,3
358664,Week,10,20
358664,Week,13,2
358664,Week,14,319
358664,Week,16,66
358664,Week,17,21
358664,Week,18,18
358664,Week,19,12
358664,Week,20,40
358664,Week,31,17
358664,Week,37,591
358664,Week,38,516
358664,Week,40,38
358664,Week,42,22
358664,Week,46,19
358664,Week,47,4
358664,Week,48,3
358664,Week,50,7
358664,Week,53,2
358664,Week,69,16
358664,Week,70,50
358664,Week,71,121
358664,Week,74,14
358664,Week,75,1
358664,Weekend,10,1
358664,Weekend,14,12
358664,Weekend,16,18
358664,Weekend,17,2
358664,Weekend,19,9
358664,Weekend,20,14
358664,Weekend,31,5
358664,Weekend,37,176
358664,Weekend,38,236
358664,Weekend,40,29
358664,Weekend,42,2
358664,Weekend,46,5
358664,Weekend,53,1
358664,Weekend,69,3
358664,Weekend,70,30
358664,Weekend,71,56
358664,Weekend,74,6
358664,Weekend,75,1
358840,Week,10,8
358840,Week,13,1
358840,Week,14,80
358840,Week,16,77
358840,Week,17,12
358840,Week,19,35
358840,Week,20,55
358840,Week,21,12
358840,Week,24,1
358840,Week,31,2
358840,Week,37,795
358840,Week,38,696
358840,Week,40,94
358840,Week,42,3
358840,Week,46,7
358840,Week,48,2
358840,Week,50,6
358840,Week,53,3
358840,Week,69,2
358840,Week,70,18
358840,Week,71,67
358840,Week,74,1
358840,Weekend,10,1
358840,Weekend,14,1
358840,Weekend,16,2
358840,Weekend,20,2
358840,Weekend,37,25
358840,Weekend,38,52
358840,Weekend,40,1
358840,Weekend,70,3
358840,Weekend,71,1
358856,Week,10,14
358856,Week,11,1
358856,Week,13,2
358856,Week,14,165
358856,Week,16,29
358856,Week,17,14
358856,Week,19,88
358856,Week,20,52
358856,Week,21,244
358856,Week,31,1
358856,Week,32,3
358856,Week,37,478
358856,Week,38,734
358856,Week,39,3
358856,Week,40,148
358856,Week,45,3
358856,Week,46,45
358856,Week,48,7
358856,Week,50,11
358856,Week,51,4
358856,Week,53,5
358856,Week,69,15
358856,Week,70,13
358856,Week,71,33
358856,Week,72,1
358856,Week,73,1
358856,Week,82,4
358856,Week,84,28
358856,Weekend,13,1
358856,Weekend,14,5
358856,Weekend,16,4
358856,Weekend,17,3
358856,Weekend,19,7
358856,Weekend,20,6
358856,Weekend,37,65
358856,Weekend,38,167
358856,Weekend,40,31
358856,Weekend,46,2
358856,Weekend,50,1
358856,Weekend,70,4
358856,Weekend,71,12
358868,Week,10,16
358868,Week,13,4
358868,Week,14,50
358868,Week,16,43
358868,Week,17,17
358868,Week,19,68
358868,Week,20,42
358868,Week,21,251
358868,Week,24,3
358868,Week,31,2
358868,Week,37,574
358868,Week,38,421
358868,Week,39,1
358868,Week,40,114
358868,Week,46,96
358868,Week,48,44
358868,Week,50,11
358868,Week,51,6
358868,Week,53,11
358868,Week,60,1
358868,Week,69,5
358868,Week,70,24
358868,Week,71,76
358868,Week,74,2
358868,Week,75,1
358868,Week,84,9
358868,Week,98,1
358868,Weekend,14,1
358868,Weekend,21,1
358868,Weekend,37,20
358868,Weekend,38,26
358868,Weekend,71,1
358878,Week,10,39
358878,Week,13,6
358878,Week,14,215
358878,Week,16,140
358878,Week,17,34
358878,Week,18,13
358878,Week,19,85
358878,Week,20,47
358878,Week,23,3
358878,Week,31,5
358878,Week,37,440
358878,Week,38,596
358878,Week,40,243
358878,Week,42,1
358878,Week,46,93
358878,Week,48,5
358878,Week,50,26
358878,Week,51,4
358878,Week,53,43
358878,Week,59,1
358878,Week,64,2
358878,Week,69,6
358878,Week,70,29
358878,Week,71,76
358878,Week,74,7
358878,Week,75,1
358878,Week,84,11
358889,Week,10,8
358889,Week,11,1
358889,Week,14,190
358889,Week,16,8
358889,Week,17,27
358889,Week,19,46
358889,Week,20,24
358889,Week,24,1
358889,Week,31,1
358889,Week,37,631
358889,Week,38,686
358889,Week,40,149
358889,Week,46,641
358889,Week,48,11
358889,Week,50,13
358889,Week,67,3
358889,Week,69,1
358889,Week,70,30
358889,Week,71,64
358889,Week,82,2
358889,Week,84,1
358889,Week,98,1
358889,Weekend,17,2
358889,Weekend,37,5
358889,Weekend,38,8
358889,Weekend,46,4
358889,Weekend,70,1
358896,Week,10,11
358896,Week,13,3
358896,Week,14,84
358896,Week,16,106
358896,Week,19,10
358896,Week,20,13
358896,Week,23,1
358896,Week,24,1
358896,Week,31,1
358896,Week,37,600
358896,Week,38,344
358896,Week,40,46
358896,Week,42,2
358896,Week,46,7
358896,Week,48,1
358896,Week,50,6
358896,Week,69,3
358896,Week,70,29
358896,Week,71,52
358896,Week,73,1
358896,Week,74,3
358896,Week,75,1
358896,Week,84,1
358896,Weekend,10,1
358896,Weekend,13,3
358896,Weekend,14,3
358896,Weekend,16,14
358896,Weekend,19,2
358896,Weekend,20,3
358896,Weekend,31,1
358896,Weekend,37,161
358896,Weekend,38,154
358896,Weekend,40,7
358896,Weekend,50,3
358896,Weekend,70,12
358896,Weekend,71,34
358896,Weekend,75,1
358896,Weekend,84,1
358914,Week,8,4
358914,Week,10,1
358914,Week,13,52
358914,Week,14,146
358914,Week,16,37
358914,Week,17,26
358914,Week,19,73
358914,Week,20,178
358914,Week,21,800
358914,Week,23,2
358914,Week,37,243
358914,Week,38,490
358914,Week,39,1
358914,Week,40,170
358914,Week,46,87
358914,Week,48,2
358914,Week,50,38
358914,Week,51,13
358914,Week,52,2
358914,Week,53,106
358914,Week,60,5
358914,Week,70,67
358914,Week,71,76
358914,Week,74,3
358914,Week,84,40
358928,Week,10,10
358928,Week,11,5
358928,Week,13,4
358928,Week,14,63
358928,Week,16,29
358928,Week,17,7
358928,Week,19,40
358928,Week,20,87
358928,Week,21,251
358928,Week,23,1
358928,Week,24,4
358928,Week,37,502
358928,Week,38,501
358928,Week,40,176
358928,Week,46,46
358928,Week,48,24
358928,Week,50,26
358928,Week,51,6
358928,Week,53,14
358928,Week,59,1
358928,Week,70,29
358928,Week,71,41
358928,Week,72,1
358928,Week,74,2
358928,Week,84,14
358928,Week,98,1
358929,Week,10,9
358929,Week,14,159
358929,Week,16,16
358929,Week,17,1
358929,Week,18,2
358929,Week,19,20
358929,Week,20,24
358929,Week,21,1
358929,Week,37,796
358929,Week,38,659
358929,Week,40,68
358929,Week,42,4
358929,Week,46,3
358929,Week,48,4
358929,Week,50,11
358929,Week,59,1
358929,Week,69,4
358929,Week,70,33
358929,Week,71,43
358929,Week,74,7
358929,Week,98,1
358929,Weekend,10,1
358929,Weekend,13,1
358929,Weekend,14,4
358929,Weekend,16,2
358929,Weekend,19,4
358929,Weekend,20,5
358929,Weekend,37,253
358929,Weekend,38,263
358929,Weekend,40,6
358929,Weekend,46,1
358929,Weekend,50,2
358929,Weekend,70,17
358929,Weekend,71,22
358929,Weekend,74,3
358939,Week,10,15
358939,Week,13,3
358939,Week,14,79
358939,Week,16,13
358939,Week,18,34
358939,Week,19,23
358939,Week,20,27
358939,Week,37,935
358939,Week,38,621
358939,Week,40,39
358939,Week,42,5
358939,Week,46,7
358939,Week,48,1
358939,Week,50,3
358939,Week,53,7
358939,Week,69,4
358939,Week,70,5
358939,Week,71,9
358939,Week,74,1
358939,Weekend,10,1
358939,Weekend,14,2
358939,Weekend,16,4
358939,Weekend,19,3
358939,Weekend,20,7
358939,Weekend,37,242
358939,Weekend,38,222
358939,Weekend,40,17
358939,Weekend,46,6
358939,Weekend,50,1
358939,Weekend,53,1
358939,Weekend,70,1
358939,Weekend,71,2
358939,Weekend,74,1
359294,Week,10,2
359294,Week,11,2
359294,Week,14,68
359294,Week,16,24
359294,Week,17,3
359294,Week,19,18
359294,Week,20,14
359294,Week,24,1
359294,Week,31,1
359294,Week,37,315
359294,Week,38,274
359294,Week,40,24
359294,Week,42,7
359294,Week,43,1
359294,Week,46,12
359294,Week,50,2
359294,Week,69,10
359294,Week,70,6
359294,Week,71,27
359294,Week,73,1
359294,Week,74,1
359316,Week,10,1
359316,Week,11,1
359316,Week,13,17
359316,Week,14,100
359316,Week,16,1
359316,Week,17,5
359316,Week,18,1
359316,Week,19,20
359316,Week,20,6
359316,Week,21,18
359316,Week,24,1
359316,Week,31,51
359316,Week,35,10
359316,Week,37,106
359316,Week,38,78
359316,Week,40,7
359316,Week,42,84
359316,Week,46,4
359316,Week,47,104
359316,Week,48,12
359316,Week,53,12
359316,Week,64,6
359316,Week,69,194
359316,Week,70,16
359316,Week,71,22
359316,Week,74,1
359316,Week,82,1
359316,Week,84,6
359316,Weekend,13,1
359316,Weekend,14,1
359316,Weekend,18,2
359316,Weekend,19,1
359316,Weekend,31,3
359316,Weekend,37,9
359316,Weekend,38,17
359316,Weekend,40,1
359316,Weekend,46,1
359316,Weekend,47,4
359316,Weekend,48,1
359316,Weekend,69,6
359316,Weekend,71,2
359324,Week,10,5
359324,Week,13,4
359324,Week,14,99
359324,Week,17,18
359324,Week,19,20
359324,Week,20,9
359324,Week,31,59
359324,Week,35,1
359324,Week,37,111
359324,Week,38,80
359324,Week,40,11
359324,Week,42,133
359324,Week,46,5
359324,Week,47,132
359324,Week,48,9
359324,Week,50,2
359324,Week,53,11
359324,Week,69,160
359324,Week,70,2
359324,Week,71,12
359324,Week,82,1
359324,Week,84,22
359324,Weekend,14,10
359324,Weekend,17,1
359324,Weekend,19,2
359324,Weekend,31,3
359324,Weekend,37,5
359324,Weekend,38,12
359324,Weekend,40,1
359324,Weekend,42,2
359324,Weekend,46,1
359324,Weekend,47,4
359324,Weekend,50,1
359324,Weekend,69,5
359324,Weekend,70,2
359324,Weekend,71,3
359324,Weekend,84,1
359325,Week,14,52
359325,Week,16,17
359325,Week,17,1
359325,Week,18,5
359325,Week,19,3
359325,Week,20,7
359325,Week,37,295
359325,Week,38,215
359325,Week,40,17
359325,Week,46,1
359325,Week,70,14
359325,Week,71,15
359325,Week,72,1
359325,Week,74,3
359325,Weekend,10,1
359325,Weekend,14,2
359325,Weekend,19,3
359325,Weekend,20,3
359325,Weekend,37,71
359325,Weekend,38,84
359325,Weekend,40,2
359325,Weekend,46,1
359325,Weekend,70,3
359325,Weekend,71,8
359326,Week,10,18
359326,Week,11,2
359326,Week,13,1
359326,Week,14,54
359326,Week,16,18
359326,Week,17,8
359326,Week,18,9
359326,Week,19,7
359326,Week,20,15
359326,Week,31,1
359326,Week,37,307
359326,Week,38,273
359326,Week,40,27
359326,Week,42,7
359326,Week,46,3
359326,Week,48,4
359326,Week,50,13
359326,Week,53,3
359326,Week,67,1
359326,Week,69,11
359326,Week,70,20
359326,Week,71,30
359326,Week,74,1
359326,Weekend,14,1
359326,Weekend,20,2
359326,Weekend,37,77
359326,Weekend,38,80
359326,Weekend,40,2
359326,Weekend,50,3
359326,Weekend,70,3
359326,Weekend,71,13
359330,Week,11,3
359330,Week,13,1
359330,Week,14,33
359330,Week,16,1
359330,Week,17,7
359330,Week,19,9
359330,Week,31,79
359330,Week,35,7
359330,Week,37,117
359330,Week,38,114
359330,Week,40,15
359330,Week,42,160
359330,Week,46,2
359330,Week,47,47
359330,Week,48,2
359330,Week,53,8
359330,Week,69,218
359330,Week,70,2
359330,Week,71,19
359330,Week,74,3
359330,Week,82,1
359330,Week,84,16
359330,Weekend,14,1
359330,Weekend,31,3
359330,Weekend,38,5
359330,Weekend,40,2
359330,Weekend,47,5
359330,Weekend,69,1
359330,Weekend,71,3
359330,Weekend,73,1
359330,Weekend,74,6
359330,Weekend,84,1
894955,Week,9,190
894955,Week,14,7
894955,Week,17,5
894955,Week,18,45
894955,Week,19,304
894955,Week,27,1
894955,Week,40,2
894955,Week,41,1
894955,Week,46,326
894955,Week,47,77
894955,Week,48,11
894955,Week,50,1
894955,Week,53,6
894955,Week,64,21
894955,Week,74,7
894955,Weekend,9,4
894955,Weekend,14,8
894955,Weekend,16,1
894955,Weekend,17,3
894955,Weekend,19,5
894955,Weekend,46,11
894955,Weekend,48,1
894955,Weekend,53,2
894955,Weekend,64,11
894955,Weekend,70,1
894955,Weekend,74,1
895496,Week,14,3
895496,Week,17,1
895496,Week,18,1
895496,Week,19,277
895496,Week,31,1
895496,Week,37,4
895496,Week,38,3
895496,Week,40,1
895496,Week,44,1
895496,Week,46,116
895496,Week,47,811
895496,Week,48,72
895496,Week,50,1
895496,Week,70,1
895496,Week,71,1
895496,Week,98,4
895496,Weekend,47,2
897937,Week,4,1
897937,Week,13,3
897937,Week,14,98
897937,Week,16,36
897937,Week,17,13
897937,Week,19,16
897937,Week,20,141
897937,Week,21,212
897937,Week,24,63
897937,Week,37,6
897937,Week,38,6
897937,Week,40,16
897937,Week,45,17
897937,Week,46,261
897937,Week,48,4
897937,Week,50,12
897937,Week,51,11
897937,Week,53,29
897937,Week,58,3
897937,Week,60,12
897937,Week,62,5
897937,Week,64,1
897937,Week,67,1
897937,Week,68,1
897937,Week,70,4
897937,Week,71,25
897937,Week,74,3
897937,Week,98,6
897937,Weekend,14,5
897937,Weekend,16,1
897937,Weekend,19,9
897937,Weekend,20,9
897937,Weekend,21,1
897937,Weekend,24,9
897937,Weekend,37,1
897937,Weekend,40,8
897937,Weekend,42,1
897937,Weekend,45,2
897937,Weekend,46,30
897937,Weekend,50,3
897937,Weekend,53,8
897937,Weekend,60,6
897937,Weekend,62,1
897937,Weekend,64,1
897937,Weekend,70,3
897937,Weekend,71,28
897937,Weekend,74,1
901890,Week,10,45
901890,Week,11,2
901890,Week,13,3
901890,Week,14,78
901890,Week,16,126
901890,Week,17,54
901890,Week,19,447
901890,Week,20,96
901890,Week,21,2
901890,Week,27,1
901890,Week,31,4
901890,Week,37,1
901890,Week,38,41
901890,Week,40,26
901890,Week,41,2
901890,Week,45,27
901890,Week,46,71
901890,Week,48,5
901890,Week,50,21
901890,Week,51,32
901890,Week,53,1
901890,Week,57,1
901890,Week,60,1
901890,Week,61,1
901890,Week,67,1
901890,Week,70,4
901890,Week,71,13
901890,Week,74,58
901890,Week,98,49
901890,Weekend,14,1
901890,Weekend,19,2
901890,Weekend,20,1
901890,Weekend,71,1
903106,Week,4,1
903106,Week,16,2
903106,Week,17,3
903106,Week,19,49
903106,Week,20,20
903106,Week,21,5
903106,Week,31,2
903106,Week,37,2
903106,Week,38,2
903106,Week,40,5
903106,Week,45,239
903106,Week,46,1237
903106,Week,51,10
903106,Week,67,1
903106,Week,70,33
903106,Week,71,230
903106,Week,74,2
903106,Week,95,1
903106,Week,98,6
903106,Weekend,74,1
904597,Week,4,1
904597,Week,7,1
904597,Week,10,18
904597,Week,13,2
904597,Week,14,676
904597,Week,17,50
904597,Week,18,1
904597,Week,19,50
904597,Week,20,172
904597,Week,27,2
904597,Week,31,1
904597,Week,37,3
904597,Week,38,12
904597,Week,40,53
904597,Week,41,1
904597,Week,44,1
904597,Week,45,96
904597,Week,46,324
904597,Week,47,308
904597,Week,48,21
904597,Week,49,7
904597,Week,50,13
904597,Week,51,11
904597,Week,53,1
904597,Week,59,2
904597,Week,60,1
904597,Week,62,6
904597,Week,63,1
904597,Week,65,1
904597,Week,67,2
904597,Week,70,4
904597,Week,71,1
904597,Week,74,4
904597,Week,84,27
904597,Week,91,1
904597,Week,98,20
904597,Week,99,1
904597,Weekend,14,1
904597,Weekend,20,1
904597,Weekend,45,1
904597,Weekend,46,1
904597,Weekend,47,1
904597,Weekend,50,1
906258,Week,10,1
906258,Week,14,150
906258,Week,16,57
906258,Week,17,1
906258,Week,19,271
906258,Week,20,385
906258,Week,21,285
906258,Week,37,2
906258,Week,40,89
906258,Week,41,2
906258,Week,45,9
906258,Week,46,399
906258,Week,70,12
906258,Week,71,63
906258,Week,74,6
906258,Week,98,5
906258,Weekend,21,1
906258,Weekend,71,1
906659,Week,9,10
906659,Week,14,24
906659,Week,16,4
906659,Week,17,2
906659,Week,19,164
906659,Week,20,25
906659,Week,21,8
906659,Week,31,3
906659,Week,34,1
906659,Week,37,5
906659,Week,38,3
906659,Week,40,10
906659,Week,41,5
906659,Week,45,221
906659,Week,46,221
906659,Week,48,144
906659,Week,50,10
906659,Week,51,13
906659,Week,53,19
906659,Week,67,1
906659,Week,71,1
906659,Week,74,1
906659,Weekend,45,1
907041,Week,14,31
907041,Week,17,1
907041,Week,19,153
907041,Week,20,12
907041,Week,21,22
907041,Week,27,2
907041,Week,34,2
907041,Week,40,2
907041,Week,41,2
907041,Week,45,7
907041,Week,46,1462
907041,Week,70,183
907041,Week,74,1
907041,Week,99,1
907041,Weekend,14,1
907041,Weekend,19,2
907041,Weekend,27,1
907041,Weekend,46,8
907041,Weekend,70,2
911170,Week,18,126
911170,Week,19,147
911170,Week,37,1
911170,Week,46,401
911170,Weekend,46,1
915560,Week,9,1
915560,Week,14,28
915560,Week,16,3
915560,Week,17,1
915560,Week,18,6
915560,Week,19,21
915560,Week,20,2
915560,Week,27,1
915560,Week,31,1
915560,Week,34,1
915560,Week,37,2
915560,Week,38,1
915560,Week,40,5
915560,Week,41,5
915560,Week,44,2
915560,Week,46,690
915560,Week,47,419
915560,Week,49,6
915560,Week,50,5
915560,Week,77,1
915560,Week,78,1
915560,Weekend,14,4
915560,Weekend,19,4
915560,Weekend,46,8
915560,Weekend,47,10
916949,Week,4,1
916949,Week,14,5
916949,Week,18,5
916949,Week,21,2
916949,Week,27,1
916949,Week,37,2
916949,Week,38,1
916949,Week,40,1
916949,Week,41,1
916949,Week,45,1
916949,Week,46,12
916949,Week,48,5
916949,Week,50,1
916949,Week,61,1
916949,Week,64,418
916949,Week,65,1
916949,Week,69,5
916949,Week,74,108
916949,Week,84,1
916949,Weekend,64,2
920567,Week,14,10
920567,Week,16,16
920567,Week,17,60
920567,Week,19,197
920567,Week,20,20
920567,Week,21,143
920567,Week,27,4
920567,Week,31,4
920567,Week,34,1
920567,Week,37,2
920567,Week,38,18
920567,Week,40,39
920567,Week,41,1
920567,Week,42,1
920567,Week,45,939
920567,Week,46,381
920567,Week,48,1
920567,Week,50,12
920567,Week,67,9
920567,Week,70,1
920567,Week,71,12
920567,Week,74,3
920567,Week,78,2
920567,Week,90,1
920567,Week,95,1
920567,Week,98,17
920567,Weekend,17,2
920567,Weekend,19,2
920567,Weekend,20,1
920567,Weekend,21,1
921002,Week,14,38
921002,Week,17,2
921002,Week,18,15
921002,Week,19,19
921002,Week,41,1
921002,Week,46,1024
921002,Weekend,14,8
921002,Weekend,18,1
921002,Weekend,31,2
921002,Weekend,46,2
922379,Week,9,4
922379,Week,14,35
922379,Week,18,21
922379,Week,45,3
922379,Week,46,638
922379,Week,50,8
922379,Weekend,9,1
922379,Weekend,14,1
922379,Weekend,46,1
925657,Week,1,1
925657,Week,4,4
925657,Week,9,1
925657,Week,10,25
925657,Week,11,33
925657,Week,13,17
925657,Week,14,870
925657,Week,16,5
925657,Week,17,57
925657,Week,18,2
925657,Week,19,82
925657,Week,20,198
925657,Week,21,12
925657,Week,27,2
925657,Week,31,7
925657,Week,37,21
925657,Week,38,4
925657,Week,40,109
925657,Week,41,23
925657,Week,45,99
925657,Week,46,199
925657,Week,47,279
925657,Week,48,12
925657,Week,49,2
925657,Week,50,15
925657,Week,51,14
925657,Week,53,2
925657,Week,54,1
925657,Week,60,1
925657,Week,61,1
925657,Week,64,5
925657,Week,69,1
925657,Week,70,3
925657,Week,71,4
925657,Week,74,4
925657,Week,75,1
925657,Week,78,1
925657,Week,84,50
925657,Week,89,1
925657,Week,95,1
925657,Week,97,3
925657,Week,98,51
925657,Weekend,3,1
925657,Weekend,8,1
925657,Weekend,11,45
925657,Weekend,13,26
925657,Weekend,14,318
925657,Weekend,16,13
925657,Weekend,17,30
925657,Weekend,19,61
925657,Weekend,20,43
925657,Weekend,21,5
925657,Weekend,27,2
925657,Weekend,31,3
925657,Weekend,37,4
925657,Weekend,38,3
925657,Weekend,40,19
925657,Weekend,45,11
925657,Weekend,46,40
925657,Weekend,50,5
925657,Weekend,51,1
925657,Weekend,52,3
925657,Weekend,71,6
925657,Weekend,78,1
925657,Weekend,88,1
925657,Weekend,98,46
926024,Week,9,18
926024,Week,14,95
926024,Week,17,2
926024,Week,19,87
926024,Week,20,37
926024,Week,21,98
926024,Week,34,2
926024,Week,37,1
926024,Week,38,1
926024,Week,40,37
926024,Week,41,17
926024,Week,46,988
926024,Week,51,5
926024,Week,70,8
926024,Week,71,2
926024,Week,74,1
926024,Week,78,1
926024,Week,98,2
926024,Weekend,14,4
926024,Weekend,19,5
926024,Weekend,21,2
926024,Weekend,40,2
926024,Weekend,46,24
926112,Week,10,13
926112,Week,14,97
926112,Week,16,6
926112,Week,17,2
926112,Week,19,145
926112,Week,20,18
926112,Week,31,3
926112,Week,38,1
926112,Week,40,90
926112,Week,45,220
926112,Week,46,43
926112,Week,47,446
926112,Week,48,2
926112,Week,51,6
926112,Week,60,2
926112,Week,61,1
926112,Week,62,2
926112,Week,67,6
926112,Week,70,2
926112,Week,71,5
926112,Week,74,7
926112,Week,80,1
926112,Week,84,19
926112,Week,95,1
926112,Week,97,3
926112,Weekend,4,1
926112,Weekend,19,1
926112,Weekend,45,4
926112,Weekend,46,1
926112,Weekend,47,2
926560,Week,9,11
926560,Week,10,5
926560,Week,14,186
926560,Week,16,10
926560,Week,17,28
926560,Week,18,5
926560,Week,19,28
926560,Week,20,42
926560,Week,21,4
926560,Week,31,2
926560,Week,40,5
926560,Week,42,2
926560,Week,46,116
926560,Week,47,5
926560,Week,48,5
926560,Week,50,3
926560,Week,51,17
926560,Week,53,1
926560,Week,60,1
926560,Week,74,5
926560,Week,77,1
926560,Week,84,2
926560,Week,98,1
926560,Weekend,14,7
926560,Weekend,20,1
926560,Weekend,31,1
926560,Weekend,42,1
926560,Weekend,46,1
926560,Weekend,53,1
927355,Week,10,1
927355,Week,14,55
927355,Week,16,1
927355,Week,17,2
927355,Week,18,18
927355,Week,19,87
927355,Week,20,2
927355,Week,27,3
927355,Week,31,11
927355,Week,37,5
927355,Week,38,3
927355,Week,41,1
927355,Week,45,1
927355,Week,46,386
927355,Week,47,761
927355,Week,50,6
927355,Week,53,2
927355,Week,78,2
927355,Weekend,10,1
927355,Weekend,16,1
927355,Weekend,19,6
927355,Weekend,20,2
927355,Weekend,46,14
927355,Weekend,47,3
927355,Weekend,50,4
927373,Week,10,1
927373,Week,14,82
927373,Week,17,6
927373,Week,18,11
927373,Week,19,48
927373,Week,20,4
927373,Week,21,2
927373,Week,27,3
927373,Week,31,9
927373,Week,37,1
927373,Week,38,5
927373,Week,41,5
927373,Week,46,537
927373,Week,47,324
927373,Week,48,3
927373,Week,51,8
927373,Week,52,2
927373,Week,62,1
927373,Week,70,1
927373,Week,71,1
927373,Week,97,1
927373,Weekend,14,7
927373,Weekend,19,8
927373,Weekend,31,1
927373,Weekend,46,2
927373,Weekend,47,2
927373,Weekend,71,4
927373,Weekend,97,1
927487,Week,9,192
927487,Week,14,2
927487,Week,17,1
927487,Week,18,63
927487,Week,19,107
927487,Week,21,2
927487,Week,37,1
927487,Week,41,2
927487,Week,46,47
927487,Week,47,64
927487,Week,48,7
927487,Week,64,196
927487,Week,69,1
927487,Week,74,2
927487,Week,81,1
927487,Weekend,9,3
927487,Weekend,19,5
927487,Weekend,37,1
927487,Weekend,40,1
927487,Weekend,47,4
927487,Weekend,64,40
927636,Week,14,128
927636,Week,17,1
927636,Week,19,182
927636,Week,20,225
927636,Week,21,2
927636,Week,31,1
927636,Week,37,5
927636,Week,40,3
927636,Week,41,3
927636,Week,46,882
927636,Week,48,134
927636,Week,50,2
927636,Week,51,4
927636,Week,53,29
927636,Week,67,1
927636,Week,70,1
927636,Week,74,3
927636,Week,83,1
927636,Week,98,2
927636,Weekend,19,1
927636,Weekend,46,3
927706,Week,14,29
927706,Week,17,4
927706,Week,18,6
927706,Week,19,15
927706,Week,20,2
927706,Week,27,4
927706,Week,31,5
927706,Week,34,1
927706,Week,37,4
927706,Week,38,2
927706,Week,40,1
927706,Week,41,2
927706,Week,42,1
927706,Week,46,4
927706,Week,47,540
927706,Week,49,2
927706,Week,53,6
927706,Week,60,1
927706,Week,68,1
927706,Weekend,14,4
927706,Weekend,16,3
927706,Weekend,19,3
927706,Weekend,31,1
927706,Weekend,40,1
927706,Weekend,47,4
927706,Weekend,64,2
929025,Week,10,2
929025,Week,14,76
929025,Week,17,1
929025,Week,18,5
929025,Week,19,26
929025,Week,20,315
929025,Week,21,1
929025,Week,31,1
929025,Week,37,5
929025,Week,40,3
929025,Week,41,1
929025,Week,46,233
929025,Week,48,2
929025,Week,53,1
929025,Week,67,2
929025,Week,70,1
929025,Week,71,2
929025,Week,79,2
929025,Weekend,14,1
929025,Weekend,19,1
929025,Weekend,46,5
929923,Week,10,16
929923,Week,11,23
929923,Week,13,13
929923,Week,14,471
929923,Week,16,4
929923,Week,17,52
929923,Week,18,1
929923,Week,19,47
929923,Week,20,218
929923,Week,21,24
929923,Week,27,1
929923,Week,31,9
929923,Week,34,5
929923,Week,37,31
929923,Week,38,7
929923,Week,40,76
929923,Week,41,8
929923,Week,43,1
929923,Week,45,18
929923,Week,46,171
929923,Week,47,211
929923,Week,48,13
929923,Week,49,2
929923,Week,50,6
929923,Week,51,14
929923,Week,59,1
929923,Week,70,1
929923,Week,71,4
929923,Week,74,3
929923,Week,78,3
929923,Week,84,27
929923,Week,98,32
929923,Weekend,14,3
929923,Weekend,19,1
929923,Weekend,46,2
932402,Week,14,12
932402,Week,18,7
932402,Week,19,111
932402,Week,20,797
932402,Week,21,7
932402,Week,31,3
932402,Week,37,38
932402,Week,38,1
932402,Week,46,1421
932402,Week,70,1
932402,Week,71,2
932402,Week,74,2
932402,Weekend,19,1
932402,Weekend,20,2
932402,Weekend,46,25
932845,Week,5,1
932845,Week,14,11
932845,Week,16,4
932845,Week,19,89
932845,Week,20,819
932845,Week,21,4
932845,Week,34,1
932845,Week,37,40
932845,Week,40,2
932845,Week,41,13
932845,Week,45,1
932845,Week,46,1138
932845,Week,50,1
932845,Week,51,1
932845,Week,74,7
932845,Week,98,3
932845,Weekend,19,1
932845,Weekend,20,2
934615,Week,14,24
934615,Week,15,5
934615,Week,17,6
934615,Week,18,1
934615,Week,19,70
934615,Week,20,15
934615,Week,21,1
934615,Week,27,3
934615,Week,34,1
934615,Week,38,2
934615,Week,40,2
934615,Week,41,3
934615,Week,42,3
934615,Week,44,1
934615,Week,45,559
934615,Week,46,13
934615,Week,47,456
934615,Week,48,77
934615,Week,50,2
934615,Week,70,1
934615,Week,74,2
934615,Week,84,15
934615,Week,95,1
934615,Week,98,3
934615,Weekend,14,1
934615,Weekend,15,2
934615,Weekend,17,1
934615,Weekend,18,2
934615,Weekend,19,53
934615,Weekend,20,7
934615,Weekend,27,2
934615,Weekend,40,3
934615,Weekend,41,1
934615,Weekend,45,132
934615,Weekend,46,5
934615,Weekend,47,109
934615,Weekend,48,16
934615,Weekend,74,1
934615,Weekend,84,6
936299,Week,14,29
936299,Week,16,6
936299,Week,17,4
936299,Week,18,92
936299,Week,19,123
936299,Week,20,34
936299,Week,21,36
936299,Week,31,7
936299,Week,37,5
936299,Week,38,8
936299,Week,40,73
936299,Week,45,19
936299,Week,46,684
936299,Week,50,111
936299,Week,51,32
936299,Week,53,1
936299,Week,67,36
936299,Week,70,10
936299,Week,71,53
936299,Week,74,1
936299,Weekend,14,4
936299,Weekend,17,2
936299,Weekend,19,25
936299,Weekend,20,6
936299,Weekend,21,23
936299,Weekend,27,1
936299,Weekend,31,3
936299,Weekend,37,3
936299,Weekend,38,4
936299,Weekend,40,30
936299,Weekend,45,1
936299,Weekend,46,77
936299,Weekend,50,23
936299,Weekend,51,11
936299,Weekend,67,10
936299,Weekend,70,6
936299,Weekend,71,31
938339,Week,9,26
938339,Week,14,80
938339,Week,17,2
938339,Week,19,17
938339,Week,20,45
938339,Week,21,110
938339,Week,40,35
938339,Week,41,2
938339,Week,45,2
938339,Week,46,44
938339,Week,48,1
938339,Week,51,5
938339,Week,53,4
938339,Week,67,7
938339,Week,70,8
938339,Week,71,29
938339,Week,73,9
938339,Week,74,2
938339,Week,85,4
938339,Week,98,1
938339,Weekend,14,61
938339,Weekend,17,5
938339,Weekend,19,55
938339,Weekend,20,36
938339,Weekend,21,1
938339,Weekend,40,58
938339,Weekend,41,1
938339,Weekend,45,2
938339,Weekend,46,32
938339,Weekend,51,2
938339,Weekend,53,1
938339,Weekend,67,8
938339,Weekend,71,4
938339,Weekend,73,6
938339,Weekend,74,5
938339,Weekend,85,9
939874,Week,4,5
939874,Week,8,1
939874,Week,9,458
939874,Week,14,40
939874,Week,17,5
939874,Week,19,90
939874,Week,20,19
939874,Week,21,92
939874,Week,27,1
939874,Week,31,15
939874,Week,34,7
939874,Week,37,6
939874,Week,38,28
939874,Week,40,81
939874,Week,41,1
939874,Week,46,86
939874,Week,48,7
939874,Week,51,2
939874,Week,60,3
939874,Week,62,5
939874,Week,67,2
939874,Week,70,3
939874,Week,71,1
939874,Week,74,3
939874,Week,78,1
939874,Week,83,2
939874,Week,85,1
939874,Weekend,9,1
939874,Weekend,14,1
939874,Weekend,19,3
939874,Weekend,20,1
939874,Weekend,46,2
939874,Weekend,50,1
939874,Weekend,71,2
940460,Week,9,15
940460,Week,19,163
940460,Week,20,1
940460,Week,40,1
940460,Week,41,3
940460,Week,46,529
940460,Weekend,19,3
940460,Weekend,46,4
940864,Week,14,2
940864,Week,17,2
940864,Week,18,3
940864,Week,19,158
940864,Week,20,6
940864,Week,21,3
940864,Week,27,3
940864,Week,31,1
940864,Week,34,1
940864,Week,37,2
940864,Week,38,1
940864,Week,40,2
940864,Week,45,13
940864,Week,46,981
940864,Week,50,1
940864,Week,98,1
942819,Week,14,22
942819,Week,16,21
942819,Week,17,52
942819,Week,19,122
942819,Week,20,84
942819,Week,21,228
942819,Week,27,3
942819,Week,31,11
942819,Week,34,2
942819,Week,37,7
942819,Week,38,6
942819,Week,40,201
942819,Week,45,512
942819,Week,46,260
942819,Week,48,4
942819,Week,50,6
942819,Week,51,1
942819,Week,62,4
942819,Week,67,82
942819,Week,70,8
942819,Week,71,4
942819,Week,74,1
942819,Week,95,20
942819,Week,98,12
942819,Weekend,21,2
942819,Weekend,40,1
942819,Weekend,45,2
942819,Weekend,67,2
945266,Week,14,2
945266,Week,16,2
945266,Week,17,2
945266,Week,18,2
945266,Week,19,257
945266,Week,20,17
945266,Week,21,9
945266,Week,24,2
945266,Week,27,22
945266,Week,31,8
945266,Week,37,2
945266,Week,40,3
945266,Week,45,12
945266,Week,46,1070
945266,Week,50,2
945266,Week,51,3
945266,Week,53,2
945266,Week,74,3
945266,Week,98,2
945266,Weekend,19,1
945266,Weekend,46,5
945266,Weekend,98,1
